word,entropy,log_freq,rounds
aahed,4.466812028818372,0.0,5
aalii,3.996010524649639,0.0,5
aapas,4.119909545579999,0.0,5
aargh,4.195019947710286,1.83,4
aarti,4.846229638330389,2.23,3
abaca,3.194676888412793,1.77,4
abaci,3.935988820009257,1.19,4
aback,3.555814692332953,2.99,4
abacs,4.356641769762919,0.0,4
abaft,3.673631003787177,1.8,4
abaht,3.8645599973556712,0.0,4
abaka,3.109371066301557,0.0,5
abamp,3.657569058586272,0.0,5
aband,4.039668629544368,1.2,4
abase,4.714537569386696,1.56,4
abash,4.097997496215755,1.02,4
abask,4.037802589630706,0.0,4
abate,4.551367489276094,2.68,4
abaya,3.165839509218066,2.24,5
abbas,3.774875984939469,3.41,5
abbed,4.014644987865914,0.0,3
abbes,4.612611154925812,1.21,3
abbey,3.995215523731749,3.88,3
abbot,3.872730084155766,3.43,4
abcee,4.3466965893892064,0.0,4
abeam,4.148026042146671,1.75,4
abear,4.516996320095072,0.0,4
abeat,4.409966958426806,0.0,4
abeer,4.623331919468174,1.66,4
abele,4.516789477811829,1.77,3
abeng,4.463615618591355,0.0,4
abers,5.41046310112651,1.09,4
abets,5.304339751289604,1.62,3
abeys,4.968792721419464,0.0,4
abhor,4.470682345583811,2.64,4
abide,4.878926695698251,3.59,4
abies,5.525165599942088,2.23,3
abius,4.992049291601132,0.0,4
abjad,3.264591776042256,0.0,5
abjud,3.5594408904189883,0.0,4
abled,4.872841576591552,2.29,3
abler,5.098994555612888,1.29,4
ables,5.470713521027205,1.73,3
ablet,5.04346807674252,0.0,3
ablow,4.183639307347157,1.56,5
abmho,4.114785742072485,0.0,4
abnet,5.01764885311289,0.0,3
abode,4.860650303976566,3.13,4
abohm,4.147690590889057,0.0,4
aboil,4.772516840924247,0.0,3
aboma,3.987001290549388,0.0,4
aboon,4.064286026080631,0.0,4
abord,4.72839238824429,1.5,4
abore,5.167244443514891,0.0,3
aborn,4.80499932528806,1.07,4
abort,4.859575702386502,3.27,4
about,4.565318280026676,6.4,4
above,4.410290046852502,5.2,4
abram,4.095835097453024,2.9,4
abray,4.180059823234785,0.0,4
abrim,4.634501003337222,0.0,4
abrin,4.839896963793452,1.12,4
abris,5.319924636748191,0.0,3
absey,5.009106910830349,0.0,4
absit,4.934260510394618,0.0,4
abuna,3.980819874007231,1.11,4
abune,4.812091444574548,1.18,4
abura,4.121880832414131,0.0,3
aburn,4.573355568507061,0.0,4
abuse,5.0202209364498085,4.66,4
abuts,4.949692030868254,2.27,3
abuzz,2.852490398117381,2.3,4
abyes,5.148655406358015,0.0,4
abysm,4.295251502535346,0.0,4
abyss,4.165220854636199,3.4,4
acais,4.814688564506609,0.0,4
acara,3.677756398180122,1.84,4
acari,4.420649405984424,1.79,4
accas,3.894895728689488,0.0,5
accha,3.0796279997605995,1.18,4
accoy,3.826278179727289,0.0,4
accra,3.546251645880374,3.04,4
acedy,4.609293968487325,0.0,4
acene,4.592778691334456,0.0,4
acerb,4.699948982366347,0.0,4
acers,5.505050204963988,1.46,4
aceta,4.485374667858424,0.0,4
achar,4.038091460542992,1.49,4
ached,4.587809348544436,2.41,4
acher,4.841163512410146,1.62,4
aches,5.168476126571617,3.28,3
achey,4.570765745733701,1.57,4
achoo,3.807731213538672,1.7,4
acids,5.0716317904611286,3.85,4
acidy,4.473384160406007,0.0,4
acies,5.620779560255649,0.0,3
acing,4.411031622003099,2.02,4
acini,4.049559929617337,1.12,4
ackee,4.322306540151625,1.6,4
acker,4.820755758180149,2.48,4
acmes,5.32186835226855,0.0,3
acmic,3.7382807261915545,0.0,3
acned,4.951372316603489,0.0,3
acnes,5.529589990134792,1.66,4
acock,3.6547494119970776,1.08,4
acoel,5.183621316802529,0.0,4
acold,4.728298824194729,0.0,3
acone,5.131454628265922,0.0,4
acorn,4.914964212315302,3.08,4
acral,4.408328829928965,1.41,5
acred,5.136288300109718,0.0,3
acres,5.711395576624166,4.17,3
acrid,4.879719303048852,2.37,3
acron,4.942368900264895,1.31,4
acros,5.412054179563181,1.64,4
acryl,4.570504416765045,1.24,4
actas,4.685377425822998,1.66,3
acted,4.927282665660301,4.28,3
actin,4.764818884808334,3.14,3
acton,4.752248232716552,2.97,4
actor,4.921920226339648,4.65,4
actus,4.986705109054901,1.97,3
acute,4.959792909973189,4.0,4
acyls,4.8777026678980455,0.0,4
adage,4.341083321458718,2.95,4
adapt,4.099192203458475,3.98,4
adats,4.772565495503714,1.05,6
adawn,3.775202019392734,0.0,4
adaws,4.243321710062791,0.0,4
adays,4.460546848826107,1.61,4
adbot,4.496772857136033,0.0,3
addas,3.970768205136285,0.0,4
addax,2.7658925783493937,1.33,4
added,3.5381331638280664,5.16,4
adder,4.449898141254643,2.69,3
addin,4.036829754002605,1.62,4
addio,4.089251581549418,1.6,4
addle,4.350343029664578,1.69,3
addra,3.610822891477167,0.0,4
adead,3.818772041248101,0.0,4
adeem,4.421894496962975,0.0,3
adept,4.77321288427399,3.33,4
adhan,3.925911908824459,1.68,4
adhoc,4.190216057403139,1.92,4
adieu,4.969656336803133,2.83,3
adios,5.3552061031982685,2.68,4
adits,5.307236992852419,1.4,4
adlib,4.495233471087853,1.76,4
adman,4.058789063626079,1.51,4
admen,4.894921526488606,1.11,3
admin,4.597966272683779,3.92,4
admit,4.637783263574074,4.58,4
admix,3.876843650705762,0.0,4
adnex,4.3860758920777805,0.0,4
adobe,4.826587873052527,3.53,4
adobo,3.870017045324357,2.14,4
adoon,4.218152524205152,0.0,4
adopt,4.642489185482925,4.19,4
adorb,4.611842278161536,0.0,4
adore,5.310267329068727,3.7,3
adorn,4.957505604128701,3.01,5
adown,4.306893114245289,1.59,4
adoze,4.457269050771087,0.0,4
adrad,3.784227995460045,0.0,3
adraw,3.973812714467991,0.0,4
adred,4.5792952455160805,0.0,3
adret,5.334000740503245,0.0,3
adrip,4.770773869848112,0.0,4
adsum,4.5685905776212286,0.0,4
aduki,4.2877440471447645,0.0,5
adult,4.652153746448659,4.8,4
adunc,4.329138485391371,0.0,4
adust,4.843764185838023,0.0,4
advew,4.000933350021979,0.0,4
advts,4.582283484781422,0.0,5
adyta,4.015096962943549,0.0,3
adyts,4.91152763403863,0.0,4
adzed,3.669109120486429,0.0,4
adzes,4.843331638434782,1.46,5
aecia,4.671614147526413,0.0,4
aedes,5.226873840470425,2.47,4
aeger,4.75405725866702,0.0,4
aegis,5.53051091116852,3.06,4
aeons,5.843103171761869,2.24,4
aerie,5.221525355436904,2.17,3
aeros,6.0034604932341855,1.63,2
aesir,5.759303449647128,1.77,3
aevum,4.314724262865235,0.0,4
afald,3.9286851919771726,0.0,5
afanc,3.7139700273234912,0.0,4
afara,3.420050985304235,0.0,5
afars,4.588927151118607,1.04,5
afear,4.3664436908696205,0.0,4
affix,2.916256823087243,2.63,4
affly,3.428339590276225,0.0,5
afion,4.5781412906942585,0.0,4
afire,5.038722898575023,2.46,4
afizz,2.9297091908901245,0.0,5
aflaj,3.2643965844964877,0.0,4
aflap,3.767956065565355,0.0,4
aflow,4.035896096435754,0.0,4
afoam,3.8650728982543567,0.0,4
afoot,3.9655976508731623,2.89,4
afore,5.015197752670895,2.42,4
afoul,4.395526912616476,2.63,4
afret,5.059597569392999,0.0,3
afrit,4.753630221302032,0.0,4
afros,5.166638348986555,1.79,4
after,4.932184108500291,6.11,3
aftos,4.973834872452235,0.0,4
again,4.249928556041256,5.7,4
agals,4.645184741486749,0.0,3
agama,3.22045790843752,1.98,4
agami,3.9651724815000806,1.1,5
agamy,3.7860432416758494,0.0,5
agape,4.305712166258376,2.65,5
agars,4.74024936033744,0.0,4
agasp,4.135074230805217,0.0,3
agast,4.393251049419667,0.0,4
agate,4.550465040308257,2.81,4
agaty,4.033674199229821,0.0,4
agave,3.905057887174308,2.74,5
agaze,3.805884097341196,0.0,5
agbas,4.25886464257337,0.0,5
agene,4.488820011216611,0.0,4
agent,4.851057778727824,4.81,4
agers,5.412990596734978,2.21,4
aggag,2.454136257428648,0.0,5
agger,4.273753591391902,2.29,4
aggie,4.228273071543447,2.85,4
aggri,3.9219241306419863,0.0,3
aggro,3.961744657037433,2.46,4
aggry,3.735438489783753,0.0,4
aghas,4.257870260829892,0.0,5
agidi,3.805082029735584,0.0,5
agila,4.251196264590172,1.33,4
agile,5.0838684426453336,3.41,4
aging,3.8361230153023103,4.04,4
agios,5.213745058756392,1.99,4
agism,4.680794681135112,0.0,4
agist,4.92801525665548,0.0,4
agita,4.249305437455614,1.39,4
aglee,4.634077932932614,0.0,4
aglet,5.042668755515376,1.32,3
agley,4.86269024560074,0.0,4
agloo,4.091705448769486,0.0,4
aglow,4.191788881928391,2.21,4
aglus,4.935879188608688,0.0,4
agmas,4.393418691159126,0.0,4
agoge,4.224197365694701,1.07,4
agogo,3.2643465759849697,1.39,5
agone,5.026652024053256,1.56,4
agons,5.14757619750559,0.0,4
agony,4.545782387559293,3.6,4
agood,3.990929464902501,1.69,4
agora,4.355197427592726,2.72,4
agree,4.7914743022587984,4.97,3
agria,4.407009962567577,1.14,4
agrin,4.846553098226428,1.14,3
agros,5.322366837746611,1.22,4
agrum,4.391373329154129,0.0,4
agued,4.7107910201975605,0.0,4
agues,5.306042022101472,0.0,4
aguey,4.68600310592165,0.0,4
aguna,3.988103709472347,0.0,4
agush,4.41566039773786,0.0,4
aguti,4.502465118922055,0.0,4
ahead,4.384501986608036,5.01,3
aheap,4.252048927345115,0.0,4
ahent,4.961682571949,0.0,4
ahigh,3.675056828319776,1.06,5
ahind,4.678227530271676,0.0,4
ahing,4.420700556017184,0.0,5
ahint,4.808132656242094,0.0,3
ahold,4.732506017331635,2.86,4
ahole,5.169519486029874,1.62,4
ahull,3.893086377661648,0.0,5
ahuru,3.8700473620628175,0.0,5
aidas,4.957462686542615,0.0,4
aided,4.555821213961886,3.74,4
aider,5.415081101251956,1.94,3
aides,5.747388100469568,3.41,3
aidoi,4.266022696340054,0.0,4
aidos,5.451956736455433,0.0,4
aiery,5.298375435038127,0.0,4
aigas,4.796313962596948,0.0,4
aight,4.485831596567564,2.64,4
ailed,5.380238965824406,1.64,3
aimag,4.127040968204233,0.0,4
aimak,4.132426678888646,0.0,3
aimed,5.140969932827553,4.25,3
aimer,5.390062096099725,2.06,3
ainee,5.08653432104122,0.0,3
ainga,4.309966330967082,0.0,4
aioli,4.492203597881829,2.31,4
aired,5.531973953625935,3.85,3
airer,4.979236950226161,1.01,3
airns,5.732554909296115,0.0,4
airth,5.059082381113449,1.36,3
airts,5.7773928851047325,0.0,2
aisle,5.718470468995712,3.72,3
aitch,4.561319919850624,1.64,4
aitus,5.402763665059682,0.0,3
aiver,4.978349381099175,0.0,4
aixes,5.159393870295238,0.0,4
aiyah,4.146920819258707,1.05,4
aiyee,4.793928806290832,0.0,3
aiyoh,4.633426395978894,0.0,4
aiyoo,4.2643990203178666,0.0,4
aizle,4.787469227989119,0.0,4
ajies,5.153145498879748,0.0,3
ajiva,3.228348292217204,0.0,4
ajuga,3.288590251205054,1.15,5
ajupa,3.392294168317169,0.0,4
ajwan,3.2465789535965395,0.0,4
akara,3.572199007659872,1.5,4
akees,4.951093590193529,0.0,4
akela,4.374985101378488,1.86,4
akene,4.489622991335569,0.0,5
aking,4.308774736056488,1.95,5
akita,4.246052406640012,2.49,3
akkas,3.761902578891072,0.0,5
akker,4.241907660333478,1.34,4
akoia,4.2787594071629576,0.0,4
akoja,3.443702803974124,0.0,4
akoya,3.941277690313041,1.61,4
aksed,5.043473486543016,1.02,2
akses,4.8453177256810696,0.0,4
alaap,3.612414127067773,0.0,5
alack,3.95347596215252,1.78,4
alala,3.1352486122537453,1.19,5
alamo,4.388961226214053,3.08,4
aland,4.422911582856028,2.02,4
alane,4.895729298052487,1.41,4
alang,4.167991749853669,1.79,4
alans,4.98154726339395,2.14,4
alant,4.544111316446251,0.0,3
alapa,3.624072009538028,0.0,5
alaps,4.793472054959164,0.0,4
alarm,4.418132031018356,4.28,4
alary,4.505717826382663,1.42,5
alata,3.868329077425431,1.66,3
alate,4.9470409115140965,1.19,5
alays,4.710443674418862,0.0,4
albas,4.662281264330373,1.18,4
albee,4.666762358150379,2.46,3
albid,4.647046742636244,0.0,4
album,4.260737674182315,5.02,5
alcea,4.663419777239822,0.0,4
alces,5.595078960266275,1.45,3
alcid,4.740958808621497,0.0,3
alcos,5.290649443855044,0.0,4
aldea,4.732385207394654,1.75,3
alder,5.289166394021944,2.97,3
aldol,4.217754129701922,1.7,4
aleak,4.447046841918428,0.0,4
aleck,4.637785443680058,2.17,4
alecs,5.44258833348976,1.15,4
aleem,4.69422118198305,1.93,4
alefs,5.185508434251931,0.0,4
aleft,4.756511614479424,0.0,4
aleph,4.746963638355982,2.39,4
alert,5.3685417325278335,4.33,3
alews,5.1739844456668935,0.0,4
aleye,4.614688303471764,0.0,3
alfas,4.490641714599623,1.31,4
algae,4.585991211525746,3.54,4
algal,3.509458900905789,2.69,4
algas,4.669552896831258,0.0,4
algid,4.657032068724094,0.0,4
algin,4.7229774743663215,0.0,4
algor,4.868838169954394,1.12,4
algos,5.207812847028814,1.71,4
algum,4.26966264159868,0.0,4
alias,5.118253250071018,3.46,4
alibi,4.0117092553389,3.1,4
alick,4.495981698520109,1.87,4
alien,5.462753308870393,4.29,3
alifs,5.045759850113937,0.0,4
align,4.741651948714886,3.63,4
alike,5.119776429816738,4.13,4
alims,5.329432571887018,0.0,4
aline,5.425508791428194,2.58,4
alios,5.616001265675467,1.2,4
alist,5.328699902481481,1.52,3
alive,4.839163378798348,4.76,4
aliya,4.336053399896932,2.23,4
alkie,5.091814213530103,0.0,4
alkin,4.699206544540475,0.0,4
alkos,5.183107630653336,0.0,5
alkyd,4.233070202665392,1.77,5
alkyl,3.646529947655852,2.81,4
allan,3.8346659662227776,3.8,4
allay,3.711220882172957,2.69,4
allee,4.32179043637253,2.09,4
allel,3.8978662635731247,0.0,4
allen,4.683539656148338,4.38,3
aller,4.782761988109212,2.3,3
alley,4.546438034600776,3.87,4
allin,4.373457005325701,2.49,3
allis,4.865403576582673,2.45,4
allod,4.293317694731391,0.0,4
allot,4.421455512900169,2.79,4
allow,3.879483178964612,5.01,4
alloy,4.241155901120831,3.61,5
allus,4.625702835388933,0.0,4
allyl,3.202363257074566,2.09,4
almah,4.073032060250784,1.15,4
almas,4.801876375937226,2.04,3
almeh,4.914806556172933,0.0,4
almes,5.644340013837185,0.0,3
almud,4.534033493068897,0.0,5
almug,4.29427634380123,0.0,5
alods,5.386128293075597,0.0,4
aloed,5.319825310107961,0.0,3
aloes,5.912502432500696,1.9,3
aloft,4.611776782940789,3.08,4
aloha,4.299143377383557,3.09,4
aloin,5.129496745852788,0.0,3
alone,5.409741251966327,5.16,4
along,4.715738857591969,5.38,4
aloof,3.9749060483068903,2.99,4
aloos,4.939648102189227,0.0,4
alose,5.62330856829013,0.0,3
aloud,4.836779703564594,3.51,4
alowe,4.904840563526725,0.0,4
alpha,3.9687689323395214,4.25,5
altar,4.653340545181561,3.8,4
alter,5.458732331734796,4.05,3
altho,4.726690450626543,2.65,4
altos,5.533033667993287,2.54,4
alula,3.688754079609029,1.43,5
alums,5.104794588148014,2.42,3
alumy,4.4867216598767685,0.0,4
alure,5.332785040614664,0.0,5
alurk,4.6329069447693625,0.0,5
alvar,4.067347857799182,2.01,4
alway,3.9004374804112505,2.59,4
amahs,4.434632605202477,0.0,4
amain,4.375644880589629,1.37,4
amari,4.441798440605107,2.56,4
amaro,4.477858316839842,2.4,4
amass,4.152004517096447,2.77,3
amate,4.682439220840799,1.42,4
amaut,4.174667349237084,0.0,5
amaze,3.9373287737891633,3.19,4
amban,3.906857043737483,0.0,4
amber,4.87879544134805,3.97,4
ambit,4.491804109188669,2.45,4
amble,4.771535701906679,2.3,4
ambos,4.918631609307895,1.9,4
ambry,4.340124844325514,1.13,4
ameba,4.124150394226823,1.58,4
ameer,4.75603480512306,2.48,4
amend,4.836733754923988,3.55,3
amene,4.616856906744895,0.0,4
amens,5.404103817143204,1.33,3
ament,4.975271773449613,1.79,4
amias,4.847855754647984,1.15,4
amice,4.940994797179943,1.5,4
amici,3.846918322126782,2.25,4
amide,5.01237114308973,2.44,4
amido,4.696382950674977,1.77,3
amids,5.11003535778575,0.0,4
amies,5.662516583576734,1.75,3
amiga,4.028164667320586,2.73,4
amigo,4.535224196017053,2.86,4
amine,5.164595342268303,2.79,4
amino,4.835151930077047,3.72,4
amins,5.255537268365143,0.0,4
amirs,5.407752115723199,1.58,4
amiss,4.686689266007063,2.93,4
amity,4.685060982473179,2.89,4
amlas,4.762901342478096,0.0,3
amman,3.468558677467092,3.08,4
ammas,3.95007629395445,0.0,4
ammon,3.9975781270746142,2.46,4
ammos,4.487493520638793,1.55,4
amnia,4.35261319556469,0.0,4
amnic,4.5225431481373946,0.0,4
amnio,4.851978532655356,1.49,3
amoks,4.950607049137364,0.0,4
amole,5.192042838732194,1.19,4
among,4.459211000087094,5.31,4
amore,5.299654508329487,2.91,4
amort,4.989281373453222,0.0,4
amour,4.820558647906552,3.03,4
amove,4.544879892533589,0.0,4
amowt,4.326474583611289,0.0,4
amped,4.730896852511908,2.8,4
ample,4.882088437731292,3.71,4
amply,4.343705944794667,2.61,4
ampul,4.341071715792999,0.0,5
amrit,5.029301739336448,2.17,3
amuck,4.000332907651303,2.05,4
amuse,5.1548859795336535,3.12,4
amyls,4.918877305987183,0.0,3
anana,3.052750121053545,1.75,5
anata,3.798999987444602,2.05,3
ancho,4.383527516952295,1.81,3
ancle,5.042605784690589,0.0,4
ancon,4.033765321905787,1.72,3
andic,4.536308102764356,0.0,4
andro,4.919342211842214,2.22,4
anear,4.832921491142674,0.0,5
anele,4.831950127348025,1.49,3
anent,4.479034554500236,2.22,4
angas,4.583557319992694,1.9,4
angel,4.968025164831695,4.45,3
anger,5.070678334666566,4.42,3
angle,4.959739023973447,4.38,4
anglo,4.649782449974185,3.81,4
angry,4.529731746745847,4.66,4
angst,4.788467741483017,3.26,4
anigh,4.415746252903183,0.0,4
anile,5.39299509251545,1.09,4
anils,5.481588608082747,0.0,4
anima,4.3127169934341225,2.76,4
anime,5.152127711284776,4.26,4
animi,4.057467092745184,1.27,5
anion,4.363809559514331,2.7,4
anise,5.56258285756154,2.65,4
anker,5.029561827400206,2.54,4
ankhs,4.676793047876102,0.0,4
ankle,4.923486312528223,3.97,4
ankus,4.859235419446917,0.0,4
anlas,4.936710170984616,0.0,4
annal,3.753908344321796,1.64,4
annan,2.9697475999996925,2.88,4
annas,4.228005453104493,2.19,4
annat,3.801687946225664,0.0,4
annex,3.86689520434177,3.5,4
annoy,4.142972630549991,3.46,4
annul,4.060625722106391,2.49,4
annum,3.8218125816117303,3.23,5
annus,4.526083055145274,2.11,4
anoas,5.032085383774729,0.0,3
anode,5.185425359643238,2.86,4
anole,5.368844973563531,1.55,4
anomy,4.644969229922829,0.0,4
ansae,5.044802963384403,0.0,4
ansas,4.336709408661673,0.0,4
antae,4.835448867191872,0.0,4
antar,4.592347055473559,2.17,4
antas,4.913700691682018,0.0,4
anted,5.146383262728898,1.53,3
antes,5.743958341659935,2.15,2
antic,4.704575152465757,2.33,4
antis,5.456186364832818,2.27,4
antra,4.542488276704895,1.19,4
antre,5.397009721115704,0.0,3
antsy,4.929347208944875,2.52,4
anura,4.43161913936328,1.56,4
anvil,4.39993198561475,3.04,3
anyon,4.028470980146338,1.67,4
aorta,4.889450409945664,2.92,3
apace,4.417288485235583,2.46,5
apage,4.338852960383528,0.0,4
apaid,4.300229274277671,0.0,4
apart,4.451646052608178,4.78,4
apayd,3.9132105744836254,0.0,4
apays,4.445677829054969,0.0,5
apeak,4.185016063001258,0.0,4
apeek,4.315844678496507,0.0,4
apers,5.544173630401656,0.0,3
apert,5.136131921976103,1.26,3
apery,4.9425531745236055,0.0,4
apgar,4.09349388751355,2.04,4
aphid,4.365997967258102,2.39,4
aphis,4.924714681349235,2.21,4
apian,4.382137174773718,1.25,4
aping,4.447231705647871,2.09,6
apiol,4.9045126696130215,0.0,4
apish,4.76947649769701,1.13,3
apism,4.810769293206343,0.0,4
apnea,4.651532824358752,3.0,4
apode,5.00119243954659,0.0,4
apods,5.117948488144801,0.0,4
apols,5.314992192542866,0.0,4
apoop,3.4192709532198444,0.0,5
aport,5.003176595180875,1.16,4
appal,3.479060812695558,1.63,5
appam,3.247022221150917,1.28,4
appay,3.329987385264651,0.0,4
appel,4.334426517568274,2.53,4
apple,4.327908342250781,4.76,4
apply,3.787025616364428,4.81,4
appro,4.121555582895909,1.86,4
appts,4.388661407907168,1.83,4
appui,3.790361705112162,1.19,5
appuy,3.622242341912698,0.0,4
apres,5.754606934534127,2.07,3
apron,4.973600446912015,3.36,3
apses,4.983740643637509,1.53,5
apsis,4.686531677983658,1.05,5
apsos,4.6751977242751455,0.0,4
apted,4.961088617567388,1.55,4
apter,5.226197062623157,1.79,3
aptly,4.576022587191935,3.12,4
aquae,3.891467980894096,1.68,5
aquas,4.014867670775719,1.5,4
araba,3.63730735550925,1.72,3
araks,4.812261386928801,0.0,5
arame,4.831976251634683,0.0,5
arars,4.466534451157027,0.0,5
arbah,4.083675609918166,0.0,3
arbas,4.809173028143647,0.0,3
arbor,4.243108522778025,3.49,3
arced,5.1435553693771,1.91,4
archi,4.5744178491106,2.1,4
arcos,5.430648487371323,2.07,4
arcus,5.198295317152259,1.87,4
ardeb,4.988214400936483,0.0,4
ardor,4.414460480481012,2.34,4
ardri,4.327650508425604,0.0,4
aread,4.819950525735785,0.0,4
areae,4.590565633566336,0.0,5
areal,4.902085507337441,2.39,5
arear,4.274424043681812,0.0,5
areas,5.374681217375258,5.15,4
areca,4.656122784180563,1.93,3
aredd,4.489787257551254,0.0,4
arede,4.86256790682869,0.0,4
arefy,4.715123978216035,0.0,5
areic,5.176402240894346,0.0,4
arena,4.880114103077668,4.33,4
arene,5.01671383138312,1.66,4
arepa,4.679569563338595,1.53,5
arere,4.349909759152411,0.0,4
arete,5.067092121735404,1.92,3
arets,5.8470356696807695,0.0,2
arett,4.736971123552564,0.0,4
argal,4.327827686578225,1.1,4
argan,4.336166932976309,2.41,4
argil,4.883734417570417,0.0,4
argle,5.177937628486991,0.0,5
argol,4.872357911917507,1.01,4
argon,4.861914125689365,2.86,4
argot,4.920235017574724,1.94,4
argue,5.012353662753526,4.46,5
argus,5.116471168550802,3.05,4
arhat,4.383689704451688,1.54,3
arias,5.251357743891203,3.1,4
ariel,5.603372078610985,3.54,3
ariki,4.174576627881288,1.57,4
arils,5.683266575053932,1.23,4
ariot,5.3314667536922205,0.0,4
arise,5.773869743438852,3.93,4
arish,5.160837403776334,2.04,4
arith,4.9843740346898935,0.0,4
arked,5.013813323289619,0.0,4
arled,5.397615868347681,0.0,3
arles,5.985784075181216,2.46,3
armed,5.182147307228628,4.59,4
armer,4.646086317320772,1.83,5
armet,5.356138853106398,0.0,3
armil,5.006886504458586,0.0,4
armor,4.37640871317872,3.97,4
arnas,5.1418498114645175,0.0,4
arnis,5.683977786398053,1.96,3
arnut,5.02116358462718,0.0,3
aroba,4.409716575649697,0.0,3
aroha,4.441507981784909,1.9,4
aroid,5.206673050543129,1.21,4
aroma,4.530001063546317,3.23,3
arose,5.753289387655127,3.73,4
arpas,4.924351183126701,0.0,4
arpen,5.281067986751044,0.0,3
arrah,3.804307915820222,1.5,4
arras,4.525447241282921,2.55,4
array,3.926075910675213,4.1,4
arret,4.94521637168843,1.09,3
arris,5.063839393660104,2.07,4
arrow,4.092394327325462,4.13,3
arroz,3.903913685145252,2.08,4
arsed,5.5894722226882285,2.71,3
arses,5.397929711561,2.47,3
arsey,5.552275254615613,1.47,3
arsis,5.111619083559242,1.34,4
arson,5.40788067292033,3.4,3
artal,4.648625012298447,0.0,4
artel,5.497408741862218,1.4,3
arter,4.8440592088134125,1.85,3
artic,4.939357081999322,2.42,4
artis,5.68534905238797,2.56,3
artly,4.962185872300415,0.0,4
artsy,5.152951757906047,2.89,3
aruhe,5.045242811394269,0.0,5
arums,5.246746311937439,0.0,5
arval,4.06161929622272,1.05,4
arvee,4.535558160533842,0.0,4
arvos,5.086406375632276,0.0,4
aryls,5.30393144420283,0.0,4
asada,3.752299649260534,2.67,4
asana,3.903490241468869,2.23,4
ascon,4.873979670606657,1.07,4
ascot,4.9343725410217685,3.06,4
ascus,4.3707773265589305,1.51,4
asdic,4.686363688060272,1.26,4
ashed,4.9597408394007925,1.48,3
ashen,5.094276834519478,2.48,4
ashes,4.81339780724323,3.93,4
ashet,5.151280278259221,0.0,3
aside,5.332999143764234,4.59,4
asity,5.011824580107921,0.0,4
askar,4.3953603966489885,1.85,4
asked,4.927376329848244,5.3,3
asker,5.185771033682834,2.08,3
askew,4.584368495101979,2.72,3
askoi,4.785369733599169,0.0,4
askos,4.4957864548913165,0.0,4
aspen,5.212158103907275,3.43,3
asper,5.333536431135814,1.88,3
aspic,4.637205752226819,2.09,3
aspie,5.289525904839096,1.74,3
aspis,4.63991582509248,1.17,4
aspro,5.024460657442647,1.19,3
assai,4.11031765242105,1.64,4
assam,3.852299155415656,3.29,4
assay,3.899924783758885,3.28,4
assed,4.766433679013963,2.93,3
asses,4.360712620024592,3.79,4
asset,4.957748491016208,4.23,2
assez,4.221448250405537,1.44,3
assot,4.646333241488162,0.0,4
aster,5.550001703269455,2.81,2
astir,5.293599136385725,1.6,3
astun,4.899545260985137,0.0,4
asura,4.5935099473641925,2.37,3
asway,3.948060445271789,0.0,4
aswim,4.4274196442507465,0.0,4
asyla,4.331512239725946,0.0,4
ataps,4.695689493266894,0.0,4
ataxy,3.534492324900837,0.0,4
atigi,3.950694770634631,0.0,4
atilt,4.382008743395522,0.0,4
atimy,4.616307750577038,0.0,4
atlas,4.927271102489522,3.8,4
atman,4.222324580044347,2.23,3
atmas,4.690238493949887,0.0,5
atmos,5.224257471106711,2.64,4
atocs,5.202779219877165,0.0,3
atoke,4.9978314915930815,0.0,4
atoks,5.111636516476692,0.0,4
atoll,4.317367700472832,2.85,4
atoms,5.228401479349386,3.75,4
atomy,4.632006142237245,1.1,5
atone,5.337797971271143,2.86,3
atony,4.853331774345742,1.06,3
atopy,4.639563014012346,1.57,5
atria,4.718450341292324,2.38,3
atrip,4.938867789802787,0.0,3
attap,3.518401904742733,0.0,3
attar,3.9096671178478792,2.23,4
attas,4.211156280248226,1.24,3
atter,4.715117442902154,1.65,4
attic,4.013769370076092,3.63,5
atuas,4.794857989948199,0.0,3
aucht,4.343615385863456,0.0,5
audad,3.571507703956343,0.0,5
audax,3.5445665424342163,1.73,4
audio,4.799181547682643,4.47,4
audit,4.8322626687671,4.04,4
augen,4.930807438302972,1.84,4
auger,5.053632622688957,2.77,3
auges,5.397493477892262,0.0,4
aught,4.267716815317107,2.43,4
augur,3.899991463202511,2.48,4
aulas,4.951216697214028,1.48,3
aulic,4.718598002519624,1.15,3
auloi,4.957906936677548,0.0,3
aulos,5.4626168599858085,1.08,4
aumil,4.783196443485894,0.0,4
aunes,5.732000400874527,0.0,5
aunts,5.380250629647413,3.21,4
aunty,4.764490726603493,3.16,4
aurae,4.986639878615374,0.0,3
aural,4.615567911641087,2.78,5
aurar,3.984997179294801,0.0,4
auras,5.09765034665714,2.37,4
aurei,5.436540962880942,0.0,3
aures,5.90759842595755,1.34,3
auric,4.868417199063057,2.07,4
auris,5.61625721417217,1.82,4
aurum,4.024442788320965,2.24,4
autos,5.42790148896059,3.12,3
auxin,4.191782307815884,2.18,4
avail,4.04238855115898,3.59,4
avale,4.311836710559312,0.0,5
avant,3.937742578419048,3.36,3
avast,4.162738826675686,2.45,4
avels,5.078500602597873,0.0,5
avens,5.040285959303564,1.32,3
avers,5.175426113857882,1.87,4
avert,4.754882946463747,3.14,4
avgas,4.034457542226017,1.53,5
avian,4.012735501492643,3.14,4
avine,4.795175486200208,0.0,4
avion,4.499893200274291,1.93,4
avise,5.003942329534505,0.0,4
aviso,4.706040282486252,1.47,4
avize,4.095257104095102,0.0,4
avoid,4.432654907823991,4.87,4
avows,4.400898878295137,1.18,4
avyze,3.737092540974512,0.0,5
await,4.177013556946126,3.63,3
awake,4.064955519233365,4.14,5
award,4.063255328086185,4.88,4
aware,4.531418919828436,4.78,4
awari,4.190114824840091,0.0,4
awarn,4.144390213251713,0.0,4
awash,3.985734458900524,2.76,4
awato,4.129018523289519,0.0,4
awave,3.7852649884004745,0.0,5
aways,4.195992138668773,2.61,4
awdls,4.767467227953389,0.0,4
aweel,4.4093642762325205,0.0,4
aweto,4.774041002943405,0.0,4
awful,3.804192897985135,4.46,4
awing,4.193342095588093,1.37,5
awkin,4.187517296456414,0.0,4
awmry,4.222552732426992,0.0,4
awned,4.736701299552869,0.0,4
awner,4.976965043951156,0.0,4
awoke,4.57572552653562,3.15,5
awols,5.066858803821453,0.0,4
awork,4.376812595827636,0.0,4
axels,4.9367431163165,1.67,4
axial,3.881026863790976,3.15,4
axile,4.697886129122133,0.0,5
axils,4.7994859816201565,2.08,4
axing,3.934184959114976,2.2,5
axiom,4.145494258988994,3.02,4
axion,4.353608674829446,1.93,4
axite,4.699688601974936,0.0,4
axled,4.495210340433413,0.0,3
axles,5.093294765449289,2.98,3
axman,3.537172128252989,1.23,5
axmen,4.379952601115149,0.0,4
axoid,4.285386469560558,0.0,4
axone,4.646916634880828,0.0,5
axons,4.773122040936084,2.59,4
ayahs,4.438691862028388,1.23,4
ayaya,2.73337690109506,1.3,5
ayelp,4.7686490278647815,0.0,4
aygre,4.911340302953457,0.0,4
ayins,5.249817867255704,0.0,4
aymag,3.753130990207708,0.0,4
ayont,4.875542259521024,0.0,4
ayres,5.737490590328051,2.9,3
ayrie,5.366709245786881,0.0,3
azans,4.26460705186368,0.0,4
azide,4.543929731037224,2.06,4
azido,4.229404522825036,1.24,4
azine,4.700254981192516,0.0,5
azlon,4.335024795842714,0.0,3
azoic,4.132183909271883,1.07,3
azole,4.722795903900341,1.36,5
azons,4.81018893981364,0.0,5
azote,4.725434450456155,1.19,4
azoth,4.122363695931737,1.29,5
azuki,3.8020165325555615,1.53,4
azure,4.617147607401433,3.35,4
azurn,4.239754944236904,0.0,4
azury,4.104005753939505,0.0,5
azygy,2.8888258134529736,0.0,5
azyme,4.138500092414864,0.0,4
azyms,4.208211452070816,0.0,3
baaed,4.578302693350554,0.0,4
baals,4.822913737514378,1.22,6
baaps,4.564647191207239,0.0,5
babas,3.9605946295888814,1.69,6
babby,2.8994690176548303,2.16,5
babel,4.36368871254159,2.91,5
babes,4.809855448155739,3.39,6
babka,3.147335595406912,1.74,5
baboo,3.423428036232124,1.71,5
babul,3.836030904979728,1.59,5
babus,4.294632161082919,1.53,5
bacca,3.274322709360812,2.0,4
bacco,3.818733024233501,1.58,4
baccy,3.608944387087548,1.64,4
bacha,3.7522885306756746,2.1,5
bachs,4.689128797034668,1.46,5
backs,4.672009092239213,4.1,6
backy,4.064278077528864,1.34,4
bacne,4.949688995224688,1.21,3
bacon,4.633909403273963,4.15,4
badam,3.946441082935437,1.37,4
baddy,3.723062758163792,1.72,5
badge,4.698693747131673,4.02,4
badly,4.5252181367828745,4.44,4
baels,5.564891762928963,0.0,2
baffs,3.893092700222105,0.0,5
baffy,3.2830381789181167,0.0,5
bafta,3.8429230744218703,3.09,4
bafts,4.783453486586432,0.0,5
bagel,4.885716467390698,3.18,5
baggy,3.5083727667395546,3.16,5
baghs,4.628117115820443,0.0,4
bagie,4.967810510632988,0.0,3
bagsy,4.534738976966303,1.08,5
bagua,3.8626203912576367,1.85,5
bahts,4.958063758298852,1.17,4
bahus,4.803364051265479,0.0,5
bahut,4.366924271285235,1.56,4
baiks,5.064000049823731,0.0,5
baile,5.335604297439439,2.18,4
bails,5.428675256203512,2.56,5
bairn,5.05187999980276,2.04,4
baisa,4.670435522513115,0.0,4
baith,4.701397751180713,1.34,4
baits,5.423689043099799,2.65,5
baiza,3.7413855421767863,0.0,5
baize,4.591757028437335,1.83,4
bajan,3.5706089037434308,2.06,5
bajra,3.6977985710502823,1.56,4
bajri,4.216624056561531,0.0,4
bajus,4.375670199512213,0.0,5
baked,4.688819440709882,3.92,6
baken,4.824342511951983,1.12,4
baker,4.94508843317062,4.23,5
bakes,5.289536928499134,2.73,5
bakra,4.114324678606812,1.3,5
balas,4.836628535309191,1.68,5
balds,5.137835267098452,1.31,5
baldy,4.539158456502327,2.58,5
baled,5.09822267546541,1.79,4
baler,5.321793863147849,2.26,4
bales,5.693533458385728,2.97,5
balks,4.970039584509932,2.09,4
balky,4.361486564641579,1.57,5
ballo,4.2017840336948975,1.88,5
balls,4.599062629321716,4.52,5
bally,3.9898569305193754,2.73,5
balms,5.083413241824847,2.24,4
balmy,4.474436672407498,2.7,4
baloi,4.934621254512666,0.0,4
balon,4.901880067061751,2.11,4
baloo,4.307879599807313,2.34,5
balot,4.961388471309981,1.35,4
balsa,4.5773735802802165,2.48,4
balti,4.907032242914355,2.1,4
balun,4.688548910515297,1.59,4
balus,5.174047084625697,0.0,4
balut,4.733295830204178,1.82,4
bamas,4.599226954165742,1.04,4
bambi,3.7820576231659935,2.96,4
bamma,3.316013733288458,1.59,4
bammy,3.651127128681005,1.12,4
banak,4.025132625563588,0.0,4
banal,4.343312646664,2.88,4
banco,4.626420251958097,3.03,4
bancs,5.016111779873321,1.04,5
banda,4.173908030141544,3.0,6
bandh,4.384987000245844,2.01,5
bands,5.102686250343176,4.37,5
bandy,4.505735213033869,2.55,5
baned,5.069481411489181,0.0,5
banes,5.658859821070712,2.12,6
bangs,4.938618378180295,3.45,6
bania,4.45004447116436,1.67,4
banjo,4.108036602129095,3.27,4
banks,4.9374723404435175,4.69,4
banky,4.329120044352536,2.01,5
banns,4.548583256302667,2.02,4
bants,5.291396549768525,1.75,5
bantu,4.648681704033103,3.03,4
banty,4.687088072242933,1.27,4
bantz,4.136677660154573,1.86,5
banya,4.06112560111844,1.78,3
baons,5.390904993603697,0.0,4
baozi,4.221606963599911,1.39,4
bappu,3.5873133489222067,0.0,4
bapus,4.910412587909405,0.0,4
barbe,4.5421670102581855,2.09,5
barbs,4.605849682167731,2.81,5
barby,3.997229896722416,1.92,5
barca,4.274588745863364,3.41,4
barde,5.22293597963871,1.44,4
bardo,4.9117022493401015,2.32,4
bards,5.291180306538744,2.7,4
bardy,4.697242429680228,1.3,5
bared,5.251373336207262,2.64,4
barer,4.69987186168489,1.63,4
bares,5.837038625105968,2.5,4
barfi,4.535513561216165,2.01,4
barfs,4.952713504236753,1.58,4
barfy,4.350551663960716,1.09,5
barge,5.069107560028551,3.5,4
baric,4.820975845805195,1.33,4
barks,5.121643537772634,3.01,6
barky,4.51656848397395,1.59,6
barms,5.230860432408862,0.0,4
barmy,4.625940606848458,2.32,3
barns,5.435999339269667,3.14,5
barny,4.841326160478392,1.69,3
baron,5.065155960706002,3.88,4
barps,5.228445981837431,0.0,4
barra,3.846708592497747,2.89,5
barre,4.719131657693751,3.08,5
barro,4.3933792808888255,2.13,5
barry,4.1801126390141246,4.26,5
barye,5.111678864103036,1.22,3
basal,4.56961011578999,3.4,4
basan,4.555910508963962,1.16,4
basas,4.223581433012355,0.0,6
based,5.274881639241536,5.51,4
basen,5.410619155908988,1.01,4
baser,5.531601520242887,2.14,3
bases,5.072445086654153,4.18,6
basha,4.2374945411484894,2.23,4
basho,4.786626459288373,2.13,5
basic,4.857639799727772,4.89,3
basij,4.4053240083654135,1.99,4
basil,5.158906016888753,3.65,3
basin,5.128425110014724,4.08,3
basis,4.802243638013019,4.81,5
basks,4.352048655722094,1.88,5
bason,5.100665599857986,1.62,4
basse,4.858960300587687,2.14,4
bassi,4.527865433164267,2.03,4
basso,4.54945896643468,2.44,4
bassy,4.307122805595411,1.92,5
basta,4.572312903648781,2.45,4
baste,5.444838187240833,2.39,4
basti,5.100716810226651,2.29,3
basto,5.122621109992327,1.4,4
basts,4.7033764923313885,1.01,5
batch,4.259024818387949,3.91,5
bated,5.04835170194341,2.33,4
bates,5.650750948588572,3.64,4
bathe,4.886316697574938,3.22,4
baths,4.951644962217546,3.67,4
batik,4.586685264836013,2.54,4
baton,4.877594119949767,3.64,3
batos,5.359436496546439,0.0,4
batta,3.6484660336814487,1.7,4
batts,4.584395043804525,2.34,5
battu,3.941427664851028,0.0,4
batty,3.980524527286108,2.79,5
bauds,5.004119196338453,0.0,5
bauks,4.83506503860174,0.0,5
baulk,4.398197129668632,2.1,5
baurs,5.299155476724742,0.0,4
bavin,4.307473647891904,1.17,5
bawds,4.614992742203168,1.13,5
bawdy,4.009432985912469,2.56,4
bawks,4.444754552052324,0.0,5
bawls,4.809824998293588,1.64,5
bawns,4.7734033450237,0.0,5
bawrs,4.9128949508039685,0.0,4
bawty,4.192174493027419,0.0,4
bayas,4.540812933714727,0.0,5
bayed,4.809358660402031,1.6,5
bayer,5.058702810612735,3.26,4
bayes,5.3706604722814255,2.51,3
bayle,4.970590145972201,1.97,4
bayou,4.438638414961164,3.14,4
bayts,5.02383043237419,0.0,5
bazar,3.7816058138222366,2.57,4
bazas,4.093328536092948,0.0,6
bazoo,3.557783190042008,1.04,5
bball,3.1684322373142484,2.2,5
bdays,4.637868324083374,1.11,5
beach,4.53563059934797,4.92,4
beads,5.366136267336101,3.69,5
beady,4.754211194021226,2.48,4
beaks,5.195374670544849,2.74,5
beaky,4.573869810052193,1.79,4
beals,5.568949101817786,2.31,5
beams,5.314699223807788,3.76,4
beamy,4.693936091128693,1.22,4
beano,5.095802002628028,2.31,4
beans,5.523298589220722,4.14,5
beany,4.907829626259949,1.76,4
beard,5.099017524921069,4.07,2
beare,4.849913983052104,1.93,3
bears,5.664133231430166,4.34,5
beast,5.328339370586748,4.29,4
beath,4.838896613004926,1.65,5
beats,5.555987212583652,4.22,3
beaty,4.942303410578028,2.3,4
beaus,5.36976780221829,1.73,4
beaut,4.946201532685534,2.56,3
beaux,4.16876744040601,2.73,4
bebop,3.7732437659731057,2.83,4
becap,4.572994821619568,0.0,4
becke,3.817123730029188,1.43,5
becks,4.620245173258705,2.46,5
bedad,4.178226382667145,0.0,4
bedel,4.254927671086889,1.58,4
bedes,4.681285251642124,1.2,4
bedew,3.741881529815742,0.0,4
bedim,4.482912891061961,0.0,4
bedye,3.975082804895492,0.0,4
beech,3.75600087546058,3.27,4
beedi,4.176983096187737,1.66,4
beefs,4.255667391534898,2.37,5
beefy,3.639516560103469,2.74,5
beeps,4.530887722456417,2.73,5
beers,4.890916911374503,3.9,5
beery,4.278723413070288,2.15,4
beets,4.7773045222776425,3.07,5
befit,4.407534962564441,2.07,4
befog,4.02670855267559,0.0,5
begad,4.633859622140935,0.0,4
began,4.7344105765262245,5.07,4
begar,4.884459449214632,0.0,4
begat,4.77628178224489,2.41,4
begem,3.860810475821198,0.0,4
beget,4.119625239062485,2.39,4
begin,4.533849439033816,4.84,5
begob,3.703550665078408,0.0,5
begot,4.574880082144558,1.97,4
begum,4.053225576676847,2.56,4
begun,4.281533005517944,4.36,4
beige,4.218641172502216,3.3,5
beigy,4.413577586231487,0.0,5
being,4.528031024644135,5.95,5
beins,5.339818741594998,0.0,5
beira,5.283864981820009,2.22,3
beisa,5.352865107540992,0.0,4
bekah,4.445169707142008,1.88,5
belah,4.847174552627156,1.03,4
belar,5.223427306694841,1.14,3
belay,4.9542005811983945,2.43,4
belch,4.256396593700411,2.27,5
belee,3.7417533069003,0.0,5
belga,4.755682991895819,1.29,5
belie,4.566726075021147,2.45,4
belit,4.951704379282852,0.0,4
belle,3.7494056931942223,3.79,4
belli,4.149802739920133,2.53,4
bello,4.193724187537871,3.02,4
bells,4.560288733962612,3.9,4
belly,3.943529862845751,4.1,4
belon,4.885210774663196,1.69,4
below,4.4047147426786495,5.05,4
belts,5.279240933850702,3.74,6
belve,3.8421637532834554,0.0,5
bemad,4.753431969213365,0.0,5
bemas,5.330394316092801,0.0,3
bemix,3.92808230878324,0.0,4
bemud,4.298077197789691,0.0,4
bench,4.220157915263165,4.39,4
bends,5.051407031102196,3.34,5
bendy,4.446636194924737,2.55,4
benes,4.874086710308506,2.19,5
benet,4.462651580335938,2.29,4
benga,4.718274124375771,1.7,4
benis,5.346956696721899,1.2,4
benji,4.055660874643548,3.09,4
benne,3.7086631329186215,1.57,4
benni,4.100420639037732,1.77,4
benny,3.892813549571998,3.6,4
bento,4.885279751154138,2.7,4
bents,5.243995550279837,1.71,5
benty,4.633506513569353,0.0,4
bepat,4.88067470244215,0.0,4
beray,5.105816064998607,0.0,4
beres,5.0552058458196845,1.77,6
beret,4.649153616567987,2.92,3
bergs,5.085997173467923,1.85,5
berko,4.711885236276741,1.56,4
berks,5.072403034808828,2.74,4
berme,4.388274080640668,0.0,5
berms,5.188394333352863,2.03,5
berob,4.225606979129347,0.0,4
berry,4.126750205371521,3.97,5
berth,4.705968119293276,3.44,3
beryl,4.6707923667512,2.91,5
besat,5.343476048045535,0.0,4
besaw,4.80651414394424,0.0,4
besee,3.930403921154915,0.0,4
beses,4.286222380667724,0.0,4
beset,4.684796052856383,3.08,4
besit,5.144692941070403,0.0,4
besom,4.8769057768157085,1.5,4
besot,5.141090322019141,0.0,4
besti,5.058972605062285,0.0,3
bests,4.657564035352406,2.59,5
betas,5.5338901903300455,2.48,3
beted,4.264202160725725,0.0,4
betel,4.419542345954363,2.53,3
betes,4.863271470058819,0.0,4
beths,4.903863510616696,1.27,4
betid,4.752963395288316,0.0,4
beton,4.85674346573264,1.81,5
betta,4.362602987477955,2.79,4
betty,3.927368764221843,3.92,5
bevan,4.46340842885955,2.94,4
bevel,3.820128047024757,2.61,5
bever,3.9200740418481126,1.92,6
bevor,4.4072044015569904,1.21,4
bevue,3.664758224393161,0.0,4
bevvy,3.1070933100370874,1.59,5
bewdy,3.95079387532502,0.0,4
bewet,3.962842727487817,0.0,4
bewig,4.043703600738799,0.0,5
bezel,3.715760459905406,2.8,4
bezes,4.153387602848958,0.0,5
bezil,4.186747336409189,0.0,5
bezzy,2.989822514756663,0.0,5
bhais,5.003933275862873,0.0,5
bhaji,3.694580381434234,1.85,5
bhang,4.057212515474821,1.77,4
bhats,4.91424275084819,0.0,5
bhava,3.3592575497694432,1.83,5
bhels,4.864873199410233,0.0,4
bhoot,3.7039503494918735,1.44,3
bhuna,4.27986519669489,1.25,4
bhuts,4.493091171651376,0.0,4
biach,4.321516142515305,0.0,4
biali,4.165381561418166,0.0,5
bialy,4.733244953800623,1.4,5
bibbs,3.249951851204775,1.72,5
bibes,4.569459163427709,0.0,5
bibis,3.4668136196933155,0.0,5
bible,4.130522137276267,4.54,4
biccy,3.322068601708329,0.0,5
bicep,4.452859880546511,2.72,4
bices,5.161081277479501,0.0,5
bicky,3.780446721844553,1.05,4
biddy,3.444400322440574,2.39,5
bided,4.030116248268979,1.78,4
bider,4.889954400971455,0.0,5
bides,5.2283057425647295,1.65,4
bidet,4.807414521239822,2.58,3
bidis,4.143540627838428,1.17,4
bidon,4.479645504990637,1.07,5
bidri,3.78440815921969,0.0,3
bield,4.745866693193131,1.11,4
biers,5.416862642437765,1.41,5
biffo,3.2560443540341404,1.42,4
biffs,3.620549236819804,1.31,6
biffy,3.0021853686232123,2.19,5
bifid,3.2431258178468543,1.54,4
bigae,4.889381030283465,0.0,4
biggs,3.8489054926599127,3.05,5
biggy,3.2265346043214933,2.0,5
bigha,4.17481298423915,1.32,5
bight,3.914736974380785,2.67,5
bigly,4.084864836868816,2.37,4
bigos,4.796470361354785,1.29,5
bigot,4.360250649062573,3.18,4
bihon,4.303402317725767,0.0,4
bijou,3.685508096061427,2.49,4
biked,4.445266499606107,2.31,6
biker,4.699946047972939,3.37,6
bikes,5.048251197602228,3.89,5
bikie,3.899034187134718,1.62,5
bikky,3.2007429665083054,0.0,6
bilal,4.1705869914471325,2.83,4
bilat,4.921014307426745,0.0,4
bilbo,3.823541847271245,2.83,4
bilby,3.5674755859030007,1.95,5
biled,4.855583078654229,0.0,4
biles,5.455299011249887,2.32,5
bilge,4.660747726653506,2.67,4
bilgy,4.098579377005103,0.0,4
bilks,4.703174969258405,0.0,5
bills,4.333674852350018,4.52,6
billy,3.7131073702624464,4.33,5
bimah,4.383711415542252,1.12,4
bimas,5.110570235630501,0.0,5
bimbo,3.5683631542062657,2.87,5
binal,4.847275514693939,0.0,5
bindi,3.6504846092401664,2.37,4
binds,4.828821730023746,3.38,5
biner,5.062587448018389,1.19,5
bines,5.414228485344497,1.69,6
binge,4.613716417181649,3.6,5
bingo,4.304515313645132,3.71,5
bings,4.6643330993164,1.57,6
bingy,4.050387042473922,0.0,6
binit,3.884886888411745,0.0,4
binks,4.662729705513844,2.39,5
binky,4.044071236084278,2.36,6
bints,5.017246547876346,0.0,4
biogs,4.841997980987699,0.0,4
biome,4.847521612940448,2.73,3
bions,5.152639141996816,0.0,4
biont,4.722846296163181,0.0,4
biose,5.271650177630937,0.0,4
biota,4.946598836408011,2.49,4
biped,4.575731230013062,2.01,6
bipod,4.328426917927393,2.07,4
bippy,3.349618994032043,1.29,5
birch,4.185158432487603,3.5,4
birdo,4.679362632037529,1.41,3
birds,5.02353003430248,4.6,3
biris,4.49747647473259,0.0,4
birks,4.853915631898091,2.27,4
birle,5.145630971867445,0.0,4
birls,5.19114600569338,0.0,4
biros,5.314541668159238,1.36,3
birrs,4.517440635264384,0.0,4
birse,5.334480741981878,1.16,4
birsy,4.76268737760322,0.0,3
birth,4.486792922013599,4.77,4
birze,4.427275600711647,0.0,4
birzz,3.132447339718282,0.0,4
bises,4.831738115750624,0.0,5
bisks,4.082957189306224,0.0,6
bisom,4.6654972884934205,0.0,4
bison,4.8646719745373375,3.26,4
bitch,3.985480703695783,4.76,5
biter,5.062146205284797,2.6,4
bites,5.407300382403059,3.79,3
bitey,4.78423746546828,1.92,4
bitos,5.123886428618167,0.0,4
bitou,4.452059146618572,1.36,5
bitsy,4.577722259612589,2.28,4
bitte,4.270088150014654,2.05,4
bitts,4.312188586159404,1.37,5
bitty,3.6995269839489966,2.79,5
bivia,3.530210564865309,0.0,5
bivvy,2.880336703169765,1.43,6
bizes,4.699105554709559,0.0,5
bizzo,3.016898446461844,0.0,5
bizzy,2.76245619583463,1.98,6
blabs,4.33439900550996,1.48,5
black,4.121599256974842,5.46,4
blade,4.9415709268596455,4.19,4
blads,5.015426876519935,0.0,5
blady,4.420533590741587,1.14,5
blaer,5.21458028532917,0.0,3
blaes,5.584793361927638,0.0,3
blaff,3.3512624080713835,0.0,5
blags,4.857435804364335,0.0,4
blahs,4.867414195063287,1.65,5
blain,4.807558977631531,2.31,4
blame,4.884641464973684,4.63,5
blams,4.955345520497004,0.0,5
blanc,4.415407631945762,3.42,3
bland,4.594057196299283,3.5,4
blank,4.353990103119626,4.14,4
blare,5.216644494503375,2.39,3
blart,4.848091566005111,2.12,4
blase,5.30702638689232,2.16,4
blash,4.6638389381894285,1.23,4
blast,4.956913726478648,4.32,4
blate,5.133883592776945,0.0,4
blats,5.197943186524765,0.0,5
blatt,4.063475383857096,2.61,4
blaud,4.492909667241542,0.0,5
blawn,4.176597300974471,0.0,4
blaws,4.663927905668411,0.0,5
blays,4.886879315815178,0.0,4
blaze,4.397299142866798,3.69,5
bleah,4.7168838975055625,1.29,4
bleak,4.648658196907348,3.43,5
blear,5.099241749984432,0.0,4
bleat,5.014243617684199,2.12,4
blebs,4.2884827546791975,1.44,5
blech,4.123608537235847,2.23,4
bleed,4.227380936207829,3.72,4
bleep,4.114777680672539,3.08,4
blees,4.822633519696773,1.12,4
blend,4.533894013977108,3.95,3
blent,4.668371179361073,1.28,4
blert,4.805512664857706,0.0,4
bless,4.545309438955242,4.17,5
blest,4.910499218653355,2.16,4
blets,5.149653603936721,0.0,4
bleys,4.836202637555882,0.0,5
blimp,4.02399903444656,2.78,4
blimy,4.141848304168067,0.0,4
blind,4.381793334043448,4.52,4
bling,4.124465247974441,3.21,5
blini,3.761705217184472,1.52,5
blink,4.142757559575447,3.73,4
blins,4.942183138528067,0.0,3
bliny,4.332912165007758,0.0,5
blips,4.754546972719854,2.38,4
bliss,4.389752489172057,3.78,4
blist,4.757045808292384,0.0,4
blite,4.952442713987094,0.0,4
blits,5.00018795594503,0.0,5
blitz,3.8378303459154974,3.57,4
blive,4.311250625303211,1.03,5
bloat,4.880026353609879,2.6,5
blobs,4.171821455157851,2.58,5
block,3.954423166380337,4.88,4
blocs,4.767284621305882,2.68,4
blogs,4.695062581272695,3.95,5
bloke,4.61270353076555,3.55,5
blond,4.4318232181767545,3.55,4
blonx,3.789001216863313,0.0,5
blood,3.860584810758535,5.1,5
blook,3.619471313214652,1.09,5
bloom,3.72297031763577,3.93,5
bloop,3.697229456583475,2.43,3
blore,5.061116720575608,1.97,4
blots,5.038140233451315,2.3,4
blown,4.003283280296943,4.21,4
blows,4.497370238734155,4.04,5
blowy,3.888603673933893,1.65,4
blubs,3.9075076089483702,1.05,5
blude,4.52008324307559,0.0,4
bluds,4.5896550766105735,0.0,4
bludy,3.988484135234564,0.0,4
blued,4.579181818485364,2.15,4
bluer,4.806385629485269,2.22,5
blues,5.185382944592376,4.34,4
bluet,4.746673562468395,1.22,4
bluey,4.568754498127499,2.21,5
bluff,2.9184704989846653,3.58,4
bluid,4.308799602635534,0.0,4
blume,4.45929538906632,2.53,5
blunk,3.923334477328341,0.0,5
blunt,4.280355970091293,3.9,3
blurb,3.5523873014004828,2.79,4
blurs,4.859882796456126,2.62,5
blurt,4.418531308279428,2.48,4
blush,4.235616659832646,3.56,4
blype,4.3192604330338895,0.0,4
boabs,4.522196305467829,0.0,5
boaks,5.037375447477909,0.0,5
board,4.947732103283748,5.24,3
boars,5.496556609899913,2.74,3
boart,5.075911081647696,1.25,3
boast,5.157426223309194,3.51,4
boats,5.394010725830633,4.25,4
boaty,4.784537854591856,1.36,4
bobac,3.777238883733165,0.0,4
bobak,3.721395593671768,1.41,4
bobas,4.516972073399823,0.0,5
bobby,2.701850058741799,4.22,6
bobol,3.1567038694989296,0.0,4
bobos,3.611919972576629,1.42,5
bocca,3.8145902605176256,1.84,4
bocce,3.9624645100504967,2.26,5
bocci,3.592229283318168,1.34,4
boche,4.43490564366626,1.85,4
bocks,4.4746166194619885,1.48,5
boded,4.100131642481854,1.58,4
bodes,5.294588375942679,2.58,4
bodge,4.510635522932344,1.6,5
bodgy,3.97341253748469,0.0,5
bodhi,4.1683082221797,2.61,4
bodle,4.86781489417102,1.23,4
bodoh,3.565807464377356,0.0,4
boeps,5.1187077718374105,0.0,5
boers,5.474908248260707,2.6,5
boeti,4.931248467553084,0.0,4
boets,5.368062514137836,0.0,4
boeuf,4.241919769284304,2.18,5
boffo,2.614560927662613,1.57,5
boffs,3.694836757353887,0.0,5
bogan,4.551194659168769,2.55,5
bogey,4.538106307606236,2.92,5
boggy,3.309786245659597,2.42,5
bogie,4.77095551044328,2.46,5
bogle,4.713537961745239,2.29,4
bogue,4.532225321102423,2.21,5
bogus,4.622738651693717,3.43,5
bohea,4.893701247832024,0.0,3
bohos,4.124979707175271,0.0,4
boils,5.223138201528463,3.29,5
boing,4.359905751113758,2.74,4
boink,4.378799953456765,1.71,4
boite,5.139779854754148,1.83,4
boked,4.513665112516547,0.0,6
bokeh,4.387123499935114,2.23,4
bokes,5.114320066321175,0.0,5
bokos,4.106445992500215,0.0,5
bolar,5.061840641940168,1.57,4
bolas,5.399248339615281,2.11,4
boldo,3.877556300027075,1.09,4
bolds,4.94539489662999,1.34,6
boles,5.524630491476108,2.47,4
bolet,5.096477888189597,0.0,3
bolix,4.012607968025731,0.0,4
bolks,4.776086150604431,0.0,5
bolls,4.407197356871468,1.4,5
bolos,4.496975139863785,1.67,5
bolts,5.130255839455444,3.62,4
bolus,4.990730807138111,2.6,4
bomas,5.156246894017077,1.22,6
bombe,3.9485652992859017,1.93,4
bombo,2.9249124948535394,1.57,5
bombs,4.010236298124599,4.15,5
bomoh,3.5262123084956225,1.1,5
bomor,3.935667048729552,0.0,3
bonce,4.772807272716516,1.56,5
bonds,4.90923654775357,4.27,5
boned,4.897737066917015,2.88,5
boner,5.137620776768035,3.21,4
bones,5.487696609009207,4.32,6
boney,4.874897630289721,2.5,4
bongo,3.667017754609315,2.87,5
bongs,4.74475304994398,2.48,5
bonie,5.113833333520748,0.0,4
bonks,4.741299571024504,1.69,6
bonne,4.299786730603691,2.67,4
bonny,3.743614912642199,2.84,5
bonum,4.254747956864479,1.77,5
bonus,4.959254833281597,4.45,4
bonza,4.162857583710527,1.39,5
bonze,4.312615298165276,1.28,4
booai,4.282702994123661,0.0,3
booay,4.136627048200698,0.0,4
boobs,3.6267713383282856,3.9,5
booby,3.004988356130179,2.98,6
boody,3.704807757891426,1.52,5
booed,4.283443832524466,3.09,5
boofy,3.3544117985384947,0.0,6
boogy,3.538667670184728,1.42,5
boohs,4.168773100631472,0.0,5
books,4.139981347946082,5.15,5
booky,3.522174658934602,1.7,5
bools,4.505609503709922,0.0,4
booms,4.253440362958839,3.0,6
boomy,3.63478146489136,1.53,5
boong,3.650302894546906,1.35,5
boons,4.465130811382376,2.2,5
boord,4.053387720782511,1.35,3
boors,4.6076174634131695,1.58,4
boose,4.598082007183416,1.51,4
boost,4.264598377599668,4.41,4
booth,3.773538447934536,4.1,4
boots,4.499572566307309,4.33,5
booty,3.8852756319203854,3.59,5
booze,3.679632096349234,3.65,5
boozy,3.1448479632585067,2.52,5
boppy,3.429557875946606,1.71,5
borak,4.764188464193625,1.48,5
boral,5.065759881497307,1.73,5
boras,5.548307652285674,2.24,3
borax,4.352500085916802,2.48,5
borde,5.032905306200096,1.96,4
bords,5.095613755984642,1.33,3
bored,5.078575200502418,4.2,4
boree,4.819137623883475,1.29,5
borek,4.887021429356179,1.79,4
borel,5.206685408778998,2.28,4
borer,4.52852509637518,2.53,4
bores,5.665416972898821,2.84,5
borgo,3.8654287691584455,2.19,4
boric,4.61345631926589,2.31,4
borks,4.92482253835711,0.0,3
borms,5.035876881564781,0.0,4
borna,5.05056626745043,1.78,3
borne,5.190859009470925,3.67,4
boron,4.158748602328778,2.92,4
borts,5.282349819480627,1.06,3
borty,4.676669920242388,0.0,4
bortz,4.127979828244216,1.52,4
bosey,5.059223809072346,0.0,5
bosie,5.316731096795418,1.62,4
bosks,4.155855022720612,0.0,5
bosky,4.324146375692448,1.38,5
bosom,3.999803423485065,3.05,4
boson,4.202354962972737,2.76,4
bossa,4.538246009011604,2.47,5
bossy,4.110955305637773,2.97,5
bosun,4.699884991463252,1.89,4
botas,5.360417586744775,1.56,4
botch,4.060013778466187,2.4,4
boteh,4.75345053780614,0.0,4
botel,5.0313008015877685,0.0,4
botes,5.4756842765266605,1.55,3
botew,4.5169980237697365,0.0,4
bothy,4.147603432413627,2.06,4
botos,4.458029752316168,1.24,5
botte,4.337096704611625,1.42,4
botts,4.388206013077443,1.99,5
botty,3.7808380559888657,1.5,5
bouge,4.555988669780671,1.3,5
bough,3.9155988807327415,2.73,5
bouks,4.637003712949112,0.0,6
boule,4.908900765614064,2.12,5
boult,4.560105819361394,2.29,4
bound,4.402337518299314,4.46,6
bouns,4.963362374358564,0.0,4
bourd,4.547484967590388,0.0,3
bourg,4.304985695295215,2.26,3
bourn,4.619493959328411,2.16,3
bouse,5.085504687952496,1.46,4
bousy,4.556758658454343,0.0,4
bouts,4.998605793560626,3.21,5
boutu,3.700084618463393,0.0,5
bovid,4.020182011586609,1.19,4
bowat,4.424747235367356,0.0,4
bowed,4.383032014795744,3.33,5
bowel,4.538200993912898,3.55,4
bower,4.634682111323491,3.0,5
bowes,4.978527676993155,2.7,6
bowet,4.557584912306219,0.0,4
bowie,4.590522162230873,3.54,5
bowls,4.60052131502697,3.75,4
bowne,4.50305565345808,1.92,4
bowrs,4.703451108136469,0.0,4
bowse,4.710748779679667,0.0,5
boxed,4.117463835531986,3.34,6
boxen,4.245138977680824,1.42,5
boxer,4.3672982938181,3.74,6
boxes,4.710583501115002,4.34,5
boxla,4.13018507394646,0.0,5
boxty,3.719963256303085,1.09,6
boyar,4.799548915441949,1.91,3
boyau,4.439727947632208,0.0,4
boyed,4.635569624679523,0.0,6
boyey,4.004880581881072,0.0,5
boyfs,4.306098505529274,0.0,5
boygs,4.4889502246634185,0.0,5
boyla,4.645765101005681,0.0,4
boyly,3.625172887027524,0.0,5
boyos,4.196309486442553,1.53,5
boysy,3.801440118648386,0.0,5
bozos,3.747621840563816,2.12,5
braai,4.46419220225802,2.07,2
brace,5.003569361132787,3.72,4
brach,4.311271343307774,2.05,4
brack,4.267391364512651,2.33,4
bract,4.643603516557888,1.83,4
brads,5.1550591136779005,1.99,3
braes,5.713089092110626,2.01,3
brags,4.993953117004409,2.66,5
brahs,5.00088382836536,1.33,5
braid,4.885955007874323,3.24,4
brail,4.960483856843279,1.44,4
brain,4.95407832384798,4.94,4
brake,4.911948600179956,3.95,4
braks,4.985769506577329,0.0,5
braky,4.386611625818738,0.0,4
brame,5.019431875496431,1.54,4
brand,4.742857049818355,4.83,4
brane,5.227145946050904,2.08,5
brank,4.502487771076354,1.05,4
brans,5.288045474464286,1.59,4
brant,4.865418020364208,2.9,4
brash,4.797063490983812,2.95,4
brass,4.712880057398972,4.05,4
brast,5.098226598762567,0.0,4
brats,5.339248282528593,2.91,3
brava,3.799038553365119,2.61,3
brave,4.632580655538565,4.33,5
bravi,4.292032564683347,1.47,3
bravo,4.334823091550871,3.77,4
brawl,4.319720850884607,3.53,4
brawn,4.322763262310005,2.76,4
braws,4.800315921530635,0.0,4
braxy,3.936810787309984,0.0,4
brays,5.019241529440413,1.79,4
braza,3.691312364977597,0.0,4
braze,4.53578291768574,1.84,5
bread,5.020150174703451,4.5,3
break,4.793434585507696,5.18,4
bream,4.8963283716783215,2.69,4
brede,4.313284113867523,1.97,4
breds,5.094785435809414,2.06,4
breed,4.366408906262207,4.08,4
breem,4.277902188997932,0.0,6
breer,3.831396271134619,1.32,5
brees,4.95301779109858,2.98,3
breid,4.826529798084534,0.0,4
breis,5.3950575294102245,0.0,4
breme,4.257236236930476,0.0,4
brens,5.242228132473945,1.16,4
brent,4.822868811635067,3.69,4
brere,3.807210982734308,0.0,5
brers,4.600402600285894,0.0,4
breve,3.869056881500138,2.11,4
brews,4.751470810841923,2.99,4
breys,4.96609530906423,0.0,4
briar,4.34918117667176,2.86,3
bribe,4.219623741745222,3.5,5
brick,4.062334390712343,4.25,4
bride,4.894775947611815,4.08,4
brief,4.598528625791468,4.52,4
brier,4.4195800392607785,2.35,4
bries,5.544239694723148,0.0,3
brigs,4.791897021558468,1.95,4
briki,3.609196273660531,0.0,4
briks,4.7834394463983685,0.0,5
brill,3.951109113886346,3.06,4
brims,4.885289252365551,2.16,5
brine,5.037963262415104,3.07,5
bring,4.268855621905291,5.27,4
brink,4.289071196659602,3.51,4
brins,5.077735592346045,0.0,4
briny,4.476542119599909,2.2,4
brios,5.250325349076664,0.0,4
brise,5.254374572270859,1.6,4
brisk,4.53782220395145,3.2,3
briss,4.51155561460793,1.21,5
brith,4.409001910805322,1.82,4
brits,5.139079368903428,3.54,4
britt,4.013094028355199,3.18,3
brize,4.353856762292996,1.85,5
broad,4.904214573102147,4.53,3
broch,4.148449275479243,2.02,4
brock,4.10087833668869,3.71,4
brods,4.992969191141517,0.0,4
brogh,4.102508009882316,0.0,5
brogs,4.832021058188521,0.0,5
broil,4.790767598210462,2.44,4
broke,4.753702901461375,4.85,4
brome,4.859204532596342,2.13,5
bromo,3.849117236338509,2.31,4
bronc,4.40117160021221,2.04,3
brond,4.581571964150679,0.0,3
brood,4.00535634843554,3.25,3
brook,3.764661344242207,3.74,4
brool,4.080062631358183,0.0,4
broom,3.864543727461869,3.42,4
broos,4.555537900144562,1.06,5
brose,5.281767739448178,1.78,3
brosy,4.747313060708708,0.0,4
broth,4.44839048739799,3.39,4
brown,4.147732636426508,5.01,3
brows,4.633216191368273,3.34,5
bruck,3.839389622885871,2.02,4
brugh,3.834168605239971,1.41,4
bruhs,4.578603935348623,0.0,4
bruin,4.526201904062562,2.52,3
bruit,4.585210002206744,1.74,4
bruja,3.9569771718281648,1.82,3
brujo,3.7793072597252566,1.78,3
brule,4.834965103819307,2.21,4
brume,4.601048033225083,1.53,5
brung,4.055737535437621,2.08,3
brunt,4.43830442716994,3.12,4
brush,4.3738061518515385,4.23,4
brusk,4.320947478709272,0.0,3
brust,4.677377617791176,1.94,4
brute,4.861020347856476,3.42,4
bruts,4.92007365917874,0.0,3
bruvs,4.286593073791886,0.0,4
buats,5.13183823749142,0.0,4
buaze,4.287826961251035,0.0,5
bubal,3.78543046760121,0.0,5
bubas,4.25709714773173,0.0,5
bubba,2.838382622848439,3.3,5
bubbe,2.95599752620078,1.36,4
bubby,2.4000354586547155,2.13,6
bubus,3.119040493280643,0.0,6
buchu,2.8925358612658303,1.16,4
bucko,3.823015052528955,2.17,4
bucks,4.176069608972714,4.19,5
bucku,2.876351198152788,0.0,4
budas,4.935729545547741,0.0,5
buddy,3.2229761369890664,4.4,5
buded,3.806750679444148,0.0,4
budes,5.009499210314208,0.0,4
budge,4.207658383358276,3.23,5
budis,4.725280325813215,0.0,5
budos,4.748267861032166,0.0,5
buena,4.8344012226206825,2.96,4
buffa,3.2165370561539146,1.7,5
buffe,3.3333849243620253,0.0,5
buffi,2.9694661890845526,0.0,5
buffo,3.0337774951198826,1.36,4
buffs,3.3946216904191746,3.02,6
buffy,2.7799008497740267,3.42,5
bufos,4.405924161013309,0.0,5
bufty,3.673274886635353,0.0,5
bugan,4.291435220703155,0.0,5
buggy,3.00757850079502,3.32,5
bugle,4.409851243989125,2.92,4
buhls,4.467016783385466,0.0,4
buhrs,4.56881795836048,0.0,4
buiks,4.572536893947767,0.0,4
build,4.373826699610996,5.04,4
built,4.496060000761044,5.07,4
buist,4.688615180890583,1.61,5
bukes,4.830145383110068,0.0,5
bukos,4.56568967038253,0.0,5
bulbs,3.962708433982987,3.55,5
bulge,4.422843033445646,3.24,5
bulgy,3.875674122388925,1.56,4
bulks,4.475212686465701,1.99,5
bulky,3.860616618450549,3.3,4
bulla,3.927120349557984,2.24,4
bulls,4.107253313508181,3.97,5
bully,3.4911914352262614,3.87,5
bulse,4.952797999819797,0.0,4
bumbo,3.3459180580112635,1.65,4
bumfs,4.058786295008039,0.0,5
bumph,3.587198902124197,0.0,5
bumps,4.323075682221932,3.6,5
bumpy,3.706711623166629,3.18,5
bunas,5.108656767954502,0.0,5
bunce,4.468995951997362,2.26,4
bunch,3.76770725916282,4.57,4
bunco,4.169586693851692,1.76,4
bunde,4.54425223994481,1.03,4
bundh,3.882013793022356,0.0,5
bunds,4.607284413484239,1.93,5
bundt,4.172585138761455,2.15,4
bundu,3.3162831221688758,1.55,4
bundy,4.004790462737434,3.2,4
bungs,4.442786926329695,1.58,5
bungy,3.8336720299548896,1.62,4
bunia,4.696010062919848,1.08,4
bunje,3.9542039549680927,0.0,4
bunjy,3.398185579041061,0.0,5
bunko,4.0850989619802505,1.76,4
bunks,4.44026019007229,2.63,5
bunns,4.0517038014815245,0.0,5
bunny,3.4405735382662543,3.88,4
bunts,4.7959612843856165,1.92,5
bunty,4.186113685283005,2.15,4
bunya,4.329898526728442,1.37,4
buoys,4.65651708990533,2.77,5
buppy,3.127869086935154,0.0,5
buran,4.804714066282211,1.65,4
buras,5.286001781714679,1.38,3
burbs,4.108190540594335,2.41,4
burds,4.793555121529467,1.05,3
buret,4.95444731419194,1.15,3
burfi,4.035413920566723,0.0,4
burgh,3.900600919799668,2.86,3
burgs,4.631770858953948,1.56,5
burin,4.58749114213586,1.86,4
burka,4.455305023033024,2.59,4
burke,4.560171529978112,3.87,4
burks,4.622050073419198,2.37,4
burls,4.958926786394064,1.61,4
burly,4.350705030205338,2.82,5
burns,4.938099308416561,4.24,4
burnt,4.509806262038157,4.03,4
buroo,4.024219447799163,0.0,4
burps,4.728659374656246,2.26,3
burqa,3.912072966183882,2.58,5
burra,4.114351334364946,2.06,4
burro,3.93355845544956,2.35,4
burrs,4.287255876431607,2.22,4
burry,3.676836702396247,2.3,5
bursa,4.997481611146938,2.6,3
burse,5.096192526500976,1.63,4
burst,4.740698760295502,4.15,4
busby,3.51217217839273,2.68,4
bused,4.811131808277336,2.11,4
buses,4.613059976076597,4.02,4
bushy,4.050928986008611,2.98,4
busks,3.8553750345110376,1.21,5
busky,4.025249274682548,0.0,5
bussu,3.157326135052703,0.0,4
busti,4.606154248401278,1.19,4
busts,4.207311705330193,3.17,5
busty,4.385409291686607,3.07,4
butch,3.7583833298312506,3.37,4
buteo,4.812214650830284,1.63,4
butes,5.189970579396281,1.04,4
butle,4.733085635930624,0.0,4
butoh,4.181002269470403,1.64,4
butte,4.034051419149197,3.09,4
butts,4.086704023849495,3.53,4
butty,3.4785035943915834,1.99,4
butut,2.831559155577967,0.0,4
butyl,4.03851894433722,2.5,4
buxom,3.446481591887213,2.38,4
buyer,4.596957239639143,4.03,5
buyin,4.155551855373108,2.35,4
buzzy,2.5400919193541087,2.46,5
bwana,3.730274206139027,1.97,4
bwazi,3.517611217480577,0.0,5
byded,3.641554521231981,0.0,4
bydes,4.814940303243404,0.0,4
byked,4.056933683704811,0.0,5
bykes,4.636883865226218,0.0,4
bylaw,4.008472317759559,2.6,4
byres,5.188516675793991,1.81,4
byrls,4.756485262021151,0.0,4
byssi,3.840007402985371,0.0,4
bytes,4.993960274631687,3.26,4
byway,3.2056595861870942,2.23,4
caaed,4.679033261200359,0.0,4
cabal,4.113089467689103,3.04,5
cabas,4.569672842650567,1.19,5
cabby,3.5814645461098125,1.95,4
caber,5.077371022147624,1.91,5
cabin,4.674350699266054,4.13,3
cable,4.995620414133853,4.54,4
cabob,3.8127465397842366,0.0,5
caboc,3.838962195713602,0.0,5
cabre,5.105576849062733,0.0,4
cacao,3.685391214313816,2.86,4
cacas,4.083409319073568,0.0,6
cache,4.151203195348463,3.63,4
cacks,4.198549440944466,0.0,6
cacky,3.5913152915583164,0.0,5
cacti,4.163690501841517,2.75,4
caddy,3.825711735915804,2.96,4
cadee,4.727823542132009,1.05,3
cades,5.561483903542089,1.8,5
cadet,5.149575210396474,3.35,3
cadge,4.79140610328165,1.41,3
cadgy,4.26642387362853,0.0,4
cadie,5.22330937812874,1.21,3
cadis,5.31286433957217,0.0,4
cadre,5.264675095981602,3.04,4
caeca,3.8672908535050654,1.35,4
caese,5.0382215764017335,0.0,4
cafes,5.243680398380718,3.33,5
caffe,3.930552977867386,2.32,4
caffs,3.993985466927996,0.0,5
caged,4.824732595400643,3.06,5
cager,5.0795314508161455,1.54,5
cages,5.412993211050627,3.43,6
cagey,4.803879386476931,2.39,4
cagot,4.695241279172554,0.0,4
cahow,4.139352407626569,1.12,5
caids,5.326761521402389,0.0,4
cains,5.473886522274857,1.66,4
caird,5.075396576291096,2.18,4
cairn,5.154309694608593,2.87,4
cajon,4.219032147675817,2.45,4
cajun,4.009142484523072,2.99,4
caked,4.78464585977184,2.7,5
cakes,5.377956196212261,3.85,5
cakey,4.765253226785026,2.12,4
calfs,4.898830308653383,1.59,5
calid,4.96550437024139,0.0,5
calif,4.56329532050449,3.83,4
calix,4.321840456740903,1.6,4
calks,5.063633778277151,1.21,5
calla,3.7575703894825936,2.36,4
calle,4.634905212045937,2.91,4
calls,4.699322196745537,4.91,5
calms,5.184873610959791,2.98,4
calmy,4.577510814313981,1.35,4
calos,5.493831209410414,0.0,5
calpa,4.251369179647434,0.0,4
calps,5.189297883426466,0.0,4
calve,4.727657235185187,1.96,4
calyx,3.932805573583324,2.45,3
caman,4.229555791673714,0.0,3
camas,4.704847303282097,2.14,5
camel,5.1087168940159575,3.64,4
cameo,5.124461055043977,3.48,3
cames,5.54950024743362,1.51,5
camis,5.282386625515497,1.37,4
camos,5.25861325194728,1.7,4
campi,4.515620999519999,1.88,3
campo,4.538217225354229,2.87,3
camps,4.937324469290568,4.19,5
campy,4.328477925088188,2.51,3
camus,5.038592841375806,2.88,4
canal,4.44941116502696,4.22,4
cando,4.821138270812922,1.64,4
candy,4.608758086322601,4.29,3
caned,5.1689323550508055,2.18,4
caneh,5.028493902793566,0.0,4
caner,5.410403306113873,1.8,5
canes,5.753191023552713,3.11,5
cangs,5.033227136488756,0.0,6
canid,4.937901297937344,1.74,4
canna,3.716407843193885,2.49,4
canns,4.651650115924529,0.0,4
canny,4.049457034242768,2.89,4
canoe,5.359458974208484,3.5,3
canon,4.2860180180958,4.11,4
canso,5.195716524939843,1.84,4
canst,5.161453362198191,2.34,3
canti,4.984672304171423,1.62,3
canto,5.00808127451344,2.81,4
cants,5.395856359187277,1.68,4
canty,4.796106906939536,1.95,4
capas,4.689734937932271,1.4,5
capax,3.486205463330576,1.11,4
caped,4.931414623757059,2.36,4
caper,5.190898700490027,2.86,4
capes,5.529422004736066,3.0,5
capex,4.33434680093833,2.32,4
caphs,4.828771115377225,0.0,4
capiz,4.100867032974859,1.85,4
caple,5.110321784114627,1.42,4
capon,4.758670305610402,2.19,4
capos,5.240077434370885,1.87,5
capot,4.812536475306455,0.0,4
capri,4.863772229062448,3.06,4
capul,4.56874503367969,0.0,4
caput,4.589707131548915,2.08,4
carap,4.39844797628917,0.0,4
carat,4.67718684492093,3.15,3
carbo,4.814293733152571,2.31,4
carbs,5.200917781712041,3.36,5
carby,4.602936500071035,1.7,4
cardi,4.986845909803115,2.77,4
cards,5.386372880838307,4.76,5
cardy,4.796959372570453,1.98,4
cared,5.348118751234387,4.11,4
carer,4.798958358654279,2.86,5
cares,5.929949227245957,4.4,3
caret,5.526262192616866,1.91,2
carex,4.747104815803001,2.17,4
cargo,4.84043085128706,4.19,4
carks,5.212552828444901,0.0,5
carle,5.496198476099255,2.53,4
carls,5.551775315219554,1.93,5
carne,5.47833870588068,2.76,4
carns,5.532619783416882,1.36,4
carny,4.942137684356475,1.97,3
carob,4.823421524491078,2.11,4
carol,5.173589198617759,4.02,4
carom,4.9620576097830495,1.97,3
caron,5.166183149942432,2.65,3
carpe,5.279745711447036,2.64,3
carpi,4.923825654455643,2.02,4
carps,5.337599588632183,1.85,4
carrs,4.881958306023856,1.7,5
carry,4.283188591669414,4.89,4
carse,5.682396732285407,1.7,3
carta,4.652258857389647,2.91,3
carte,5.522400241515814,3.16,3
carts,5.578408021176672,3.45,4
carve,4.8797395715864536,3.41,4
carvy,4.348944688538357,0.0,4
casas,4.327818681316715,2.66,5
casco,4.379672877248807,2.23,4
cased,5.370883738427519,2.58,5
caser,5.629430872291083,0.0,5
cases,5.169503354530858,5.04,5
casks,4.448197284476179,2.71,4
casky,4.617025926294734,0.0,4
caste,5.548012543994595,3.6,3
casts,4.808696775689369,3.58,5
casus,4.6594914987732166,2.2,5
catch,3.7953240735544016,4.87,5
cater,5.409881959257265,3.55,4
cates,5.746363871643066,2.58,3
catty,4.088430839340652,2.56,4
cauda,4.167091794992398,1.93,4
cauks,4.928760280541695,0.0,4
cauld,4.732766998666118,1.29,4
caulk,4.49352029988154,2.29,4
cauls,5.296304566063405,0.0,4
caums,5.04621024876046,0.0,5
caups,5.052717838822893,0.0,5
cauri,4.9476488073861455,0.0,5
causa,4.5402847519824,2.55,4
cause,5.365173307292889,5.35,3
cavas,4.310998603967113,1.11,6
caved,4.550864741543282,2.98,5
cavel,4.704248263352577,0.0,4
caver,4.80452867762104,1.77,6
caves,5.143429726849355,3.69,5
cavie,4.78573414639324,0.0,4
cavil,4.438611167003296,2.04,4
cavus,4.642383875666843,1.21,6
cawed,4.6678009272711165,0.0,4
cawks,4.537174369350549,0.0,5
caxon,4.2198871441758605,0.0,5
cease,5.006127832911186,4.03,4
ceaze,4.097482625286528,0.0,4
cebid,4.521713032869344,0.0,4
cecal,4.364071208402068,1.5,5
cecum,3.670033338507796,1.81,4
cedar,5.139930542908629,3.76,4
ceded,3.589925810271439,3.03,4
ceder,4.447926916008617,1.35,4
cedes,4.772632554718963,2.09,5
cedis,5.253742224488109,1.72,4
ceiba,4.889525950502719,1.88,5
ceili,4.306036134338566,1.42,4
ceils,5.47973522216014,0.0,4
celeb,4.183646758174377,3.0,4
cella,4.475349123694113,2.1,4
celli,4.247895004796991,1.74,4
cello,4.291504136100808,3.29,4
cells,4.653878500066692,4.75,4
celly,4.0415434887461945,1.95,4
celom,4.786892333570579,0.0,4
celts,5.375402541497966,2.82,4
cense,4.72542382434451,1.36,4
cento,4.989774186668541,2.27,4
cents,5.340967525030867,4.36,4
centu,4.708845094241739,1.21,4
ceorl,5.147889907070686,0.0,4
cepes,4.740621250682388,1.01,4
cerci,4.286536142536512,1.96,4
cered,4.569284772723725,0.0,4
ceres,5.147053648097879,2.86,3
cerge,4.380876493414862,0.0,5
ceria,5.413799172687872,1.69,4
ceric,4.329926295617571,1.28,4
cerne,4.6987755670580285,1.54,4
ceroc,4.3456089487844025,0.0,5
ceros,5.618355637849453,1.03,4
certs,5.525295169866842,2.22,3
certy,4.9223280241110565,0.0,3
cesse,4.175001796880768,0.0,5
cesta,5.3746043251196935,1.46,4
cesti,5.157240180826191,0.0,4
cetes,4.95723654701991,0.0,4
cetyl,4.598455500107067,1.47,4
cezve,3.18423061681594,0.0,5
chaap,3.8347571771487177,0.0,4
chaat,4.1145537594093495,1.87,4
chace,4.075840354181981,2.31,5
chack,3.3372522008091794,1.26,4
chaco,3.766918863234164,2.49,3
chado,4.435877820918977,0.0,4
chads,4.803062611973887,1.98,5
chafe,4.396478969849438,2.4,5
chaff,3.149330582689973,2.75,4
chaft,4.042213877766913,0.0,4
chain,4.607556767630741,4.65,3
chair,4.772677530619422,4.69,4
chais,5.077491764139627,1.41,5
chalk,4.1955089666242,3.69,4
chals,4.9934987675407685,0.0,4
champ,4.035467335883376,3.9,4
chams,4.747640587757501,1.43,4
chana,4.039220152928051,2.32,4
chang,4.136791343572397,3.73,4
chank,4.149845340571667,1.35,4
chant,4.528158640305481,3.6,3
chaos,5.074924040646579,4.27,4
chape,4.683051826994465,1.41,5
chaps,4.752300478127957,3.12,5
chapt,4.329329930659943,1.47,4
chara,4.177076743864349,2.82,4
chard,4.539851160203845,2.71,5
chare,5.026368396391733,1.38,4
chark,4.297008895780827,1.38,4
charm,4.408509925937683,4.12,5
charr,3.985759777919708,1.91,5
chars,5.087663637892468,2.5,5
chart,4.673629755578109,4.47,4
chary,4.495610016931935,1.64,4
chase,5.087969622775489,4.44,4
chasm,4.505599434080102,2.96,4
chats,4.990523723425992,3.37,3
chava,3.4474640775419503,1.87,5
chave,4.282896696469041,1.41,6
chavs,4.361349459275044,2.11,6
chawk,3.647889631043821,1.05,5
chawl,3.997838362163608,1.3,4
chaws,4.447961479127717,0.0,4
chaya,3.7809619896281097,2.16,4
chays,4.674163943538287,0.0,5
cheap,4.531003226687704,4.71,4
cheat,4.810288619816562,4.06,4
cheba,4.386056193874476,1.02,4
check,3.281393775380069,5.31,5
chedi,4.342069846198417,1.78,4
cheeb,3.780970605199209,0.0,5
cheek,3.8092493046491063,3.96,5
cheep,3.90883092936151,2.47,5
cheer,4.2640165545842255,4.06,5
cheet,4.185321039982852,0.0,4
chefs,4.405196943649079,3.64,4
cheka,4.401895319924936,1.85,4
chela,4.769540327753607,1.98,4
chelp,4.243591078669939,0.0,4
chemo,4.34238874174123,3.25,4
chems,4.69034387766518,1.81,5
chere,4.259614052811069,1.85,4
chert,4.621797657528843,2.26,4
chess,4.315469511852992,3.94,4
chest,4.695852686281807,4.52,4
cheth,3.6784881931480897,0.0,4
chevy,3.696323667117077,3.53,5
chews,4.390091840505158,2.78,4
chewy,3.787954877680468,2.94,5
chiao,4.672405312048017,2.15,3
chias,5.092577423696056,0.0,5
chiba,4.246695629726454,2.64,4
chibs,4.410005697428127,1.66,5
chica,3.7719156164361394,2.77,4
chich,2.655020893118701,1.41,4
chick,3.1265163291600424,4.08,4
chico,3.5808845855952973,3.21,4
chics,3.936239448396008,1.57,4
chide,4.539632368619007,2.18,4
chief,4.240835827909884,5.11,4
chiel,4.753565493573807,1.12,4
chiko,4.072529252536181,1.74,4
chiks,4.421858090295673,0.0,4
child,4.232872453913066,5.3,4
chile,4.739129782004923,4.06,4
chili,3.610662661371966,3.73,4
chill,3.62572734294402,4.18,5
chimb,3.7056756412213545,0.0,4
chime,4.489916131169126,3.14,4
chimo,4.185208463557156,1.48,4
chimp,3.829425898712624,2.95,4
china,4.577406692577895,5.1,3
chine,4.688840704826154,2.52,5
ching,3.91811068755784,3.37,4
chink,3.9355783284125714,2.61,4
chino,4.386366482208395,3.02,3
chins,4.736944649499043,2.69,4
chips,4.546012693326495,4.21,4
chirk,4.093800638373183,1.81,5
chirl,4.416728384764169,0.0,5
chirm,4.206518512816997,0.0,5
chiro,4.538792047560504,2.03,4
chirp,4.190909757531735,2.79,4
chirr,3.7849399467668894,0.0,5
chirt,4.470693507016553,0.0,4
chiru,4.250079464092812,1.66,4
chiti,3.6142897829738665,1.01,3
chits,4.784884652396957,1.86,4
chiva,3.9914296976746897,1.45,4
chive,4.0943487949023005,2.21,5
chivs,4.154240855536705,0.0,5
chivy,3.546887829066621,0.0,4
chizz,2.7060504082513863,0.0,5
chock,3.1713161171734088,2.86,4
choco,2.9075167337866223,2.64,4
chocs,3.985336416168703,1.58,5
chode,4.568485952869553,2.1,4
chogs,4.477814834006846,0.0,6
choil,4.466147117947358,0.0,3
choir,4.60548578392661,3.88,4
choke,4.398774535887462,3.72,5
choko,3.3964200460537146,1.44,4
choky,3.8675090820144,1.16,4
chola,4.637985574789394,2.33,4
choli,4.407689643347288,1.72,3
cholo,3.7558417696382422,2.35,4
chomp,3.8708816190936313,2.53,4
chons,4.7901248952015685,0.0,5
choof,3.2489229530128125,0.0,4
chook,3.4087448881348803,2.16,4
choom,3.5228468064710023,1.38,4
choon,3.73279391223814,2.23,3
chops,4.589445395891588,3.38,4
chord,4.378475040573607,3.65,4
chore,4.868588486230631,3.15,4
chose,4.9332105577361975,4.55,5
choss,4.209966225488399,0.0,5
chota,4.640457711542676,2.14,4
chott,3.705097149320687,0.0,4
chout,4.256600124592069,1.03,4
choux,3.478441672405109,2.05,4
chowk,3.4771279056203537,2.44,5
chows,4.280534830499939,1.87,5
chubs,4.190714122114144,2.0,5
chuck,2.9102583313386083,4.17,4
chufa,3.87406119734024,0.0,4
chuff,2.718225778332358,1.71,4
chugs,4.212433587962219,2.21,4
chump,3.604099909096784,2.91,4
chums,4.320746614181069,2.6,4
chunk,3.724826772108638,3.64,4
churl,4.190413065978071,1.51,4
churn,4.191710736076476,3.07,4
churr,3.5603465575512514,0.0,4
chuse,4.677444710957752,1.33,5
chute,4.511475224760196,3.19,4
chuts,4.5680871996986925,0.0,4
chyle,4.357457147693747,1.4,4
chyme,4.112963305188007,1.34,4
chynd,3.815761289502203,0.0,4
cibol,4.437910189451167,0.0,4
cided,4.126654729047787,0.0,4
cider,4.985157266246211,3.5,4
cides,5.317195605121337,0.0,5
ciels,5.412036520576916,0.0,4
cigar,4.769616580538942,3.57,4
ciggy,3.322953314394106,1.5,5
cilia,4.270584120328157,2.65,3
cills,4.428998366768154,0.0,5
cimar,4.898075476588044,0.0,4
cimex,4.104675150353212,1.46,4
cinch,3.5239005140788224,2.65,4
cinct,3.853295050198057,0.0,3
cines,5.506704195518456,1.32,5
cinqs,4.244341528142954,0.0,5
cions,5.24682799793962,0.0,4
cippi,2.886772738306461,0.0,4
circa,4.300621273196849,3.57,4
circs,4.462183937170424,1.52,5
cires,5.689190806136645,1.15,4
cirls,5.281227460111571,0.0,5
cirri,3.433624320796982,1.64,4
cisco,4.138182514148153,3.49,5
cissy,4.1240947392289335,2.33,5
cists,4.5345389356527726,1.38,4
cital,4.947016158901412,0.0,4
cited,4.900470817253646,4.29,4
citee,4.665384631108732,0.0,4
citer,5.162918732991825,0.0,4
cites,5.49934984701008,3.61,3
cives,4.896022320282526,1.11,5
civet,4.475086474782234,2.12,4
civic,2.502745431585316,4.0,4
civie,3.746989486094132,0.0,5
civil,3.362153933200504,4.93,3
civvy,2.9800944043525632,1.57,4
clach,3.7026673333758833,1.02,4
clack,3.652540323448492,2.61,4
clade,5.041607214656039,2.37,4
clads,5.112533227714034,1.34,6
claes,5.6787556765478815,2.26,3
clags,4.949438151761264,0.0,5
claim,4.710358323217935,4.95,3
clair,5.0606374557223,3.28,4
clame,4.987912136194385,0.0,5
clamp,4.340275841560896,3.45,4
clams,5.055451446389697,3.13,4
clang,4.434575612685527,2.63,4
clank,4.44695632696796,2.66,3
clans,5.249476734617434,3.45,5
claps,5.062464875361301,2.89,5
clapt,4.628773708548885,0.0,4
claro,5.007580476928016,2.44,4
clart,4.953446696258526,0.0,4
clary,4.785812957309751,2.78,5
clash,4.747094008281848,3.97,4
clasp,4.79921562920647,3.1,4
class,4.683629133218944,5.36,5
clast,5.056711254375843,1.55,4
clats,5.299146093357582,0.0,4
claut,4.721575781557855,0.0,4
clave,4.59806215861979,2.25,5
clavi,4.253344382624531,0.0,3
claws,4.760059309749363,3.56,5
clays,4.984674513215737,2.79,5
clean,5.066103054161212,4.97,4
clear,5.200819228557163,5.25,4
cleat,5.11776968632578,2.37,4
cleck,3.6022140387125376,0.0,5
cleek,4.12374490411697,1.31,4
cleep,4.225667956528538,0.0,4
clefs,4.724250020159241,1.63,5
cleft,4.294839363062366,2.94,4
clegs,4.896239759157032,0.0,4
cleik,4.556539228480015,0.0,4
clems,5.007974697902514,1.24,5
clepe,4.232319676528267,0.0,4
clept,4.580346070964633,0.0,4
clerk,4.534860317556385,4.0,3
cleve,3.834391640892308,2.59,4
clews,4.711086350639053,1.82,5
click,3.445065031411552,4.82,4
clied,4.912541624461617,0.0,4
clies,5.507529766629046,0.0,4
cliff,3.2497105650292823,4.1,4
clift,4.139181382726628,2.41,3
climb,4.014221238481397,4.22,4
clime,4.802576432718251,1.94,4
cline,4.99252156412687,2.84,4
cling,4.21701162110246,3.49,3
clink,4.233347429513585,2.62,4
clint,4.6045156197170805,3.53,3
clipe,4.811294125625108,0.0,5
clips,4.861944250361369,4.04,4
clipt,4.426727370137448,0.0,4
clits,5.09853092445779,1.86,3
cloak,4.608674373536261,3.57,4
cloam,4.724900038139664,0.0,4
clock,3.4823844193813573,4.43,4
clods,4.948503229938887,2.0,5
cloff,3.2867903221800203,0.0,5
clogs,4.783436672006184,2.79,5
cloke,4.707658762663721,2.0,5
clomb,4.050511690699865,0.0,4
clomp,4.173447466597776,1.48,4
clone,5.023934014779347,3.68,4
clonk,4.279978346825768,1.38,3
clons,5.086302277095444,0.0,4
cloop,3.810354399640445,0.0,4
cloot,4.08507021020402,0.0,4
clops,4.899540835556604,1.34,4
close,5.244577586151444,5.36,4
clote,5.073936693079502,0.0,4
cloth,4.391237800930356,4.03,4
clots,5.135876815557831,2.97,3
cloud,4.429341624269427,4.46,4
clour,4.649801871053811,0.0,4
clous,4.994312427208069,0.0,5
clout,4.555430518911917,3.23,4
clove,4.433688012344676,2.91,5
clown,4.1032808292568586,3.93,3
clows,4.591026873370023,0.0,5
cloye,4.774695071959878,0.0,5
cloys,4.82723932301242,0.0,5
cloze,4.334512746152527,1.55,5
clubs,4.498951882469087,4.51,4
cluck,3.22052769593192,2.32,4
clued,4.675196848524618,2.4,4
clues,5.277797260839825,3.82,5
cluey,4.666196667641367,0.0,4
clump,3.905250422630565,2.94,3
clung,4.001077130862528,2.98,3
clunk,4.016801127253137,2.23,4
clype,4.430978829976124,0.0,4
cnida,4.670796294058716,0.0,4
coach,3.898277979747088,4.96,4
coact,4.228957656110166,0.0,4
coady,4.702727867379989,2.19,4
coala,4.568622339724287,0.0,4
coals,5.49625293061518,2.98,5
coaly,4.887049075787841,0.0,4
coapt,4.827244878411844,0.0,4
coarb,4.774014659891276,0.0,3
coast,5.255373213057436,4.87,4
coate,5.390011288227753,1.69,4
coati,5.03958965186355,1.58,3
coats,5.49407109230298,3.74,3
cobbs,3.992268597326701,2.18,5
cobby,3.3791085570840877,1.99,4
cobia,4.698470799678063,1.64,3
coble,4.802595822286982,2.0,4
cobot,3.790879001309624,0.0,4
cobra,4.770313397924029,3.51,4
cobza,3.917727749047843,0.0,5
cocas,4.63802754152703,0.0,4
cocci,3.0396589073576368,1.77,4
cocco,2.3920334847110167,1.72,4
cocks,3.9989880999603193,3.46,5
cocky,3.390872306555793,3.39,4
cocoa,3.529754785118338,3.64,4
cocos,3.7359170541898328,2.58,5
cocus,4.227506486827167,0.0,5
codas,5.289881704424856,1.5,4
codec,4.126285715702072,2.67,4
coded,4.196631173212853,3.58,4
coden,4.937478104063887,1.39,3
coder,5.053532683552537,2.69,4
codes,5.385043930221391,4.18,4
codex,4.204578114544815,3.18,4
codon,3.914238713254084,2.45,3
coeds,5.266816819847097,1.96,4
coffs,3.7934561921756966,2.29,5
cogie,4.859677470274889,0.0,4
cogon,3.7417034244940144,1.09,4
cogue,4.625751844502872,0.0,5
cohab,4.279637192152962,0.0,4
cohen,4.761947714817143,3.98,4
cohoe,4.139731832353493,0.0,5
cohog,3.405138508807516,0.0,5
cohos,4.210508856104752,0.0,4
coifs,4.783314961151962,1.27,5
coign,4.486380895069381,0.0,3
coils,5.315238020880488,3.36,4
coins,5.267016976331593,4.26,4
coirs,5.417186115997829,0.0,4
coits,5.316019738295564,0.0,3
coked,4.608131217250794,2.3,6
cokes,5.203643848321385,2.48,5
cokey,4.588247172211525,1.71,4
colas,5.494872690674739,2.47,4
colby,4.25023667859376,3.25,4
colds,5.040128879188103,2.97,5
coled,5.022938056724442,0.0,5
coles,5.615454770182392,3.15,4
coley,5.003681353104693,2.4,5
colic,4.012192027219491,2.65,3
colin,4.819145690926041,4.09,2
colle,4.443965410947203,2.38,5
colls,4.502563703648184,1.68,5
colly,3.8939156952360494,1.79,4
colog,3.788927556680914,0.0,4
colon,4.102565667721337,3.6,3
color,4.253482486672951,4.91,4
colts,5.228213375251739,3.61,3
colza,4.291420787625056,1.07,3
comae,5.149853863962896,0.0,4
comal,4.794853724921612,1.9,4
comas,5.2586677030976325,2.35,5
combe,4.543771416249733,2.46,4
combi,4.1765678569463685,2.37,4
combo,3.5250795210594874,3.8,4
combs,4.604043670524032,3.17,5
comby,3.993962668196012,0.0,4
comer,5.028229621334953,2.86,5
comes,5.37234390411643,5.36,4
comet,4.949717157178704,3.64,4
comfy,3.852191966381776,3.63,4
comic,3.76664561393594,4.42,4
comix,3.866794970158809,2.08,4
comma,3.961638062515593,3.27,4
comme,4.106335655012389,2.84,4
commo,3.087913856715459,1.86,4
comms,4.166663870456452,3.08,5
commy,3.554166764112201,1.31,4
compo,3.659205203830696,2.33,4
comps,4.736198535998749,2.75,5
compt,4.301834852216464,1.08,4
comte,4.931130187192757,2.91,5
comus,4.846778249656728,1.89,5
conch,3.6065172568893353,2.79,4
condo,3.943464332760245,3.63,4
coned,4.996327459945771,1.79,5
cones,5.581267439118652,3.39,4
conex,4.395050093290686,1.3,5
coney,4.972837978467202,3.06,4
confs,4.671293236573799,1.05,5
conga,4.64471508156312,2.67,3
conge,4.779843622049274,0.0,4
congo,3.764983503667618,3.75,4
conia,5.048446549463731,0.0,3
conic,3.985519422723377,2.42,3
conin,4.099996477722888,0.0,4
conks,4.833797809799544,1.46,5
conky,4.229456200935874,1.5,4
conne,4.398821770611965,1.67,4
conns,4.452435858525412,1.15,4
conte,5.14649156662791,3.18,4
conto,4.1277242189955246,1.61,4
conus,5.059508770048081,2.33,5
convo,3.4974032263543826,2.99,4
cooch,2.999686084770625,2.35,4
cooed,4.379139616572445,2.03,5
cooee,4.105311505214236,1.75,4
cooer,4.628585205544941,0.0,6
cooey,4.350451409716654,1.1,4
coofs,4.06745408033088,0.0,6
cooks,4.229704398593194,3.65,6
cooky,3.617853545314053,1.93,4
cools,4.600026044454513,3.05,4
cooly,3.985582025421055,1.96,4
coomb,3.5141962769610458,1.09,4
cooms,4.352558627708137,0.0,5
coomy,3.736904184589125,0.0,4
coons,4.560556850672213,2.52,6
coops,4.35373057325591,2.46,5
coopt,3.927337308818111,1.48,4
coost,4.360918586994577,0.0,4
coots,4.597972318089887,2.4,4
cooty,3.9877967650765074,0.0,4
cooze,3.7761067591117214,1.35,5
copal,4.778058710965781,1.76,4
copay,4.625910261405028,2.0,4
coped,4.757019711901218,2.63,5
copen,4.8867042192596735,1.45,5
coper,5.013861499844699,1.39,4
copes,5.354470688595876,2.46,4
copha,4.42698347118376,0.0,4
coppy,3.5383397089750512,1.4,5
copra,4.88265580319727,2.15,5
copse,5.088676869089806,2.34,4
copsy,4.53951712595465,0.0,5
coqui,3.7241780985378488,1.58,4
coral,5.1616942135922566,3.86,5
coram,4.962243865390115,2.29,4
corbe,4.951333989436904,0.0,4
corby,4.402236136592539,2.75,5
corda,5.006872640213383,1.9,3
cords,5.190351810767445,3.35,5
cored,5.174306236171982,2.29,4
corer,4.625364557967775,1.58,4
cores,5.757377853941414,3.52,3
corey,5.15237353209954,3.7,4
corgi,4.612008002798345,2.83,3
coria,5.224218421498044,1.44,4
corks,5.013767175501288,2.57,4
corky,4.411827985908187,2.58,5
corms,5.132186550900228,1.83,4
corni,4.922410336124273,0.0,3
corno,4.273300231338867,1.51,4
corns,5.334750962176863,2.45,4
cornu,4.7082768441863205,1.95,4
corny,4.741027232493146,3.23,5
corps,5.138895344622911,4.27,4
corse,5.489785417276736,2.39,4
corso,4.500628678623382,2.72,3
cosec,4.53318820110189,0.0,4
cosed,5.198139828688013,0.0,4
coses,4.995727721741741,0.0,6
coset,5.388747419629431,1.5,3
cosey,5.15448414787086,1.56,4
cosie,5.412039215808817,0.0,4
costa,5.212866226643448,4.15,4
coste,5.355199490951746,2.01,4
costs,4.610715187044206,4.96,4
cotan,4.982533673026428,0.0,4
cotch,3.595406128751811,1.36,4
coted,4.973355142519432,0.0,4
cotes,5.5705485042257,2.15,3
coths,4.8365148905084805,0.0,4
cotta,4.296772708338624,2.85,4
cotts,4.489457631739369,1.54,4
couch,3.493557308205082,4.17,4
coude,4.807368739532992,0.0,4
cough,3.998897746403708,3.95,5
could,4.5350163491222215,6.06,4
count,4.630678018569896,4.83,3
coupe,4.76372576642315,3.34,4
coups,4.854124149287856,2.87,4
courb,4.370867508669464,0.0,3
courd,4.646176808747024,0.0,4
coure,5.115525932407065,1.11,4
cours,5.199989429312121,2.59,4
court,4.77653480818041,5.41,4
couta,4.870092601148718,0.0,4
couth,4.35271813201808,1.46,4
coved,4.3747554652246246,1.69,6
coven,4.5031509071780045,3.0,5
cover,4.6272929512773375,5.08,5
coves,4.968005814848325,2.49,5
covet,4.547638336470266,2.82,4
covey,4.351280652260912,2.61,4
covin,4.194971346803049,1.1,3
cowal,4.49054111196926,1.46,4
cowan,4.475300192626699,3.18,3
cowed,4.479605415239551,2.4,6
cower,4.730829511159532,2.55,5
cowks,4.326574927445553,0.0,5
cowls,4.6941282205195565,1.82,4
cowps,4.446740766268464,0.0,5
cowry,4.1903149509242805,1.44,5
coxae,4.582320781476424,1.41,4
coxal,4.233046018135273,1.12,5
coxed,4.214376189082986,1.58,7
coxes,4.804229217339213,1.5,6
coxib,3.675408640852648,0.0,4
coyau,4.54116907674595,0.0,4
coyed,4.730338450022238,0.0,5
coyer,4.980822429107907,1.1,5
coyly,3.725724561919515,2.08,4
coypu,4.067596750378027,1.09,4
cozed,4.269252422944023,0.0,6
cozen,4.398966977071659,1.52,5
cozes,4.859675554921736,0.0,6
cozey,4.246622970481866,0.0,5
cozie,4.481440498513019,0.0,4
craal,4.498825447681213,0.0,4
crabs,5.063223693667281,3.4,4
crack,3.796796466062198,4.41,5
craft,4.4948991593916245,4.3,4
crags,5.084851516627458,2.52,4
craic,4.239018938470224,2.29,4
craig,4.733443885500351,4.18,4
crake,5.008026382500699,1.96,5
crame,5.123867912169732,1.33,4
cramp,4.480951349268108,3.04,5
crams,5.1887833408373565,1.84,5
crane,5.325970142727653,3.92,5
crank,4.592838153919976,3.61,4
crans,5.385253382122219,1.67,4
crape,5.132443254997344,1.83,4
craps,5.197648686597593,2.8,5
crapy,4.60296524414691,1.12,5
crare,4.671037105958682,0.0,4
crash,4.880505811701052,4.55,4
crass,4.808466303569937,2.96,5
crate,5.379587082114878,3.47,4
crave,4.735053527685705,3.47,5
crawl,4.41897579819914,3.77,5
craws,4.895800054895998,1.18,6
crays,5.1174093485136,1.23,5
craze,4.636620310974282,3.35,5
crazy,4.107683441625737,5.07,4
creak,4.886730680628874,2.52,5
cream,5.000887414531436,4.62,4
credo,4.854079469451715,2.77,3
creds,5.187611719220151,2.1,4
creed,4.463988283037789,3.7,4
creek,4.26533681965793,4.37,5
creel,4.588594011992481,2.39,4
creep,4.365451510948469,3.84,4
crees,5.04460817664671,1.88,4
crein,5.019081751093935,0.0,3
crema,4.967356235062705,2.26,4
creme,4.359901641583289,3.12,4
crems,5.13709145090137,0.0,5
crena,5.177435921418775,0.0,5
crepe,4.36798732259215,2.87,4
creps,5.143645552909617,1.21,4
crept,4.7269144166304224,3.15,4
crepy,4.544736083316288,0.0,4
cress,4.75943758976277,2.49,5
crest,5.145728533450159,3.65,4
crewe,4.06666536519073,2.96,4
crews,4.844171657354891,3.89,4
crias,5.538441652949383,0.0,4
cribo,4.5079700658558615,0.0,4
cribs,4.856856200069057,2.71,4
crick,3.586291634469672,2.8,4
cried,5.050857985508974,4.19,4
crier,4.518004816719383,2.42,4
cries,5.634233132859421,3.93,4
crime,4.938303386214366,4.89,4
crimp,4.273320865976603,2.61,4
crims,4.982136629801518,1.84,5
crine,5.135088155599348,1.12,4
crink,4.3786073372847865,0.0,4
crins,5.172518543303414,0.0,4
crios,5.3442066142908455,0.0,4
cripe,4.946980742992943,1.21,4
crips,4.990914632386512,2.48,4
crise,5.347173075094319,1.82,4
crisp,4.7266230934931865,3.7,4
criss,4.603948131312055,2.98,4
crith,4.495144867137663,0.0,4
crits,5.236562654197216,1.81,5
croak,4.755703580328667,2.4,4
croci,4.014589722997922,1.2,5
crock,3.6277974909025934,3.03,4
crocs,4.433555576062048,2.87,4
croft,4.327802496768956,3.17,4
crogs,4.919314108612232,0.0,4
cromb,4.1931496471975365,0.0,4
crome,4.960934662476498,1.76,4
crone,5.165637459194542,2.6,4
cronk,4.427002047069922,2.25,4
crons,5.221360273656689,0.0,5
crony,4.635098795322312,2.73,4
crook,3.857089222070898,3.41,4
crool,4.178505683236268,0.0,3
croon,4.172249079496535,2.2,4
crops,5.032884098876439,4.05,3
crore,4.516801521484511,3.37,4
cross,4.644375257826538,5.0,4
crost,5.03399147275879,0.0,4
croup,4.425095404726356,2.23,4
crout,4.704333630406233,1.19,4
crowd,4.173130268270655,4.7,4
crowl,4.247498142138232,1.37,4
crown,4.24760007158003,4.56,4
crows,4.726813893627388,3.47,4
croze,4.474933817913231,1.19,5
cruck,3.369858035649601,1.19,4
crude,4.762927858414202,4.0,3
crudo,4.4960287221378765,1.7,3
cruds,4.829479580726563,0.0,4
crudy,4.23873202393259,0.0,3
cruel,4.943179296910249,4.12,5
crues,5.41254362185169,1.2,4
cruet,4.998958136084379,1.71,3
cruft,4.066362027493298,1.69,4
crumb,3.929596010647478,2.97,4
crump,4.050479486777379,2.75,4
crunk,4.168002734654304,2.23,4
cruor,4.037005290829567,0.0,4
crura,4.162943858453687,1.16,4
cruse,5.124318979754871,2.18,4
crush,4.460112979603509,4.17,4
crust,4.7765207686474245,3.7,4
crusy,4.583680102721427,0.0,4
cruve,4.318607769311872,0.0,4
crwth,3.864927585833852,0.0,4
cryer,4.1404206191765285,2.34,5
cryne,4.771140108724237,0.0,4
crypt,4.187604061153943,3.1,3
ctene,4.347066859087811,0.0,3
cubby,3.079397334309001,2.55,4
cubeb,3.648480443006074,1.1,4
cubed,4.356998826645156,2.53,4
cuber,4.612361791625292,1.43,5
cubes,4.953097839938186,3.43,4
cubic,3.3443089155302426,3.71,4
cubit,4.220685728361356,2.07,3
cucks,3.7023256930704327,2.22,5
cudda,3.768194627459263,0.0,4
cuddy,3.326834652668221,2.53,4
cueca,4.125683679919917,0.0,4
cuffo,3.138856486041844,0.0,4
cuffs,3.495622952800029,3.24,4
cuifs,4.498129246589293,0.0,5
cuing,4.156793813086428,1.67,4
cuish,4.4731713001488735,0.0,4
cuits,5.030117488188828,0.0,4
cukes,4.919598672866283,1.4,5
culch,3.3363016615489904,0.0,4
culet,4.901589879333083,1.07,4
culex,4.12827838437299,2.09,4
culls,4.2062627066376725,2.2,5
cully,3.5950707838980804,2.07,3
culms,4.689289938542075,1.66,5
culpa,4.520042449784684,2.53,3
culti,4.517092503200629,1.26,3
cults,4.928926204027934,3.15,3
culty,4.323424681206419,1.85,3
cumec,3.80335760276858,0.0,4
cumin,4.300422140330553,3.01,3
cundy,4.10999690745946,1.73,4
cunei,4.871938872972634,0.0,4
cunit,4.570482059585872,0.0,3
cunny,3.547363766510585,1.76,4
cunts,4.898730540388258,3.33,3
cupel,4.626968799789896,0.0,4
cupid,4.202753683098616,3.2,4
cuppa,3.680316174755528,2.7,4
cuppy,3.2413250103407854,1.72,4
cupro,4.435822983998407,1.54,4
curat,4.965139225811062,0.0,4
curbs,4.701878146868155,2.78,3
curch,3.4864370984969617,0.0,4
curds,4.890175222695272,2.48,4
curdy,4.295769080401698,1.06,4
cured,4.880003183625227,3.74,4
curer,4.332556998308771,1.12,4
cures,5.471017667699067,3.34,3
curet,5.057813409084627,1.11,3
curfs,4.552345853693983,0.0,5
curia,4.977362398645751,2.56,4
curie,5.10263948332887,2.88,4
curio,4.7916350994164025,2.43,3
curli,4.646456619321373,0.0,4
curls,5.055243200594108,3.42,5
curly,4.453249834151942,3.6,5
curns,5.035313377636331,0.0,4
curny,4.441356675807259,0.0,5
currs,4.385012792126266,0.0,5
curry,3.781267784922736,3.96,4
curse,5.191257174212451,4.07,4
cursi,4.856999560870451,1.14,3
curst,4.84006736990176,1.4,4
curve,4.383789655945859,4.14,5
curvy,3.8432548014123697,3.15,5
cusec,4.243508474931684,0.0,4
cushy,4.142636331942003,2.66,5
cusks,3.951845211473034,0.0,4
cusps,4.075312055438241,2.2,4
cuspy,4.248370827130273,0.0,4
cusso,4.195331252273551,0.0,4
cusum,3.6007032321301,0.0,4
cutch,3.2968944365479844,2.14,4
cuter,4.943295491826842,2.93,4
cutes,5.285478331596817,1.43,4
cutey,4.673543660375332,1.66,4
cutie,4.91746465692247,3.32,4
cutin,4.513462946185952,0.0,3
cutis,4.990286688175508,1.65,3
cutto,3.8445593583832953,0.0,4
cutty,3.587219429616111,2.41,4
cutup,3.3584060782613645,1.21,4
cuvee,3.8428900325662143,1.9,4
cuzes,4.575275973211878,0.0,5
cwtch,2.83168738383564,1.21,4
cyano,4.648335186089168,1.77,3
cyans,5.002408651087881,0.0,5
cyber,4.444457455685716,3.98,5
cycad,3.6564036933432553,1.54,4
cycas,4.189811608444999,1.4,5
cycle,3.8528203435624455,4.6,4
cyclo,3.5640848973333945,2.21,4
cyder,4.597770824352434,1.38,4
cylix,3.653355652469046,0.0,3
cymae,4.755400500636231,0.0,4
cymar,4.520958051353705,0.0,4
cymas,4.8128606145023305,0.0,4
cymes,4.893728496453088,1.53,4
cymol,4.190707966044137,0.0,4
cynic,3.525194934560579,2.81,3
cysts,4.102376020903029,2.91,3
cytes,5.087925356610978,0.0,4
cyton,4.365396119766777,0.0,3
czars,4.6696856916835525,2.1,5
daals,4.9931464393733735,0.0,5
dabba,3.323000481102285,1.89,5
daces,5.556064361214007,0.0,5
dacha,3.929155487195152,2.15,4
dacks,4.837711389472282,1.37,5
dadah,3.475597750207435,0.0,5
dadas,4.192898856453713,1.07,5
daddy,3.2032079889346825,4.36,5
dadis,4.7760678451722,0.0,4
dadla,3.744718373462434,0.0,4
dados,4.747259661113858,1.53,5
daffs,4.065134798165387,1.43,5
daffy,3.4620087470265606,2.67,5
dagga,3.3564283241463566,1.67,5
daggy,3.687960160176314,1.46,5
dagos,5.202495238966408,1.06,4
dahis,5.217553050976295,0.0,5
dahls,5.127441402643267,1.03,4
daiko,4.801487753972896,0.0,4
daily,4.981898051259104,5.07,4
daine,5.457097050377398,1.38,4
daint,5.118113008753079,0.0,4
dairy,5.087772383523723,4.09,3
daisy,5.140384277041744,3.78,3
daker,5.0952732255557525,0.0,4
daled,4.64991136824558,0.0,4
dalek,5.06402462846326,2.83,3
dales,5.843005433195879,2.82,4
dalis,5.5931920630627525,1.35,5
dalle,4.696841397754606,1.92,4
dally,4.163560759067396,2.78,4
dalts,5.480392380412849,0.0,5
daman,4.3002727723338285,2.15,4
damar,4.46170827752407,1.98,4
dames,5.602931094227426,2.97,5
damme,4.366220417174491,2.49,4
damna,4.29501745386766,0.0,4
damns,5.227252337301757,2.0,5
damps,5.002080699705022,1.71,5
dampy,4.397972389502047,0.0,5
dance,5.133181958918078,4.93,4
dancy,4.596452422735126,2.2,4
danda,3.738977561800978,1.79,6
dandy,4.064153649921629,3.25,5
dangs,5.109560672613445,1.17,4
danio,5.130207134253747,1.38,4
danks,5.104883800393394,2.08,4
danny,4.123002637556489,4.25,4
danse,5.566936866916969,2.32,4
dants,5.452508712382219,0.0,5
dappy,3.810693109344787,2.11,4
daraf,4.214255141683113,0.0,5
darbs,5.27257957471555,0.0,4
darcy,4.785381964109057,3.32,3
dared,4.79863286090556,3.52,3
darer,4.854751800704113,0.0,3
dares,5.979373816164471,3.22,5
darga,4.377428229213612,1.13,4
dargs,5.30125853863897,0.0,4
daric,5.001832596752683,1.39,4
daris,5.738117833572257,1.31,4
darks,5.287328732340751,2.06,6
darky,4.68805307837203,1.73,4
darls,5.62165619366914,0.0,4
darns,5.606649173095564,1.03,4
darre,4.883332344859117,1.16,4
darts,5.635033358450499,3.41,4
darzi,4.504385460916388,1.52,5
dashi,4.931480001898066,2.04,4
dashy,4.718177934880506,1.21,5
datal,4.503783101693449,0.0,5
dated,4.601869336687134,4.29,3
dater,5.455698195979022,1.98,3
dates,5.792447407570044,4.54,4
datil,5.097330788495023,0.0,4
datos,5.522509335635304,1.67,4
datto,4.366714888186778,1.68,4
datum,4.603657881624575,2.52,4
daube,4.8825514028976205,1.58,4
daubs,4.985203385037441,1.55,4
dauby,4.377212912120404,0.0,4
dauds,4.563938391484192,0.0,5
dault,4.92181262798197,0.0,5
daunt,4.891995714138745,2.04,4
daurs,5.470434717567609,0.0,4
dauts,5.3549118852500674,0.0,5
daven,4.745783220985776,1.61,3
davit,4.524045807558164,1.89,4
dawah,3.7622640477935736,2.04,5
dawds,4.17286928804438,0.0,5
dawed,4.119798117024678,0.0,4
dawen,4.863961502016427,0.0,3
dawgs,4.62508373601817,2.37,5
dawks,4.611035448693187,0.0,6
dawns,4.945953437611647,2.64,5
dawts,4.962957742996026,0.0,5
dayal,4.279687326230057,2.26,4
dayan,4.272163445375733,2.45,4
daych,4.205715892724087,0.0,3
daynt,4.7566248072650055,0.0,3
dazed,3.896262363719376,3.13,6
dazer,4.752536181759148,0.0,5
dazes,5.08983798562663,0.0,5
dbags,4.635319706391722,1.1,4
deads,4.917578716657167,2.03,4
deair,5.471970408837076,0.0,4
deals,5.727922507615307,4.59,4
dealt,5.302113868110979,4.2,3
deans,5.686269170970365,3.06,4
deare,5.012140925495932,1.61,4
dearn,5.368911450550011,0.0,4
dears,5.823372732092874,2.44,3
deary,5.216871096802425,2.14,4
deash,5.188965268157007,0.0,4
death,5.000160233191765,5.4,4
deave,4.264514260276906,0.0,3
deaws,5.186642833168007,0.0,4
deawy,4.57177227453452,0.0,4
debag,4.571104250244421,0.0,4
debar,5.044799908461989,1.96,3
debby,3.593250344909091,2.61,4
debel,4.253355744792007,0.0,4
debes,4.679049746154887,1.27,4
debit,4.736332796581051,3.62,4
debts,5.056511249509292,3.99,5
debud,3.720742416788363,0.0,4
debug,4.115095955130015,2.86,4
debur,4.592650341960898,0.0,4
debus,4.911073921068183,1.46,5
debut,4.478785702883633,4.52,4
debye,3.9751816832667295,2.01,4
decad,4.2665253513365125,1.31,4
decaf,4.497552310923554,2.63,4
decal,4.999516468906554,3.01,4
decan,4.98964302523494,1.27,4
decay,4.8304536028870935,3.83,4
decim,4.574935385153576,1.1,4
decko,4.424556181965779,0.0,4
decks,4.778139395893392,3.61,4
decor,4.930267784050317,3.65,3
decos,5.248496619458422,1.07,4
decoy,4.631716415224438,3.04,4
decry,4.66221794788136,2.6,4
decyl,4.424890606336826,0.0,4
dedal,4.462770359537245,0.0,4
deeds,4.136819498022823,3.79,5
deedy,3.528186930806568,1.35,4
deely,4.337666411061387,1.28,4
deems,4.701529541104763,3.1,4
deens,4.913586827444791,0.0,3
deeps,4.698397090461088,2.15,5
deere,3.97892492985136,2.91,3
deers,5.046939114253651,2.16,3
deets,4.9278085353872925,2.39,5
deeve,3.2345295677195574,0.0,4
deevs,4.31090790201079,0.0,5
defat,4.765728725848142,0.0,4
defer,4.18076077670448,3.2,4
deffo,3.649272160972453,2.09,4
defis,4.9954505202759005,0.0,5
defog,4.196990548062783,1.03,4
degas,5.367858489112968,2.69,4
degum,4.22845573453873,0.0,4
degus,4.9185169390212895,1.07,5
deice,4.459966583075674,0.0,4
deids,4.738076352184759,0.0,4
deify,4.400496208819682,1.82,4
deign,4.738588260485228,2.26,4
deils,5.550755370733105,0.0,4
deink,4.717346333603982,0.0,4
deism,5.061531736568328,2.24,4
deist,5.302991560826917,2.12,4
deity,4.9190095508413005,3.55,3
deked,3.45472337783859,1.01,4
dekes,4.644794687840528,1.09,5
dekko,3.838192631366101,1.09,4
delay,5.121497038378165,4.4,4
deled,3.863427436418791,0.0,4
deles,5.0504137785958765,1.39,5
delfs,4.922816848937578,0.0,4
delft,4.4876350503694615,2.72,4
delis,5.540533897812856,2.11,4
della,4.539750413046,3.42,3
dells,4.71668737193944,2.37,3
delly,4.108274048464722,2.07,4
delos,5.538403365206882,2.52,4
delph,4.477638285509604,2.39,4
delta,5.257306144893275,4.12,4
delts,5.428273048338459,1.8,5
delve,4.006988454112467,3.14,4
deman,5.027431437944849,1.95,4
demes,4.811717243967929,1.28,4
demic,4.553178862657648,1.38,4
demit,4.868702358446051,1.15,5
demob,4.470494750824159,1.46,4
demoi,4.859993791339259,0.0,4
demon,4.8219906289027685,4.06,3
demos,5.297992044676107,3.4,4
demot,4.863621816892343,0.0,3
dempt,4.509082592178912,0.0,4
demur,4.721307529784925,1.78,3
denar,5.38192970191563,1.21,4
denay,5.094170535372534,0.0,4
dench,4.395281937442044,2.5,3
denes,5.023009706633546,1.64,4
denet,4.618387579765945,0.0,4
denim,4.836454305487476,3.52,3
denis,5.50761244856982,3.62,4
dense,4.786457900781084,3.98,4
dente,4.603795636061584,2.3,4
dents,5.397494795960448,2.83,5
deoch,4.550155226550167,0.0,4
deoxy,4.152149359193559,2.01,4
depot,4.848497856392307,3.95,4
depth,4.453785600175933,4.55,4
derat,5.466013543677804,0.0,2
deray,5.272627799599219,1.74,3
derby,4.615173674690384,4.1,4
dered,4.019635151426373,0.0,5
deres,5.193188685706442,1.44,5
derig,4.904636274489397,0.0,3
derma,5.176409987643873,2.08,3
derms,5.348430303894185,0.0,4
derns,5.5531137012933005,0.0,4
derny,4.957095191781423,1.34,4
deros,5.684638134801458,1.1,5
derpy,4.746292372060544,2.03,4
derro,4.544019826697166,0.0,3
derry,4.292649240126664,3.19,4
derth,4.863613740041832,0.0,4
dervs,4.961828767372463,0.0,5
desex,4.056124933609321,0.0,3
deshi,4.884451083900602,1.59,4
desis,4.924825991500068,1.68,5
desks,4.464728872894459,3.39,5
desse,4.233273139451959,1.14,4
detag,4.891652368154464,0.0,4
deter,4.6702524795299,3.48,4
detox,4.295720556369404,3.29,4
deuce,4.228399341522326,2.94,4
devas,5.098142054706871,2.22,4
devel,3.978990428987988,2.65,3
devil,4.462700333384525,4.3,3
devis,4.8989959377116,1.61,5
devon,4.427417149033224,3.84,4
devos,4.900303738256572,2.74,4
devot,4.467017541842096,0.0,5
dewan,4.746469272811599,2.5,4
dewar,4.8868110787894015,2.71,4
dewax,4.011323657088169,0.0,4
dewed,3.337049668375396,0.0,5
dexes,4.243817887430942,0.0,5
dexie,3.915280925236545,0.0,4
dexys,4.3181297650434125,1.47,5
dhaba,3.792991066777044,1.7,4
dhaks,4.725427674780257,0.0,5
dhals,5.084283182454839,0.0,4
dhikr,4.216046572601683,1.83,4
dhobi,4.123776900826477,1.67,4
dhole,4.85108202136865,1.58,4
dholl,3.7589362625852014,0.0,5
dhols,4.92486216376074,0.0,5
dhoni,4.466929362160485,2.95,4
dhoti,4.498307091540812,2.0,4
dhows,4.383682777254342,1.7,5
dhuti,4.2397593401868185,0.0,5
diact,4.815963953297247,0.0,3
dials,5.522637807070335,3.0,4
diana,4.56363303540742,4.02,4
diane,5.384787042572488,3.83,3
diary,5.012431707174317,4.09,4
diazo,4.360320713751606,1.71,4
dibbs,3.991099624489998,1.65,5
diced,4.119950320597531,3.04,6
dicer,4.974852060911413,1.8,4
dices,5.309264009080067,2.02,5
dicey,4.6982671896453,2.67,4
dicht,4.150675921214895,1.02,5
dicks,4.565647901346021,3.63,5
dicky,3.9547081536016098,2.73,5
dicot,4.615418849978085,1.41,4
dicta,4.763839943493148,2.06,4
dicto,4.584124474622646,0.0,4
dicts,4.929084576257198,0.0,4
dictu,4.290551748888737,1.12,4
dicty,4.323558439079603,0.0,4
diddy,2.924651180513425,2.97,5
didie,3.6410594623172874,0.0,4
didis,3.6990032004614073,0.0,5
didos,4.513330273353528,0.0,4
didst,4.165873965683651,2.44,4
diebs,5.097780937909601,0.0,4
diels,5.478949566012995,1.98,4
diene,4.651247451818465,2.09,3
diets,5.46228495510952,3.66,4
diffs,3.793976795902352,1.73,4
dight,4.084244101347909,1.47,6
digit,3.7164564801889655,3.77,4
dikas,5.12955129216982,0.0,5
diked,3.9957635442018216,1.08,6
diker,4.850031430908522,1.1,5
dikes,5.192963769976523,2.55,5
dikey,4.576115466868534,0.0,5
dildo,4.0844950000741305,3.4,4
dilli,3.318781259187744,1.96,5
dills,4.50139326063135,1.55,4
dilly,3.888981764930168,2.64,5
dimbo,4.246832455025352,0.0,3
dimer,5.015449200643468,2.55,5
dimes,5.35973858103549,2.93,6
dimly,4.380092261643066,2.79,4
dimps,4.733059814298422,1.28,5
dinar,5.176189834564192,2.58,4
dined,4.373890446871882,2.98,5
diner,5.218923989677655,3.48,3
dines,5.563969946967679,2.42,4
dinge,4.779861534821039,1.63,3
dingo,4.486122591677225,2.75,5
dings,4.835676841915402,2.64,4
dingy,4.229327479577859,2.82,4
dinic,3.740311154513164,0.0,4
dinks,4.831402825639881,2.08,4
dinky,4.219846976726337,2.63,4
dinlo,4.836400366427077,0.0,4
dinna,4.278769745430251,2.01,5
dinos,5.298261101415551,2.52,4
dints,5.1793278243341865,0.0,4
dioch,4.339908346275936,0.0,3
diode,4.458322359281683,3.06,3
diols,5.364611339443302,1.62,4
diota,5.11145155925949,0.0,4
dippy,3.533583188575113,2.23,4
dipso,4.80890376953941,0.0,4
diram,4.998460851704634,0.0,3
direr,4.611915733833609,1.05,3
dirge,4.979089941651836,2.38,3
dirke,4.961521870183217,0.0,3
dirks,5.019949026862919,2.17,4
dirls,5.356038445670098,0.0,4
dirts,5.3684234584308586,1.28,3
dirty,4.765635100445559,4.55,3
disas,4.90667566280842,1.12,5
disci,3.958222306719398,1.08,4
disco,4.782321253165803,3.78,4
discs,4.337140579546826,3.6,5
dishy,4.435795197452906,1.78,5
disks,4.252704256537098,3.39,5
disme,5.106537822863865,0.0,4
dital,5.0102404001217,0.0,4
ditas,5.473508259946488,0.0,4
ditch,4.154854590476579,3.9,5
dited,4.356025499180714,0.0,3
dites,5.547112709028021,1.59,4
ditsy,4.741040937232008,1.81,4
ditto,4.130530956009898,3.38,4
ditts,4.475064360003097,0.0,5
ditty,3.8705774223989695,2.58,5
ditzy,3.836054473316298,2.24,5
divan,4.418714661936202,2.53,4
divas,4.88909306422135,3.05,5
dived,3.754108388421716,2.97,5
diver,4.611089138618766,3.41,5
dives,4.951295132516131,3.3,4
divey,4.334477094520052,1.57,4
divis,3.885362672966122,1.86,4
divna,4.394639682782321,0.0,5
divos,4.701417613807269,0.0,4
divot,4.264780615615771,2.12,4
divvy,3.060762091388718,2.22,5
diwan,4.521290448273982,2.29,4
dixie,3.6535348931750007,3.37,3
dixit,3.28716150059962,2.53,4
diyas,5.204705273943937,1.73,4
dizen,4.395068153306798,0.0,4
dizzy,2.941723006317444,3.43,5
djinn,3.1803584770644933,2.47,3
djins,4.34997219666789,0.0,4
doabs,5.187118367027817,0.0,5
doats,5.551337360141869,1.19,4
dobby,3.455972949578495,2.63,5
dobes,5.294131251703516,1.21,5
dobie,4.932763523684153,2.3,4
dobla,4.735003448918486,0.0,4
doble,4.871917880508849,2.35,4
dobra,4.845988576652749,1.39,4
dobro,3.976246071238,2.02,3
docht,4.232803520750274,0.0,4
docks,4.641610293585167,3.56,6
docos,4.383165727084417,0.0,5
docus,4.87452767967465,0.0,5
doddy,3.0040551161942672,1.31,4
dodge,4.064210158757255,3.93,4
dodgy,3.52693677970995,3.32,5
dodos,3.8469079978335214,1.8,5
doeks,5.167622357794867,0.0,4
doers,5.635013843076862,2.62,3
doest,5.290381125606318,2.08,4
doeth,4.809564295555433,2.02,4
doffs,3.867515050797117,1.33,6
dogal,4.746775352307616,0.0,4
dogan,4.728319417080373,1.93,5
doges,5.298143238032375,1.93,6
dogey,4.695229688274189,0.0,4
doggo,3.025074057879341,2.89,4
doggy,3.490183625480765,3.33,4
dogie,4.934893934277445,1.12,4
dogly,4.340101544417478,0.0,4
dogma,4.493239788507953,3.27,5
dohyo,3.565233293034203,0.0,4
doilt,4.95493652806811,0.0,3
doily,4.775391321218182,2.11,4
doing,4.537752807378828,5.6,4
doits,5.3792985565846285,0.0,3
dojos,3.8686350280707913,1.79,5
dolce,4.973112887717531,3.07,3
dolci,4.6162222161783175,1.64,3
doled,4.478293591203587,2.27,5
dolee,4.824815168312679,0.0,5
doles,5.669990125784677,2.1,5
doley,5.066721676146352,1.04,4
dolia,5.150297708812075,0.0,4
dolie,5.307524321895784,0.0,3
dolls,4.573130513843147,3.81,4
dolly,3.9689823064359393,3.54,4
dolma,4.857040089033558,1.55,4
dolor,4.33076103170236,2.25,4
dolos,4.666870703909698,0.0,5
dolts,5.286629038447045,1.89,5
domal,4.86651748070139,0.0,5
domed,4.232540396276209,2.85,5
domes,5.42638948721353,3.0,4
domic,4.394182086108889,0.0,4
donah,4.822028630971153,0.0,4
donas,5.540043882414748,1.42,4
donee,4.801083830190113,1.95,4
doner,5.295495834588757,2.14,3
donga,4.723866368878794,1.81,4
dongs,4.916076637452026,2.31,5
donko,3.8409325421790617,0.0,4
donna,4.331201989854906,3.84,4
donne,4.469089528263519,2.75,3
donny,3.924573475015085,3.25,4
donor,4.324742317556547,3.92,4
donsy,4.8383366383339,0.0,5
donut,4.700578388732652,3.31,4
doobs,4.2953237713639325,0.0,5
dooce,4.317497487732667,0.0,4
doody,3.2619043342683067,2.31,6
doofs,4.144661592493083,1.04,6
dooks,4.308098019288383,1.17,5
dooky,3.695963031124677,1.23,7
doole,4.589323214421522,1.05,4
dools,4.673716848288746,0.0,6
dooly,4.063529999750217,1.59,5
dooms,4.426889318371634,2.16,5
doomy,3.815200817829693,1.71,5
doona,4.4307039613858406,1.88,4
doorn,4.305431926506596,1.82,4
doors,4.776601425334411,4.54,4
doozy,3.324619452475967,2.48,6
dopas,5.309051723593699,0.0,5
doped,4.210450828631692,2.94,5
doper,5.067821132579915,1.85,3
dopes,5.405907262503794,2.1,4
dopey,4.796044683694482,2.68,4
doppe,4.157315181299372,0.0,4
dorad,4.548301691476388,0.0,3
dorba,4.885198863738945,0.0,4
dorbs,5.078983950684848,0.0,3
doree,4.975092679253865,1.29,3
dores,5.80652311743304,1.81,5
doric,4.79408921715709,2.52,4
doris,5.532606998577449,3.58,3
dorje,4.605957662898423,2.06,3
dorks,5.090949073216632,2.59,5
dorky,4.489041281905773,2.72,4
dorms,5.2062031508345,2.99,4
dormy,4.608407027950074,1.21,4
dorps,5.209530738571582,0.0,3
dorrs,4.758509058043647,0.0,4
dorsa,5.434782913262802,1.61,4
dorse,5.551238752492051,0.0,4
dorts,5.440288099089181,0.0,3
dorty,4.84380027334847,0.0,4
dosai,5.295189865839362,0.0,4
dosas,4.952840075010786,1.52,5
dosed,4.655307167788299,2.62,5
doseh,5.140433986096281,0.0,3
doser,5.5006002262607705,1.21,4
doses,5.050408160987205,3.78,6
dosha,4.942467878411108,1.53,4
dotal,5.05675750105539,0.0,4
doted,4.427552233576772,2.17,3
doter,5.280351547751817,0.0,4
dotes,5.616407032556438,2.03,4
dotty,3.950647415384187,2.5,5
douar,5.096480347610628,0.0,4
doubt,4.352437423090735,4.9,4
douce,4.802666378661431,2.16,4
doucs,4.89199219983683,0.0,5
dough,4.095074538812228,3.86,4
douks,4.805315780612471,0.0,5
doula,4.935901274737163,2.26,4
douma,4.684352093410067,2.24,5
doums,4.919111224796877,0.0,5
doups,4.924403821751667,0.0,4
doura,5.045363496808648,1.25,5
douse,5.244026334480984,2.59,5
douts,5.158572594779376,0.0,5
doved,3.828135594779653,0.0,6
doven,4.567270793052097,0.0,5
dover,4.685289447838728,3.57,4
doves,5.023051013913213,3.1,5
dovie,4.656840729109592,1.26,5
dowak,4.233181278010016,0.0,5
dowar,4.720510287942114,0.0,5
dowds,3.965311545692974,1.13,5
dowdy,3.35798380395095,2.41,5
dowed,3.934205030311512,0.0,6
dowel,4.697730065140881,2.38,3
dower,4.790940321014977,2.42,4
dowfs,4.238866927257773,0.0,5
dowie,4.757327069879419,2.06,4
dowle,4.701613945561505,0.0,4
dowls,4.768146159988596,0.0,5
dowly,4.160101813689252,0.0,5
downa,4.534286213682016,0.0,5
downs,4.7380299259891485,3.93,5
downy,4.135610216215051,2.6,4
dowps,4.518988600469148,0.0,4
dowry,4.270797134110697,3.13,4
dowse,4.868977949906932,1.88,5
dowts,4.756856976729931,0.0,5
doxed,3.667038048493752,1.58,7
doxes,4.859338954914231,0.0,5
doxie,4.492291159586331,1.67,4
doyen,4.924416427130236,2.25,4
doyly,3.8020409291378674,0.0,5
dozed,3.722785978309594,2.53,6
dozen,4.462815332603772,4.35,4
dozer,4.57825297033876,2.38,5
dozes,4.9150356257443,1.67,6
drabs,5.137558664519743,1.76,3
drack,4.442953813358363,1.16,5
draco,4.87509430636395,3.04,4
draff,3.67987208253894,0.0,5
draft,4.559590702172013,4.61,4
drags,5.1671676721205,3.24,5
drail,5.137504075431309,0.0,4
drain,5.134601406405739,4.07,4
drake,5.0740891718269765,3.96,4
drama,4.35049928592029,4.67,4
drams,5.261082981217124,2.07,4
drank,4.6777154853416425,3.95,4
drant,5.036482234795841,0.0,4
drape,5.193614478591589,2.74,4
draps,5.266637954715821,0.0,4
drapy,4.672840418080888,0.0,4
drats,5.499959236325825,1.3,4
drave,4.8017623067527415,1.11,4
drawl,4.497274154392118,2.48,4
drawn,4.5050486780832815,4.53,4
draws,4.974782474430504,4.1,4
drays,5.192374105675532,1.47,4
dread,4.568035319540389,3.64,4
dream,5.067655526771225,4.91,4
drear,4.645216123595841,1.47,4
dreck,4.381960434257535,1.9,3
dreed,3.9152948286217466,0.0,5
dreer,3.985454065607389,0.0,4
drees,5.092549247149357,1.66,5
dregs,5.105287257800248,2.62,4
dreks,5.087342669791572,0.0,5
drent,4.984751049899349,1.08,4
drere,3.970261368920793,0.0,3
dress,4.82676401215588,4.76,4
drest,5.200211513379113,1.31,4
dreys,5.12817122346864,0.0,4
dribs,4.935392043556391,1.54,4
drice,4.988314574592174,0.0,3
dried,4.504134955489497,4.04,4
drier,4.575771323647699,3.19,3
dries,5.686425343675618,3.2,4
drift,4.357624473606328,3.82,4
drill,4.126042258556987,4.09,4
drily,4.685236320653348,1.97,4
drink,4.465997567521081,4.9,3
drips,5.062986117457007,2.85,3
dript,4.6320800857212125,0.0,3
drive,4.616518066003817,5.13,3
drock,4.274956956423284,0.0,4
droid,4.265235845281254,3.23,4
droil,4.966102691283472,0.0,4
droit,5.012028709287082,2.5,4
droke,4.913488212855433,0.0,4
drole,5.25543624144286,1.12,4
droll,4.163327690880851,2.58,4
drome,5.025900348219009,1.77,5
drone,5.236395891939506,4.0,4
drony,4.715935792510459,0.0,3
droob,3.910134647809342,0.0,3
droog,3.93907192271741,1.61,4
drook,3.93774130576786,0.0,5
drool,4.255153475198228,3.04,4
droop,4.028398360808295,2.51,4
drops,5.103752858658264,4.33,3
dropt,4.669232339292857,1.27,3
dross,4.721734583544379,2.37,4
drouk,4.411004470241002,0.0,4
drove,4.641249532330193,4.36,4
drown,4.331369660450288,3.68,3
drows,4.807468062721947,0.0,4
drubs,4.716395518354676,0.0,4
drugs,4.745451092848578,4.77,4
druid,4.010869861844012,2.99,3
drums,4.837352993729757,3.93,4
drunk,4.251214528391156,4.61,3
drupe,4.777423415910146,1.69,4
druse,5.184138501753827,1.83,4
drusy,4.657627613554831,1.29,4
druxy,3.6896466802098624,0.0,4
dryad,4.077193044008011,2.12,4
dryas,5.235727608813463,1.88,3
dryer,4.195972301624503,3.54,4
dryly,3.6930717637736232,2.33,4
dsobo,3.845867888587833,0.0,4
dsomo,3.978178038985809,0.0,4
duads,4.502601791095139,0.0,5
duals,5.30730481820614,2.2,4
duans,5.266385387234869,0.0,5
duars,5.404154541106234,0.0,4
dubbo,3.411031466346032,2.35,4
dubby,3.1541931968649197,1.48,5
ducal,4.564929265004029,2.39,4
ducat,4.590505674316458,1.96,4
duces,5.095955683829919,1.77,5
duchy,3.761108931226996,3.0,4
ducks,4.344647898063607,3.9,5
ducky,3.738609794016968,2.68,4
ducti,4.303492665028095,0.0,4
ducts,4.709132856862853,3.11,4
duddy,2.7031188944358937,2.2,5
duded,3.2706539024704244,0.0,4
dudes,4.554410834197463,3.95,5
duels,5.249562102552884,2.87,3
duets,5.233363265103753,2.79,4
duett,4.110946629726917,1.07,5
duffs,3.5692641591833367,1.64,6
dufus,3.631558104569415,1.59,5
duing,4.240216301670181,1.29,4
duits,5.093522304975564,0.0,5
dukas,4.918739150986867,1.46,5
duked,3.771397816954542,1.44,4
dukes,4.974888802567896,3.23,5
dukka,3.593760587393086,0.0,4
dukun,3.309338890723849,0.0,3
dulce,4.669380378363389,2.67,4
dules,5.380810125919858,0.0,5
dulia,4.902173641843762,1.04,4
dulls,4.27494727965574,2.12,5
dully,3.66712543206534,1.87,5
dulse,5.108784801374384,1.45,4
dumas,5.06911939413083,2.89,4
dumbo,4.022372884384568,2.73,5
dumbs,4.375928804558296,1.79,5
dumka,4.228252475698326,1.57,4
dumky,3.788399809485616,0.0,5
dummy,3.3300650620192283,3.64,4
dumps,4.505910875033093,3.35,4
dumpy,3.896816308736205,2.32,5
dunam,4.5893207663559314,1.07,4
dunce,4.640189036780208,2.5,4
dunch,3.9490248739426064,1.02,4
dunes,5.348672790156634,3.37,4
dungs,4.613798542844886,1.06,4
dungy,4.011933311927752,2.11,4
dunks,4.609375031963098,2.8,4
dunno,3.8779801675033063,3.76,4
dunny,3.622102742291821,1.85,5
dunsh,4.436076776832795,0.0,4
dunts,4.958030630050394,0.0,5
duomi,4.450366371518476,0.0,4
duomo,3.8166651290248175,2.44,4
duped,3.916650220787397,3.08,4
duper,4.776918003238542,2.88,3
dupes,5.120949918514919,2.48,4
duple,4.6810883700358685,1.69,4
duply,4.14011567848281,0.0,4
duppy,3.313306311103124,1.63,4
dural,4.971924309254006,2.14,3
duras,5.456419849292775,2.17,4
dured,4.329970983697934,0.0,4
dures,5.5191503217901055,1.04,4
durgy,4.207598675387963,0.0,4
durns,5.110071363284887,0.0,4
duroc,4.5470061596137175,1.76,4
duros,5.27045051774514,1.36,3
duroy,4.663632844653557,1.36,3
durra,4.291715887661586,1.18,4
durrs,4.4594789442504,0.0,4
durry,3.856419612578207,1.07,4
durst,4.902349524724476,2.7,4
durum,3.626284269080632,2.08,3
durzi,4.006838945725897,0.0,4
dusks,4.0252303633572994,1.05,5
dusky,4.194997951267927,2.83,5
dusts,4.370384632838488,2.28,5
dusty,4.548574084474852,3.67,5
dutch,3.928941869045489,4.41,4
duvet,4.306276826510761,2.99,3
duxes,4.575422023077493,0.0,6
dwaal,3.93835711764074,0.0,5
dwale,4.786786676054495,0.0,4
dwalm,4.170708724682832,0.0,5
dwams,4.609025782396262,0.0,4
dwamy,4.006515908371872,0.0,4
dwang,4.012851567590585,0.0,5
dwarf,4.007770724990606,3.75,5
dwaum,3.997176667941736,0.0,4
dweeb,3.642415902051237,2.37,4
dwell,3.64840740848599,3.57,4
dwelt,4.370634290525543,2.65,4
dwile,4.602247705669646,0.0,3
dwine,4.560068790815701,0.0,4
dyads,4.303472944791184,1.8,5
dyers,5.148020770349284,2.05,4
dying,4.075480314125422,4.63,4
dyked,3.6050422036079706,0.0,4
dykes,4.779600659720645,2.89,5
dykey,3.585604578751454,0.0,4
dykon,4.085325603154741,0.0,4
dynel,4.745433425429516,0.0,3
dynes,5.1524748169475565,1.67,4
dynos,4.900764070856567,1.07,4
dzhos,4.083474029510997,0.0,4
eager,4.7301139045621605,4.03,4
eagle,4.644065786956427,4.13,4
eagly,4.796995646475475,0.0,4
eagre,4.751596708336566,0.0,4
ealed,4.843732969510758,0.0,4
eales,5.439073753806164,1.88,4
eaned,4.817926054616229,0.0,4
eards,5.723565387297785,0.0,3
eared,4.994939063927601,2.84,4
earls,5.898271435308606,2.87,3
early,5.284294959249094,5.43,3
earns,5.878608709411322,3.56,3
earnt,5.464947016238045,2.13,3
earst,5.688683812869719,0.0,2
earth,5.206253616195867,5.06,3
eased,5.020980471204358,3.25,4
easel,5.181420667901175,2.68,3
easer,5.274830604859861,1.39,4
eases,4.81969985276193,2.93,6
easle,5.186552874655733,0.0,3
easts,5.15356425333831,2.09,2
eaten,4.936788447685491,4.13,4
eater,5.053053341153082,3.42,4
eathe,4.632729591197316,0.0,4
eatin,5.338542529740269,2.76,3
eaved,4.194985299131503,0.0,6
eaver,4.446047163279131,0.0,5
eaves,4.792099942136574,2.85,6
ebank,4.423032374600976,0.0,5
ebbed,3.217353723595064,2.23,5
ebbet,3.3911850180385805,0.0,5
ebena,4.281929398386772,0.0,4
ebene,3.444047502069313,1.49,4
ebike,3.938985951409109,1.81,5
ebons,5.066400779551788,0.0,4
ebony,4.459628670132318,3.34,4
ebook,3.674400881800526,3.71,5
ecads,5.148938543924652,0.0,4
ecard,4.893204032977496,1.57,3
ecash,4.803415291582697,0.0,4
eched,3.780542318545106,0.0,5
eches,4.371397750972404,0.0,5
echos,4.779187311815335,2.39,4
ecigs,4.806192457256253,2.01,4
eclat,4.938520981338419,1.67,4
ecole,4.419496727382008,2.73,5
ecrus,5.064516318216381,0.0,4
edema,4.207099814059843,2.95,3
edged,3.254473234614273,3.55,5
edger,4.088577412091713,1.91,5
edges,4.42999602865002,4.09,4
edict,4.509324323064184,3.1,3
edify,4.067094348701525,1.96,4
edile,4.436685731471131,0.0,3
edits,5.201710240804055,3.44,4
educe,3.9341309845471857,1.01,5
educt,4.269449659790252,0.0,3
eejit,3.872701646598301,1.77,3
eensy,4.533025737957409,0.0,3
eerie,4.195482803596761,3.33,4
eeven,3.279924113001528,0.0,5
eever,3.3998087913184536,0.0,5
eevns,4.3471875201268455,0.0,3
effed,3.0207048883180776,2.08,6
effer,3.273597902728986,1.19,5
efits,4.9204391551264735,0.0,5
egads,5.060986356923449,1.56,4
egers,4.6109689845263215,0.0,4
egest,4.2595151744051485,0.0,5
eggar,4.089921872482748,1.55,5
egged,3.2221767184147105,2.49,6
egger,3.475190052312856,2.04,4
egmas,5.024843852110829,0.0,4
egret,4.405284137689806,2.32,3
ehing,4.308984845832255,0.0,5
eider,4.633060306566895,2.11,5
eidos,5.381612871162053,1.95,3
eight,4.383261629196235,5.02,4
eigne,4.350587947290539,0.0,4
eiked,4.186784391517481,0.0,5
eikon,4.717192537461484,1.8,3
eilds,5.326409698855542,0.0,3
eiron,5.260393679124603,0.0,3
eisel,4.940948192030064,1.36,3
eject,3.416881310639113,2.99,4
ejido,4.111686533148887,1.72,3
ekdam,4.357785505022267,0.0,4
eking,4.197867188291674,1.94,5
ekkas,4.38283661229696,0.0,4
elain,5.240349379979089,1.3,4
eland,5.031739421492737,2.15,3
elans,5.598601072135277,0.0,3
elate,4.881382086424676,1.33,4
elbow,4.134533285359606,3.84,4
elchi,4.324232515552199,0.0,5
elder,4.479262928001627,4.06,4
eldin,4.78413523012376,1.87,3
elect,4.196491960952316,4.03,3
eleet,3.891370379816464,0.0,4
elegy,3.944912231935679,2.71,4
elemi,4.2364956308201736,1.06,4
elfed,3.9269541360562674,1.03,4
elfin,4.4431134174584885,2.26,4
eliad,5.162177016610291,0.0,3
elide,4.496003454197079,1.75,4
elint,4.9783011849896965,1.35,3
elite,4.69674784530841,4.4,2
elmen,4.34909321514789,0.0,4
eloge,4.362030541527636,0.0,4
elogy,4.539014452032143,0.0,5
eloin,5.074860448367969,0.0,4
elope,4.470307167268021,2.5,4
elops,5.257614139764104,0.0,3
elpee,3.721333759396336,0.0,4
elsin,5.170213975992766,0.0,4
elude,4.269046023070635,2.78,4
elute,4.467329259001201,1.45,3
elvan,4.54479703186663,1.68,4
elven,3.949776862553773,2.63,4
elver,4.053232896723501,1.38,4
elves,4.4355905660703066,3.4,5
emacs,5.104455779918976,2.47,4
email,5.008240769459815,4.68,4
embar,4.687131272324023,1.43,4
embay,4.389659393031161,0.0,4
embed,3.816515128412071,2.94,5
ember,4.0683206955944575,2.97,5
embog,4.021520661392969,0.0,5
embow,3.8444260858128487,0.0,5
embox,3.613718811739392,0.0,5
embus,4.562203893096658,0.0,4
emcee,3.42256825267204,2.73,4
emeer,3.6995490724893294,0.0,4
emend,4.016934365237813,1.79,4
emerg,3.9325604024517817,2.17,4
emery,4.119994173327267,3.3,4
emeus,4.473460624818863,0.0,4
emics,4.919117302631543,0.0,4
emirs,5.301102273844736,1.93,3
emits,5.194067142189377,3.02,5
emmas,4.580871239183594,1.29,3
emmer,3.632408173016613,2.0,5
emmet,3.5552980381763657,2.87,4
emmew,3.017366737807874,0.0,4
emmys,3.964023806866779,2.97,4
emoji,3.988491877858227,3.23,4
emong,4.372456878179375,1.02,4
emote,4.442889501552409,2.46,3
emove,3.794624566676392,0.0,5
empts,4.830021878623366,1.48,4
empty,4.215444880147,4.59,3
emule,4.190093468638995,1.26,4
emure,4.298607773839629,0.0,4
emyde,3.846655198296209,0.0,4
emyds,4.587713710581509,0.0,4
enact,4.873675501298111,3.43,3
enarm,4.973564184749105,0.0,4
enate,4.805443426935219,0.0,3
ended,3.558951482691413,4.92,4
ender,4.406395263227395,2.78,4
endew,3.810963302411349,0.0,4
endow,4.215197516013408,2.43,4
endue,4.150254028699698,1.1,4
enema,4.378062468241608,2.85,4
enemy,3.955245124630888,4.7,4
enews,4.276341707305167,1.92,4
enfix,3.630984770066066,0.0,4
eniac,4.910723748975695,1.78,4
enjoy,3.969708847675845,5.09,4
enlit,4.94630770547252,0.0,3
enmew,3.776581335618545,0.0,4
ennog,3.8558874500590834,0.0,4
ennui,3.970012903737158,2.41,4
enoki,4.608537486077332,1.68,4
enols,5.404136272978841,0.0,3
enorm,4.819686247345873,0.0,4
enows,4.867537696325449,0.0,4
enrol,5.047897327354129,2.67,4
ensew,4.215454211926272,0.0,4
ensky,4.457429231322676,0.0,3
ensue,4.543223033115862,2.91,3
enter,4.583832652098686,4.81,3
entia,5.141998782443676,1.05,3
entre,4.588130843621688,2.82,3
entry,4.732052459628971,4.67,3
enure,4.4727978784085325,1.03,4
enurn,4.083503414476378,0.0,4
envoi,4.307077612586284,1.48,4
envoy,4.132127004105555,3.48,5
enzym,3.542553914930158,0.0,4
eolid,5.076962971170023,0.0,4
eorls,5.708966133028123,0.0,3
eosin,5.350083412846311,1.86,3
epact,4.693564651531887,1.37,4
epees,4.0464071829928265,0.0,5
epena,4.41550914767139,0.0,4
epene,3.575599013201467,0.0,4
ephah,3.769170927331019,1.44,5
ephas,5.014523669504909,0.0,4
ephod,4.2552068905205696,1.59,4
ephor,4.5086958429407735,0.0,4
epics,4.923965420028551,2.91,4
epoch,4.212677339656378,3.19,4
epode,4.254269049649048,1.18,3
epopt,4.00268158393366,0.0,4
epoxy,3.81235415279308,3.1,5
eppie,3.608836474471188,1.49,4
epris,5.355942289118669,0.0,4
equal,4.152189443785393,4.65,5
eques,4.0492340283374375,1.23,5
equid,3.846901020872202,1.21,5
equip,3.71802779183232,3.5,4
erase,5.177039823195613,3.66,4
erbia,5.0413023025033805,0.0,4
erect,4.345453519301833,3.52,4
erevs,4.40034091324237,0.0,5
ergon,4.769798968002053,1.81,4
ergos,5.256951818441795,0.0,4
ergot,4.829013271060823,2.09,4
erhus,4.977964790784422,0.0,4
erica,5.135136557336163,3.56,4
erick,4.533366972208064,2.89,3
erics,5.328489042811837,1.39,3
ering,4.73793507961826,1.43,3
erned,4.579402852009975,0.0,4
ernes,5.1691750794082525,0.0,4
erode,4.6546380057508605,3.03,3
erose,5.017544549895505,0.0,4
erred,3.955430479739493,2.81,4
error,3.724315091263188,4.55,4
erses,4.596926448568847,0.0,4
eruct,4.681356453059719,0.0,4
erugo,4.658878724006089,0.0,4
erupt,4.7091403774041245,2.97,4
eruvs,4.739501003988188,0.0,5
erven,4.09681861361056,1.33,4
ervil,4.506071037818856,0.0,4
escar,5.122671746829986,0.0,3
escot,4.847404284830692,0.0,4
esile,4.762485902753983,0.0,3
eskar,5.00882045835946,0.0,4
esker,4.382928055531242,1.73,4
esnes,4.365271321301288,0.0,4
esrog,4.9036267886582365,0.0,3
essay,4.510724081440876,4.23,4
esses,3.5583758678101645,1.92,5
ester,4.748005314513069,3.06,3
estoc,4.78339640650913,0.0,5
estop,4.821843474210381,1.25,3
estro,5.160312025395451,1.5,4
etage,4.437427954275693,1.26,4
etape,4.547961704138485,1.31,5
etats,4.860395148986172,1.69,3
etens,4.759386053931865,0.0,3
ethal,4.724412599516039,0.0,3
ether,4.2437066953402,3.4,4
ethic,4.237053914984608,3.54,4
ethne,4.107787605996024,1.29,4
ethos,4.989227475909525,3.32,4
ethyl,4.142956563070979,2.93,4
etics,5.085739218131661,0.0,4
etnas,5.526964860349189,0.0,3
etrog,4.739354593155689,1.27,3
ettin,4.185256079118144,1.09,4
ettle,3.796605893755521,0.0,3
etude,4.165804268934237,2.57,3
etuis,5.204922907045147,0.0,4
etwee,3.3533120247076296,0.0,4
etyma,4.552596784106441,0.0,4
eughs,4.581776729466483,0.0,4
euked,3.970388927945733,0.0,5
eupad,4.719194738214516,0.0,3
euros,5.521683245725245,3.78,4
eusol,5.113034566744636,0.0,4
evade,4.0437026766949815,3.39,3
evegs,3.912371137453243,0.0,4
evens,4.227989680768725,2.71,3
event,3.793553194380756,5.18,3
evert,3.9351667519993656,2.54,5
every,3.7499573084363274,5.79,4
evets,4.256242237750689,0.0,5
evhoe,3.673034765337535,0.0,5
evict,4.127276942303227,2.97,4
evils,4.833182221162127,3.35,3
evite,4.052147422443371,1.55,3
evohe,3.732721297628967,0.0,5
evoke,3.706376129402474,3.27,5
ewers,4.48502914846593,1.98,4
ewest,4.145023262178844,0.0,4
ewhow,3.229626842015731,0.0,5
ewked,3.5389163320328185,0.0,4
exact,4.169304269403951,4.51,3
exalt,4.443381399153587,2.6,3
exams,4.623304885848772,4.0,3
excel,3.5503463206924035,3.73,4
exeat,3.9614330770131287,1.06,4
execs,3.8357678827430592,3.01,4
exeem,2.840545986477702,0.0,4
exeme,2.8320636783400954,0.0,5
exert,3.791931151728805,3.36,4
exfil,3.687441318624574,1.21,5
exier,4.016326862260192,0.0,5
exies,4.363489680761348,0.0,4
exile,3.899176719422404,3.84,5
exine,3.855980070299482,0.0,3
exing,3.815224598208958,0.0,4
exist,4.439981822500523,4.73,4
exite,3.903620332379637,0.0,4
exits,4.678267987705438,3.53,5
exode,3.725600897680427,0.0,4
exome,3.676149713379032,1.94,5
exons,4.67659845125532,2.24,4
expat,4.189585188059641,3.01,4
expel,3.568091961274738,3.26,4
expos,4.433062798398619,2.62,4
extol,4.197135942057166,2.3,4
extra,4.4726636158348425,4.98,3
exude,3.475072249413921,2.52,4
exuls,4.451729826425376,0.0,4
exult,4.015060787394291,1.8,4
exurb,3.72093419741498,1.13,4
eyass,4.756338802376653,0.0,4
eyers,4.731281530087357,1.29,4
eying,4.353985403459631,2.14,5
eyots,5.218309203086674,0.0,4
eyras,5.524850578475975,0.0,3
eyres,4.9429741109313685,1.61,4
eyrie,4.58779941424952,2.25,4
eyrir,4.2403114687495,0.0,4
ezine,3.911108789231148,2.04,4
fabbo,3.512453542934933,0.0,5
fabby,3.300985648832045,1.53,5
fable,4.7166311077722805,3.16,5
faced,4.642277005530827,4.49,4
facer,4.895612221457919,1.66,6
faces,5.23450483591785,4.59,5
facet,4.819683322900063,3.18,4
facey,4.619255977121596,1.93,5
facia,4.024500848904862,1.74,4
facie,4.878683392052422,2.62,3
facta,3.9408809600612353,1.67,4
facto,4.485667181772992,3.58,4
facts,4.877942149138081,4.72,4
facty,4.27103727006503,0.0,4
faddy,3.549172815011459,1.39,5
faded,4.099260202679025,3.73,5
fader,4.957572467924997,2.58,4
fades,5.295370972326703,3.41,5
fadge,4.523077171046115,0.0,5
fados,5.016752158928086,0.0,5
faena,4.400755024378468,1.46,4
faery,4.868941743232066,2.03,3
faffs,3.303146132659909,0.0,6
faffy,2.68954641713537,0.0,5
faggy,3.334407778465518,1.94,5
fagin,4.403602389651752,2.29,4
fagot,4.424791901126059,1.98,4
faiks,4.891530041220339,0.0,4
fails,5.253844478199181,4.26,5
faine,5.112140979197152,1.65,3
fains,5.203391517059531,0.0,5
faint,4.775882195797807,3.78,4
faire,5.265097655350226,3.14,4
fairs,5.355120833485825,3.39,5
fairy,4.736282669091064,4.08,4
faith,4.5299649743253685,4.82,4
faked,4.511838957180316,3.35,6
faker,4.768009369675757,2.81,5
fakes,5.114382256054255,3.23,5
fakey,4.49414424815771,1.43,5
fakie,4.7577082185102215,1.62,4
fakir,4.544279526560356,2.17,4
falaj,3.4524821764558307,0.0,5
fales,5.520156026004167,1.97,5
falls,4.424707495377545,4.63,6
false,5.266163007796294,4.63,4
falsy,4.722530876643351,0.0,4
famed,4.679412212608381,3.6,5
fames,5.278250022342236,1.69,6
fanal,4.168501532352607,0.0,5
fancy,4.246704155263785,4.35,4
fands,4.930310155144297,0.0,6
fanes,5.486118110610497,1.26,6
fanga,3.8276250734670985,0.0,5
fango,4.367737328926022,1.19,4
fangs,4.767284434476105,3.02,7
fanks,4.765708107810258,0.0,6
fanny,3.7693103877308105,3.47,5
fanon,4.005512777502871,2.36,5
fanos,5.188277902743308,0.0,5
fanum,4.269800165573267,0.0,3
faqir,4.049561220176924,1.4,5
farad,4.266597444734845,1.7,4
farce,4.978219473776359,3.33,4
farci,4.623886924712735,0.0,3
farcy,4.435846096320091,1.09,4
fards,5.117720491062825,0.0,6
fared,5.073463405488381,3.08,5
farer,4.522800839300114,1.21,4
fares,5.663174867894051,3.61,5
farle,5.218248184106549,0.0,4
farls,5.280223840666081,0.0,4
farms,5.0582351095521965,4.14,6
faros,5.371398658239428,1.32,5
farro,4.215963548220348,2.03,5
farse,5.412638119413777,1.12,3
farts,5.306994404862283,3.19,4
fasci,4.652265350162136,1.52,4
fasti,4.93169416996378,2.06,4
fasts,4.535506156901215,2.53,4
fatal,4.166092626585404,4.1,5
fated,4.8758999069215765,3.19,5
fates,5.479271026850418,3.18,4
fatly,4.508142694767696,0.0,4
fatso,4.923359226832247,2.14,4
fatty,3.8099607604393015,3.8,4
fatwa,3.6376941267782414,2.7,4
fauch,3.989539085808642,0.0,4
faugh,3.939707483901837,1.2,5
fauld,4.454645987261594,0.0,5
fault,4.58495171820834,4.64,5
fauna,4.036923129150585,3.52,4
fauns,4.984689542339302,1.66,4
faurd,4.566277342801755,0.0,4
faute,4.9234040271428405,1.4,3
fauts,5.024996676078707,0.0,4
fauve,4.272790551572963,1.58,4
favas,4.034949592530114,0.0,5
favel,4.426651569336891,1.18,5
faver,4.528455763706071,1.19,6
faves,4.873561388216455,2.86,6
favor,4.277784865867539,4.58,5
favus,4.368601909734828,0.0,5
fawns,4.601421057780334,2.18,5
fawny,3.991213900775109,0.0,4
faxed,4.117096315305179,2.47,6
faxes,4.71365256090782,2.45,6
fayed,4.632693432343466,2.25,5
fayer,4.883062146976773,1.19,4
fayne,4.764535531833231,1.58,4
fayre,4.903023252619226,2.31,3
fazed,4.170189823643415,2.26,6
fazes,4.766919671490715,1.58,6
feals,5.392970339696242,0.0,5
feard,4.922537352158089,0.0,4
feare,4.675561058997498,1.36,5
fears,5.491472630929449,4.17,4
feart,5.079454578546422,1.11,4
fease,4.740196955581424,0.0,4
feast,5.158948599415403,3.95,4
feats,5.386168304416367,3.23,5
feaze,3.8251074194053865,0.0,5
fecal,4.656252353200057,3.01,5
feces,4.44752611481607,3.22,5
fecht,4.046087855244867,1.26,5
fecit,4.498397908254469,1.69,4
fecks,4.448197972396192,0.0,6
fedai,4.751327614606609,0.0,5
fedex,3.322929760302579,3.41,4
feebs,4.232629346546999,0.0,5
feeds,4.412119923354449,3.89,5
feels,4.616173264022846,4.9,5
feely,3.9963186779877047,2.61,5
feens,4.577559602625576,0.0,4
feers,4.716931012020176,0.0,4
feese,3.719374430416835,0.0,4
feeze,2.799901353995873,0.0,6
fehme,3.684641873327824,0.0,5
feign,4.394003965775276,2.58,4
feint,4.745074829289789,2.52,3
feist,4.979665111419157,2.22,5
felch,4.0849596077994415,1.58,5
felid,4.626436835032153,1.34,4
felix,4.002303419873206,3.84,5
fella,4.199227715127264,3.49,4
fells,4.386985925780308,2.62,6
felly,3.767592158073773,1.59,5
felon,4.710299374316171,3.17,4
felts,5.110293629398753,2.08,4
felty,4.496217604276056,1.65,4
femal,4.697626543944229,1.32,4
femes,4.491234592145445,0.0,5
femic,4.210163668131236,0.0,5
femme,3.2403905196193112,3.19,4
femmy,3.427515533321241,1.01,5
femur,4.376772223227326,3.0,5
fence,4.010169486183969,4.21,5
fends,4.878371352795012,2.0,4
fendy,4.2715159182224856,0.0,4
fenis,5.173913070679187,0.0,5
fenks,4.715335027952258,0.0,4
fenny,3.7195335909526657,1.73,6
fents,5.0755807990357065,0.0,5
feods,5.037013806764637,0.0,5
feoff,2.9807121909498973,0.0,5
feral,5.068296985679944,3.29,4
ferer,3.745295785049613,0.0,4
feres,4.8823281718738345,1.41,4
feria,5.141741322986991,2.2,3
ferly,4.629516258569366,0.0,5
fermi,4.605389404346783,2.83,3
ferms,5.015720442157472,0.0,4
ferns,5.2203242942077495,3.12,4
ferny,4.612630446470759,1.87,5
ferox,4.148175626005414,1.78,4
ferry,3.950641956405845,4.02,6
fesse,3.907333405673525,1.27,4
festa,5.1061833946751705,2.42,4
fests,4.490149222680022,2.32,6
festy,4.653101695598968,1.09,5
fetal,4.899195250268431,3.4,4
fetas,5.361831908399698,0.0,5
fetch,4.041933197997336,3.65,5
feted,4.092773485878254,2.2,4
fetes,4.693003016947839,2.08,5
fetid,4.581624638284426,2.29,3
fetor,4.835040666007765,0.0,4
fetta,4.190816582489244,1.25,4
fetts,4.368420848376675,0.0,4
fetus,4.9148663531992325,3.6,4
fetwa,4.353579932437489,0.0,4
feuar,4.9058347237687965,0.0,4
feuds,4.780275267754215,2.89,4
feued,4.000573728903057,0.0,5
fever,3.747861734494789,4.22,6
fewer,3.86581743660111,4.31,5
feyed,3.853371828966286,0.0,5
feyer,4.105979666320987,1.17,5
feyly,3.598828190635228,0.0,6
fezes,3.9810369359430937,0.0,5
fezzy,2.814481928103768,0.0,5
fiars,5.276880561624176,0.0,4
fiats,5.177539672660518,1.71,4
fiber,4.557401768765911,4.06,5
fibre,4.573587732248684,3.67,4
fibro,4.261395615473136,2.37,4
fices,4.989291139161295,0.0,6
fiche,4.188682525186174,1.71,5
fichu,3.588604787507688,0.0,4
ficin,3.411606501101253,0.0,4
ficos,4.702317732925678,0.0,4
ficta,4.429532266822951,0.0,4
ficus,4.438314422899703,2.42,4
fides,5.053657862686967,2.56,6
fidge,4.267952347084653,0.0,4
fidos,4.784500514509589,0.0,4
fidus,4.521910076015945,1.13,4
fiefs,4.23362484878134,2.19,5
field,4.56838658778867,5.24,4
fiend,4.528642392321023,3.1,3
fient,4.678940777502946,0.0,4
fiere,4.4510535432043135,1.21,3
fieri,4.059664638103549,2.42,4
fiers,5.242007396170132,2.02,5
fiery,4.618455677047753,3.57,4
fiest,4.904529719558093,1.26,3
fifed,3.7639486145276,0.0,6
fifer,4.016631650579679,1.99,5
fifes,4.361846955867567,1.63,6
fifis,3.2605391460980973,0.0,4
fifth,3.2446216805703223,4.78,4
fifty,3.353408782528471,4.29,4
figgy,3.0529033266244845,1.83,5
fight,3.743695792324945,5.23,4
figos,4.6224518616156285,0.0,5
fiked,4.2694253916530025,0.0,5
fikes,4.873918219857488,1.17,5
filar,4.838457169496135,1.19,5
filch,3.858959571867888,1.97,4
filed,4.677662209521524,4.49,4
filer,4.903688749501557,2.45,4
files,5.279821814710973,4.46,4
filet,4.855610371364669,2.8,4
filii,2.883335909490577,1.8,4
filks,4.529202671952271,0.0,5
fille,4.1054692473524375,2.37,4
fillo,3.7938038282291,1.03,5
fills,4.158910609978814,3.71,5
filly,3.537638426363406,3.15,4
filmi,3.449573283546896,1.56,4
films,4.642273602760354,4.64,5
filmy,4.02217757495094,2.13,4
filon,4.492354311294915,1.14,4
filos,4.990032871320914,1.11,4
filth,4.157442501524031,3.41,4
filum,4.022694547381226,1.22,4
final,4.671205280736455,5.28,4
finca,4.402367835091631,2.12,4
finch,3.819344767977586,3.55,5
finds,4.6559651466625285,4.61,5
fined,4.645151588286256,3.7,5
finer,4.887968514408374,3.4,5
fines,5.240399460275811,3.78,4
finis,4.140590786859865,2.28,6
finks,4.491197794745898,2.0,7
finny,3.484707751619401,1.97,6
finos,4.95062057520192,1.18,4
fiord,4.568188559788873,1.87,4
fiqhs,3.6606356614478153,0.0,5
fique,3.735305683918792,0.0,5
fired,4.830742493641733,4.63,4
firer,4.282646270438523,1.56,4
fires,5.423636617375179,4.17,4
firie,4.275983741488754,0.0,4
firks,4.681807114001464,0.0,4
firma,4.616755030004208,2.43,4
firms,4.789350880592279,4.38,5
firni,3.8150112663351177,0.0,4
firns,4.993791568178136,0.0,4
firry,3.728005809274564,0.0,4
first,4.805737258883834,6.11,4
firth,4.314244022385821,3.18,3
fiscs,3.995867191869359,0.0,5
fisho,4.37502165976629,0.0,5
fishy,4.091848423702406,3.28,4
fisks,3.9120883820301513,0.0,6
fists,4.26562141858479,3.43,5
fisty,4.434296746585944,1.24,4
fitch,3.815826038057988,3.26,6
fitly,4.2307938970019,1.46,4
fitna,4.638428624770765,1.78,3
fitte,4.098309140094123,1.24,4
fitts,4.142520759471847,2.01,5
fiver,4.281972672938237,2.71,5
fives,4.629362061158091,3.11,6
fixed,3.870341093593927,4.7,5
fixer,4.122595690509776,3.04,5
fixes,4.468102265805808,3.59,6
fixie,3.3110278099064296,1.89,5
fixit,2.9454276012824634,1.98,4
fizzy,2.587259320046515,2.82,5
fjeld,3.627269864479782,1.11,4
fjord,3.640190084931055,2.81,4
flabs,4.6516411797791255,0.0,5
flack,3.947360029247175,2.95,5
flaff,2.772894761065836,0.0,5
flags,4.683887103396127,4.09,5
flail,3.9700905957541135,2.55,4
flair,4.783042395176021,3.54,4
flake,4.595410046532784,3.21,4
flaks,4.67376126250577,1.1,6
flaky,4.06625754395508,2.87,5
flame,4.705927220992854,4.07,5
flamm,3.5120144670107782,1.42,4
flams,4.780929118704614,1.14,4
flamy,4.171525171994974,0.0,4
flane,4.906796835687693,0.0,4
flank,4.176662302943704,3.64,5
flans,4.976646632031253,1.52,5
flaps,4.783001412669278,3.2,6
flare,5.038811362177512,3.64,4
flary,4.506470237645926,0.0,5
flash,4.489069136801798,4.45,4
flask,4.429459434675835,3.2,4
flats,5.026978340490556,3.77,5
flava,3.4796799154373264,2.36,5
flawn,4.000149578910131,0.0,4
flaws,4.488524601724248,3.85,5
flawy,3.879756242004939,0.0,5
flaxy,3.619430288378457,0.0,6
flays,4.712483636162778,1.66,5
fleam,4.577034542429075,0.0,5
fleas,5.268568610310551,3.11,4
fleck,3.897953664370965,2.57,4
fleek,3.853088412743462,2.03,4
fleer,4.27853018660565,1.9,4
flees,4.646842145218471,2.88,5
fleet,4.221162395587506,4.33,4
flegs,4.633795474788332,0.0,4
fleme,3.94543039218955,0.0,5
flesh,4.440764918331288,4.2,4
fleur,4.481044226199388,2.96,4
flews,4.4416956933306855,0.0,5
flexi,3.761793427814693,2.39,5
flexo,3.818591854041,1.75,4
fleys,4.660561250611512,0.0,5
flick,3.746407875827797,3.63,4
flics,4.556638731908264,1.39,4
flied,4.637903019129487,2.0,4
flier,4.865091564543881,2.92,4
flies,5.240156853320777,4.09,4
flimp,3.851728664243521,0.0,4
flims,4.58130641471128,1.35,5
fling,3.947054106339975,3.33,4
flint,4.330146695879141,3.77,4
flips,4.586124126255354,3.29,4
flirs,4.9115419491061605,0.0,4
flirt,4.480658577592336,3.52,4
flisk,4.227339394181244,0.0,4
flite,4.777924773999223,1.83,3
flits,4.829293721017612,2.01,4
flitt,3.690214856013196,0.0,4
float,4.703965497828168,3.94,4
flobs,4.488960457913061,0.0,6
flock,3.778650142117979,3.69,4
flocs,4.593938623643667,1.26,4
floes,5.265061123954176,2.17,4
flogs,4.519420131890501,1.61,6
flong,3.9979299004424527,0.0,4
flood,3.680906810832872,4.34,5
floor,3.901334620350101,4.94,4
flops,4.622202224290478,3.3,5
flora,4.748050513535196,3.7,4
flore,4.880800876274047,2.13,5
flors,4.947512888615112,0.0,4
flory,4.346669317045355,2.11,5
flosh,4.32718926918515,0.0,3
floss,4.25078790691943,3.18,5
flota,4.664497531729098,1.38,4
flote,4.798214477816032,0.0,4
flour,4.3725798996075325,4.0,4
flout,4.278823491363809,2.25,4
flown,3.826404386892396,3.83,4
flows,4.3208863000634485,4.14,5
flowy,3.710706710301792,2.22,5
flubs,4.224681394200555,1.81,4
flued,4.399899419006714,0.0,5
flues,5.007808330326291,1.88,5
fluey,4.390631343875692,0.0,5
fluff,2.3384774812698645,3.2,4
fluid,4.132095397361006,4.22,4
fluke,4.17618307675487,3.14,4
fluky,3.63343388784404,1.6,5
flume,4.281400355932881,2.81,5
flump,3.6171187341315223,1.11,4
flung,3.730147927962784,3.33,4
flunk,3.7469663008027023,2.17,4
fluor,4.376519918400694,2.19,4
flurr,3.563073989629392,0.0,4
flush,4.062026555382901,3.8,4
flute,4.540079023152391,3.52,4
fluty,3.9924440844142897,0.0,4
fluyt,3.868581176153473,0.0,4
flyby,2.8374096195188807,2.49,4
flyer,4.485997430495057,3.58,4
flyin,4.060098576317119,2.51,4
flype,4.146607663349187,0.0,5
flyte,4.3927516320362825,1.78,4
fnarr,3.928381022549265,0.0,5
foals,5.224811058231773,2.63,4
foams,4.974356412155479,2.76,3
foamy,4.358443991046848,2.41,4
focal,4.477942004361795,3.67,4
focus,4.533130973085852,5.0,5
foehn,4.388489110665726,1.48,4
fogey,4.36081892929119,1.66,5
foggy,3.13546302946088,3.19,5
fogie,4.594141972858044,0.0,5
fogle,4.535828754256945,2.13,5
fogos,3.9554683856695623,0.0,5
fogou,3.304530145455272,0.0,4
fohns,4.555794639803317,0.0,6
foids,4.855574715706028,0.0,5
foils,5.049585847408683,2.81,5
foins,5.000899464043778,0.0,5
foist,4.809270285193174,2.14,5
folds,4.77244080552283,3.43,6
foley,4.733038988786668,3.5,4
folia,4.799141518257453,1.86,3
folic,4.290793081121711,2.71,3
folie,4.966427052406762,2.08,5
folio,3.964590666458068,3.11,4
folks,4.602786241390403,4.59,5
folky,3.991312681620349,1.95,4
folly,3.619678911913968,3.34,5
fomes,5.103127281408288,1.23,5
fonda,4.541183209445468,2.98,5
fonds,4.736066876376586,2.2,6
fondu,4.106336299886186,1.29,4
fones,5.313437334823919,1.53,5
fonio,3.9307687923667047,0.0,4
fonly,4.311304866236571,0.0,4
fonts,4.927075389873815,3.24,4
foods,4.137734626818953,4.41,6
foody,3.5279948233423446,1.64,6
fools,4.331439718943264,3.88,5
foots,4.328780655121791,2.21,5
footy,3.713531679407657,3.15,5
foram,4.682806631834279,1.38,4
foray,4.761756199852927,3.04,5
forbs,4.733071299683226,1.77,4
forby,4.125299429976317,1.16,5
force,4.785699380479054,5.23,4
fordo,3.8571511285150666,1.25,4
fords,4.920836653179354,2.74,4
forel,5.02738043808182,1.89,4
fores,5.489342335347162,1.69,5
forex,4.29682316763632,3.64,4
forge,4.7028681439820295,3.78,4
forgo,3.688757224938084,2.99,3
forks,4.750859153239293,3.45,5
forky,4.141010238428088,1.28,5
forma,4.657577592816085,2.95,4
forme,4.803126795445812,2.44,4
forms,4.861371338860836,4.73,5
forte,5.056703511251151,3.24,3
forth,4.384378604864364,4.4,3
forts,5.1098375976406665,3.23,4
forty,4.504459272939235,4.2,3
forum,4.260315536395529,4.38,3
forza,4.169364438939609,3.1,4
forze,4.31283930019465,1.25,4
fossa,4.363194529024912,2.57,4
fosse,4.494718009279568,2.43,5
fouat,4.631046998720374,0.0,4
fouds,4.634794335022471,0.0,5
fouer,4.8360429231088045,0.0,5
fouet,4.761257389966127,0.0,4
foule,4.732586500045597,1.17,5
fouls,4.827862467674466,3.15,5
found,4.226575082942928,5.68,5
fount,4.357879392542121,2.28,4
fours,4.929371431160669,3.24,4
fouth,4.094780120921566,1.25,4
fovea,4.445428077021706,2.02,4
fowls,4.4263287397723925,2.18,5
fowth,3.69415141013063,0.0,5
foxed,3.9396005806511583,1.82,7
foxes,4.536513954759691,3.42,6
foxie,4.149601207013425,1.09,5
foyer,4.708422002466628,3.09,4
foyle,4.606903892962122,2.61,5
foyne,4.576440462903833,0.0,4
frabs,4.793868051610553,0.0,4
frack,4.097501853760578,2.44,4
fract,4.477188283750182,0.0,4
frags,4.823348357295991,1.92,5
frail,4.785703105146212,3.28,4
fraim,4.576812553158873,0.0,4
frais,5.263337217428769,1.68,3
frame,4.845088373785764,4.58,5
franc,4.391484885067799,3.11,4
frank,4.3285198450295495,4.75,5
frape,4.851143430878237,0.0,5
fraps,4.922582471482628,1.77,5
frass,4.542254983909619,1.75,5
frate,5.106392813737679,1.42,4
frati,4.761389564926744,1.38,4
frats,5.171599966952135,1.91,3
fraud,4.465031885439151,4.37,4
fraus,5.022404883414386,0.0,5
frays,4.848492045228953,1.7,5
freak,4.6181392577942,4.08,5
freed,4.19049919439563,3.85,5
freer,3.657378203791644,2.99,5
frees,4.779665638981145,3.18,5
freet,4.372346977029797,0.0,4
freit,4.804203420815087,0.0,4
fremd,4.294349170536255,1.31,4
frena,4.901383240789272,1.05,5
freon,4.748431371964575,2.22,3
frere,3.633159115472347,2.44,5
fresh,4.574052405481155,4.83,3
frets,5.117663111984515,2.65,3
friar,4.1760897791062375,3.04,4
fribs,4.591436166481832,0.0,5
fried,4.779752922656537,4.06,4
frier,4.246432903078712,1.76,4
fries,5.371289591329615,3.81,4
frigs,4.622126308540417,0.0,4
frill,3.7783383856576513,2.31,5
frise,5.08170244303343,1.95,4
frisk,4.3670856577153065,2.92,4
frist,4.728020046101887,2.38,4
frita,4.807680791766363,1.38,4
frite,4.92345891494421,1.02,4
frith,4.239549030743204,2.6,4
frits,4.970648514372661,1.99,4
fritt,3.8447422104478655,0.0,4
fritz,3.815059112352816,3.42,4
frize,4.178727695850449,1.22,5
frizz,2.884513990264304,2.4,5
frock,3.929405528213956,2.88,4
froes,5.396589630263702,0.0,4
frogs,4.657842853843864,3.56,4
fromm,3.4915994470917084,2.66,5
frond,4.405519828451059,2.23,3
frons,4.953699766437542,1.79,5
front,4.53291804672062,5.28,4
froom,3.690881238071269,1.41,5
frore,4.241470482464578,0.0,5
frorn,3.833545276864075,0.0,5
frory,3.712809707549331,0.0,5
frosh,4.463326212871255,2.29,3
frost,4.767496125179805,3.95,4
froth,4.27670381047852,2.75,4
frown,3.972723786747661,3.26,5
frows,4.459429412169889,0.0,5
frowy,3.854750226138704,0.0,4
froyo,3.635203581985988,2.11,5
froze,4.199729758100136,3.42,5
frugs,4.400404678092915,0.0,4
fruit,4.418711677876469,4.57,4
frump,3.766386546456577,1.72,4
frush,4.203679306133586,1.04,4
frust,4.510581489672193,0.0,4
fryer,3.867143648511598,2.99,5
fubar,4.275887242086574,2.32,4
fubby,2.799880796755386,0.0,5
fubsy,3.8514952848893937,0.0,4
fucks,4.0054866912395495,3.9,6
fucus,3.546754244971824,1.57,4
fuddy,3.051307249640015,2.06,5
fudge,4.031314263733429,3.33,5
fudgy,3.497772099135903,1.73,5
fuels,4.914943653094541,3.82,4
fuero,4.631682858497262,1.18,4
fuffs,2.804857969954425,0.0,5
fuffy,2.187591284584009,0.0,6
fugal,4.130256823624257,1.66,4
fuggy,2.834558227536283,0.0,5
fugie,4.30880952343482,0.0,5
fugio,3.999550345313248,0.0,4
fugis,4.391829541515942,0.0,5
fugle,4.233800520055616,0.0,5
fugly,3.688758879587092,2.37,4
fugue,3.395883779056528,2.73,5
fugus,3.4644329653636845,0.0,5
fujis,3.957322990293006,0.0,5
fulla,3.752765396909363,1.8,5
fulls,3.934244910821751,1.81,4
fully,3.3176452927387854,4.89,5
fulth,3.92708513881268,0.0,3
fulwa,3.929177388415718,0.0,5
fumed,4.208154268203503,2.25,4
fumer,4.4607854445112665,0.0,5
fumes,4.81446587729892,3.34,4
fumet,4.382890392329776,0.0,4
funda,4.271604257522501,1.96,5
fundi,4.024593361647306,1.6,4
fundo,4.087333758411942,1.66,5
funds,4.435547438196551,4.74,5
fundy,3.8322780301752175,2.38,4
fungi,3.849704375200825,3.48,5
fungo,3.913814243981183,1.31,4
fungs,4.270635403032755,0.0,5
funic,3.9687223744503495,0.0,4
funis,4.72494477786647,0.0,5
funks,4.269059850711329,1.59,5
funky,3.65508147707132,3.63,6
funny,3.2675696261942586,5.02,5
funsy,4.19460708557372,0.0,5
funts,4.628066565887686,0.0,5
fural,4.621162618511046,0.0,5
furan,4.631454491731248,1.76,4
furca,4.371375376224408,1.17,4
furls,4.7863356676693165,0.0,4
furol,4.446721548737748,0.0,4
furor,3.8073834603181287,2.52,4
furos,4.925787477398603,0.0,4
furrs,4.115733098562659,0.0,4
furry,3.5041752048280275,3.56,5
furth,4.08084136509816,2.1,3
furze,4.0093754238090735,2.0,5
furzy,3.4600762796696003,0.0,5
fused,4.635529197705896,3.4,4
fusee,4.404189597369823,1.48,4
fusel,4.798396124848435,1.33,3
fuses,4.440701163973192,3.07,5
fusil,4.493173280588155,1.56,3
fusks,3.684604778432084,0.0,5
fussy,3.6395533029864433,3.04,5
fusts,4.040287573454564,0.0,5
fusty,4.216669240158467,1.66,5
futon,4.2558091872962605,2.56,4
fuzed,3.70236803972109,1.13,5
fuzee,3.4639485684691285,0.0,4
fuzes,4.306100775385393,1.75,5
fuzil,3.5514317991445443,0.0,5
fuzzy,2.3652751154597427,3.65,5
fyces,4.57927882993573,0.0,5
fyked,3.880509387967075,0.0,5
fykes,4.463116332927736,0.0,5
fyles,4.873112749166402,1.08,5
fyrds,4.415885436675011,0.0,4
fytte,3.6937443012264217,0.0,4
gabba,3.1503674799603347,2.48,5
gabby,3.4807171391949483,3.16,5
gable,4.89694844623659,3.08,4
gaddi,3.9182172333425824,1.56,5
gades,5.465116955131405,1.51,7
gadge,4.197686718008734,1.37,5
gadgy,3.664923359787582,0.0,5
gadid,4.045334296122058,0.0,5
gadis,5.217940835446016,1.5,5
gadje,4.2632097728458405,0.0,5
gadjo,3.942133767834082,0.0,5
gadso,4.923816405720285,0.0,4
gaffe,3.8328753586201385,2.66,4
gaffs,3.89991410159196,1.71,4
gaged,4.23042229620922,1.35,6
gager,4.483046869417134,1.26,4
gages,4.827911304753693,2.06,6
gaids,5.234606856579498,0.0,5
gaily,4.81005436080578,2.2,4
gains,5.376114735202376,4.25,5
gairs,5.530921939114556,0.0,3
gaita,4.4867829095914535,1.31,4
gaits,5.42433002237128,1.88,5
gaitt,4.2963888994550485,0.0,3
gajos,4.601529432323459,0.0,4
galah,4.123842960945247,1.56,5
galas,4.842820650612063,2.26,5
galax,3.644867250693191,1.9,5
galea,4.750070307089552,2.03,4
galed,5.100237456000925,0.0,5
gales,5.695311866737956,2.81,5
galia,4.483170795221311,1.85,4
galis,5.425192480000319,1.08,5
galls,4.603013373083808,2.34,5
gally,3.994349971890801,2.19,5
galop,4.696345914025788,1.46,4
galut,4.738384473351601,1.01,4
galvo,4.308472659856129,0.0,5
gamas,4.607365563797515,0.0,4
gamay,3.996914135706385,1.77,4
gamba,3.76482179908172,2.28,4
gambe,4.638978139990686,0.0,4
gambo,4.308886098683455,1.46,5
gambs,4.707609954503752,0.0,4
gamed,4.859439360020561,2.25,5
gamer,5.110161981694537,3.62,4
games,5.455216914174175,5.44,4
gamey,4.839568021479656,2.09,4
gamic,4.425472367628557,0.0,4
gamin,4.701643854641016,1.7,3
gamma,3.324219128108413,3.7,4
gamme,4.202752744950357,1.23,4
gammy,3.659354385558141,2.14,5
gamps,4.839251443974629,0.0,5
gamut,4.499948851289378,2.87,4
ganch,4.269364703032432,0.0,4
gandy,4.504541478341543,2.48,5
ganef,4.711134790065338,0.0,5
ganev,4.595133714056654,1.21,5
gangs,4.436842297461825,3.73,6
ganja,3.5684605666232074,2.72,4
ganks,4.934979443319094,1.07,4
ganof,4.407295861575753,0.0,4
gants,5.292009508746561,1.47,5
gaols,5.433415539117156,1.6,5
gaped,4.832453947531143,2.03,5
gaper,5.091334748038578,1.21,3
gapes,5.434148386577279,2.08,4
gapos,5.145195038913884,0.0,5
gappy,3.642015035309033,1.62,6
garam,4.31200817726501,2.25,4
garba,4.173940731099426,2.12,4
garbe,5.043012932779537,1.5,4
garbo,4.717469482052091,2.55,4
garbs,5.104825589104237,1.5,5
garda,4.369353425938897,2.86,4
garde,5.219849822303865,3.34,4
gares,5.837054429671976,1.01,5
garis,5.5692493155430975,1.83,4
garms,5.236887248979194,1.47,5
garni,5.027386151377282,1.9,3
garre,4.720853469079516,1.11,4
garri,4.3710094293180966,1.56,5
garth,4.757781242916102,3.31,3
garum,4.633680803645425,1.32,4
gases,5.076130518714876,3.73,6
gashy,4.553068763674453,0.0,5
gasps,4.474587584485399,2.92,5
gaspy,4.645052250915621,0.0,5
gassy,4.311220150604309,2.38,5
gasts,4.706912980852117,0.0,6
gatch,4.2554393707703495,1.44,6
gated,5.047153064668206,3.23,4
gater,5.306937228082413,1.49,5
gates,5.647859363724541,4.3,5
gaths,4.950047393879076,0.0,4
gator,5.053009149188901,3.19,4
gauch,4.161212481020236,0.0,4
gaucy,4.30695362700464,0.0,4
gauds,5.006978271274117,0.0,5
gaudy,4.398322003634322,2.83,4
gauge,4.237358800456191,4.02,4
gauje,4.303339413384088,0.0,5
gault,4.75821642531434,2.46,4
gaums,4.951780291104373,0.0,4
gaumy,4.332437957710474,0.0,4
gaunt,4.724334661776173,2.9,4
gaups,4.956194167199073,0.0,5
gaurs,5.303541045053713,0.0,3
gauss,4.580791977068563,2.83,4
gauze,4.3540525300845525,2.89,4
gauzy,3.84072805146749,2.16,4
gavel,4.607040487141255,2.66,5
gavot,4.3331250002034025,0.0,4
gawcy,3.91735782029019,0.0,4
gawds,4.616088685067231,1.13,5
gawks,4.442595313766384,1.04,5
gawky,3.829608132347021,1.91,5
gawps,4.561469540889349,0.0,5
gawsy,4.370995349398051,0.0,4
gayal,4.109760205924853,0.0,5
gayer,5.0596573904101865,2.37,3
gayly,3.8285279424173466,1.17,5
gazal,3.63492415921404,1.56,5
gazar,3.786021771345692,0.0,5
gazed,4.347842774087533,2.83,5
gazer,4.5996700453154205,1.96,4
gazes,4.940981136291515,2.61,6
gazon,4.16940892477667,0.0,5
gazoo,3.561979810173317,1.76,6
geals,5.570566819347054,0.0,5
geans,5.521302095909119,0.0,4
geare,4.850132967895263,0.0,5
gears,5.6642352914201775,3.67,5
geasa,4.814110998089351,0.0,4
geats,5.554770941322196,1.46,3
gebur,4.428057684395285,0.0,4
gecko,4.252450211793885,2.91,4
gecks,4.610208546706725,0.0,5
geeks,4.416172501270242,3.27,5
geeky,3.797168628056968,2.94,5
geeps,4.540354372817909,0.0,6
geese,3.892215130124781,3.35,4
geest,4.54279759668949,1.56,4
geist,5.145325328839496,2.57,4
geits,5.378809933347914,0.0,5
gelds,5.089164337482169,0.0,4
gelee,3.7443398390500433,1.22,5
gelid,4.806825647194272,1.31,4
gelly,3.9468036570284633,1.57,5
gelts,5.278804897461591,0.0,5
gemel,4.229213285513584,0.0,5
gemma,4.041596382342838,3.33,4
gemmy,3.609007592375902,1.27,5
gemot,4.705041657053664,0.0,4
genae,4.738843943234364,0.0,4
genal,5.086218684432155,1.44,4
genas,5.5445259205190345,0.0,4
genes,4.873057499502185,4.14,5
genet,4.462892750991412,2.42,4
genic,4.595886819936078,1.62,5
genie,4.538464511093926,3.41,5
genii,4.160591201071018,2.24,5
genin,4.174026061873413,1.69,4
genio,4.947050997912413,1.64,3
genip,4.653614027073806,0.0,4
genny,3.895384159469679,2.17,5
genoa,5.093619996828943,3.18,4
genom,4.66104267175461,1.5,5
genre,4.555133255701409,4.17,4
genro,4.992888706734934,1.23,4
gents,5.242103201955058,3.15,6
genty,4.633475513106037,0.0,4
genua,4.8877911038099295,1.32,4
genus,5.094786887543025,3.73,5
geode,4.386644185628473,2.06,4
geoid,4.887061106331635,1.78,4
gerah,5.00695567976278,0.0,4
gerbe,4.262924002689274,1.54,4
geres,5.054612889227235,0.0,5
gerle,4.617054688877755,0.0,5
germs,5.19374772019651,3.39,5
germy,4.5842503614126615,1.63,3
gerne,4.601717727177201,1.28,4
gesse,4.07951781324714,0.0,5
gesso,4.534431300022213,1.98,4
geste,4.656939104119892,2.05,4
gests,4.659408785406978,0.0,4
getas,5.532755384469894,0.0,3
getup,4.380983150915247,2.5,5
geums,4.906593583763408,0.0,4
geyan,4.812434477470265,0.0,4
geyer,4.283554437774731,2.44,4
ghast,4.670366478427323,1.52,4
ghats,4.914274969386331,2.42,5
ghaut,4.331964295582472,1.35,4
ghazi,3.7596283503682906,2.69,5
ghees,4.521798547814546,0.0,6
ghest,4.614641989310679,0.0,4
ghost,4.511593693110167,4.42,3
ghoul,4.154786263812663,2.89,5
ghusl,4.235168759202953,1.36,4
ghyll,3.167816846885632,1.32,4
giant,4.87852702569057,4.62,3
gibed,4.482410428220689,0.0,6
gibel,4.639821573428862,0.0,5
giber,4.73598992638165,0.0,5
gibes,5.077263139126943,1.56,5
gibli,3.509572134850629,0.0,4
gibus,4.527104251115816,1.29,5
giddy,3.4453538763850724,3.22,5
gifts,4.516157527618846,4.38,5
gigas,4.488550458373817,2.12,5
gighe,3.794385063817239,0.0,5
gigot,3.862474749246744,1.41,4
gigue,3.949170159735284,1.39,4
gilas,5.355882510116144,1.79,4
gilds,4.872316899664624,1.58,5
gilet,5.0249179525483845,1.9,4
gilia,4.177109752974519,1.17,4
gills,4.337363699190502,3.06,7
gilly,3.718874935886869,2.61,4
gilpy,4.206642813342192,0.0,5
gilts,5.055874151107131,2.31,5
gimel,4.769908773806899,1.33,4
gimme,3.946878024762102,3.57,4
gimps,4.568269251545527,1.77,4
gimpy,3.949480390329423,1.89,5
ginch,3.989973594326957,0.0,4
ginga,3.985273529828947,1.91,4
ginge,4.107623824298713,1.75,4
gings,4.16047896896261,0.0,5
ginks,4.660843253422944,0.0,7
ginny,3.662120238903333,2.98,5
ginzo,3.9291868141942494,0.0,4
gipon,4.421560929481402,0.0,5
gippo,3.620828196252183,0.0,5
gippy,3.362029271514836,1.17,5
gipsy,4.36226326533768,2.65,4
girds,5.022724229172799,1.44,4
girlf,4.2440925472107685,1.1,3
girls,5.191735224475257,5.17,5
girly,4.581823342462824,3.23,3
girns,5.166689067909621,0.0,5
giron,4.83458684437407,1.94,3
giros,5.318141791902902,1.19,3
girrs,4.517949555743138,0.0,5
girsh,4.675411419012165,0.0,3
girth,4.486748834926356,2.92,4
girts,5.20843316921568,1.09,3
gismo,4.647271725343667,1.29,4
gisms,4.203547446740607,0.0,5
gists,4.436955525167057,1.83,5
gitch,3.9785481694965994,0.0,5
gites,5.403015494142125,1.04,5
giust,4.681783863828932,0.0,4
gived,4.205897328114286,1.3,5
given,4.334519792171686,5.41,5
giver,4.460302579015542,3.2,5
gives,4.803843604868277,5.03,5
gizmo,3.708779519178536,2.61,4
glace,4.862183692401426,2.27,5
glade,4.941551468756052,2.78,4
glads,5.017504736430372,1.52,5
glady,4.424243828861427,1.62,4
glaik,4.503450224776311,0.0,4
glair,4.96431828139613,0.0,5
glamp,4.242147474097752,1.21,4
glams,4.961363633896792,1.15,4
gland,4.599256993932146,3.38,4
glans,5.15336571609013,2.42,4
glare,5.218985564120334,3.36,5
glary,4.688118783053599,1.1,5
glass,4.592182120896227,4.85,4
glatt,4.064925731540286,1.89,4
glaum,4.358965410679142,0.0,4
glaur,4.719196462656844,0.0,4
glaze,4.4005749352163,3.28,4
glazy,3.8685352812805966,0.0,5
gleam,4.762041081453731,2.97,4
glean,4.9648459024266325,2.73,4
gleba,4.601082009402073,1.26,4
glebe,3.997644727347432,2.63,4
gleby,4.171710846519055,0.0,4
glede,4.173797595579695,0.0,4
gleds,4.957752661245179,0.0,4
gleed,4.225729583088242,1.26,4
gleek,4.024417370578944,1.47,5
glees,4.820064711945935,1.62,5
gleet,4.391476083157788,0.0,4
gleis,5.263208322053975,1.01,4
glens,5.104380108565021,2.66,4
glent,4.669266516972324,0.0,4
gleys,4.835489486738404,0.0,4
glial,4.155198993639713,2.46,4
glias,5.315655943455399,0.0,4
glibs,4.629891547519208,0.0,4
glide,4.7534904209452185,3.33,4
gliff,3.1555849327046475,0.0,4
glift,4.039843209487539,0.0,4
glike,4.588976867924556,0.0,4
glime,4.704389892236383,0.0,5
glims,4.76103614322537,0.0,5
glint,4.502632989350358,2.65,4
glisk,4.398710210691782,0.0,4
glits,5.000217948312022,0.0,4
glitz,3.839258334154388,2.66,4
gloam,4.628553804293503,0.0,4
gloat,4.88105518420118,2.62,5
globe,4.596560585791533,4.28,5
globi,4.238899507023853,0.0,4
globs,4.666124686444336,1.91,5
globy,4.06332334342036,0.0,4
glode,4.775696431833401,0.0,4
glogg,2.857198220617639,0.0,5
gloms,4.798064413352963,0.0,4
gloom,3.730631855994693,3.31,5
gloop,3.7124644141690255,1.91,4
glops,4.80324339718582,0.0,4
glory,4.52787969279826,4.36,4
gloss,4.427649953305603,3.47,4
glost,4.792221433116243,0.0,4
glout,4.452005746290064,0.0,5
glove,4.335184816195968,3.73,5
glows,4.498581778982397,2.93,5
glowy,3.892860148910757,2.12,5
gloze,4.23595625811088,0.0,5
glued,4.578509237796334,3.41,4
gluer,4.806893668260759,1.12,4
glues,5.182920145778019,2.42,5
gluey,4.568850825547629,1.68,5
glugg,2.5901705538733117,0.0,5
glugs,3.933160221391221,1.15,4
glume,4.462458035485253,1.39,5
glums,4.530744978948345,0.0,5
gluon,4.404667981909276,2.16,4
glute,4.71168783826597,2.08,4
gluts,4.772800763565416,1.63,4
glyph,3.6502302379067033,2.7,4
gnapi,4.455620671537784,0.0,5
gnarl,4.727489951457961,1.23,5
gnarr,4.106040411160755,1.14,5
gnars,5.21290691367623,0.0,4
gnash,4.585664121557218,2.03,4
gnats,5.122484138963814,2.46,5
gnawn,3.428302696479965,0.0,4
gnaws,4.586724789103074,1.95,4
gnome,4.644934918854492,3.2,4
gnows,4.419357805341644,0.0,4
goads,5.209918905659,1.91,5
goafs,4.871784446059827,0.0,5
goaft,4.442593196447885,0.0,4
goals,5.4049803958943805,4.95,4
goary,4.894043788141928,0.0,5
goats,5.395674311652535,3.72,4
goaty,4.787308117259676,1.28,4
goave,4.647662971383426,0.0,4
goban,4.54986708884294,0.0,4
gobar,4.722488340170866,1.47,4
gobbe,3.834511722748771,0.0,5
gobbi,3.466833423118067,1.76,4
gobbo,2.815646552803946,1.51,5
gobby,3.280949187405746,1.8,5
gobis,4.845816806796666,0.0,5
gobos,4.125269287902259,1.24,5
godet,4.87004159561023,1.52,3
godly,4.327099646052667,3.26,4
godso,4.053037625452069,0.0,4
goels,5.38141403880489,0.0,4
goers,5.474931715223031,3.09,4
goest,5.130347405137388,1.75,4
goeth,4.648900565906501,2.23,4
goety,4.756899054373326,0.0,4
gofer,4.636843125654448,1.69,5
goffs,3.699920877566344,1.42,5
gogga,3.150925286824704,0.0,5
gogos,3.632251153021621,1.3,5
goier,5.245840714338736,0.0,3
going,3.877744116686952,5.94,4
gojis,4.419652184812906,0.0,5
gokes,5.109680558200337,0.0,6
golds,4.945965285722097,3.13,6
goldy,4.34660872399375,2.35,4
golem,4.84664457306966,2.79,4
goles,5.5242384519577215,1.16,5
golfs,4.613451274292393,1.97,6
golly,3.798683191610959,2.71,5
golpe,4.836819545076653,1.37,5
golps,4.896826232071315,0.0,3
gombo,3.4307753700452097,1.06,5
gomer,4.936004655165746,2.33,5
gompa,4.436262688033294,1.65,4
gonad,4.817796577596265,1.88,5
gonch,4.073496297800619,0.0,4
gonef,4.540049414434868,0.0,5
goner,5.140001274393149,2.45,5
gongs,4.242758557052371,2.45,4
gonia,4.949480636500161,0.0,4
gonif,4.228872902978567,0.0,4
gonks,4.740233619008636,0.0,5
gonna,4.157323714316654,5.29,4
gonof,3.5096537515914896,0.0,5
gonys,4.784166350818,0.0,4
gonzo,3.291649932537013,2.8,5
gooby,3.5094251741638605,1.55,5
goodo,3.048813182747198,1.01,4
goods,4.312738915895922,4.6,5
goody,3.705025830071099,3.04,4
gooey,4.2553565098769575,2.86,5
goofs,3.9747594249494975,2.19,5
goofy,3.359457322181181,3.57,5
googs,3.652558753847897,0.0,5
gooks,4.137749067009984,1.66,5
gooky,3.520411139850625,0.0,5
goold,3.944730468960089,2.05,4
gools,4.50795400910355,0.0,6
gooly,3.8901488963915782,0.0,4
goomy,3.64199738193246,0.0,6
goons,4.464811356457581,3.21,5
goony,3.8549533743830127,1.41,5
goops,4.259071286315083,0.0,5
goopy,3.641980360980916,1.88,4
goors,4.609535450369899,0.0,5
goory,3.9986007787894624,0.0,4
goose,4.595346980151797,3.84,5
goosy,4.0625651946125645,1.01,4
gopak,4.345474211138024,0.0,4
gopik,4.161803952652569,0.0,4
goral,5.070642048421335,1.42,4
goras,5.551041310659073,1.12,4
goray,4.945736810600772,0.0,4
gorbs,4.910819690957188,0.0,4
gordo,4.03724526357788,2.68,3
gored,5.080100503663274,2.23,4
gores,5.665503618810185,2.1,5
gorge,4.3783964702594655,3.4,4
goris,5.364536612586845,1.27,4
gorms,5.040431655854435,0.0,5
gormy,4.437609950465535,0.0,3
gorps,5.044567261393105,0.0,4
gorse,5.396751480762788,2.35,4
gorsy,4.848882801323445,0.0,3
gosht,4.5598612682475945,1.22,4
gosse,4.667522956711977,2.1,5
gotch,4.055955246095487,2.16,5
goths,4.754616128682198,2.76,5
gothy,4.148620886382342,1.29,5
gotta,4.194971648184922,4.95,4
gouch,3.962182977659239,0.0,5
gouge,4.052767474824594,2.71,5
gouks,4.636423371877494,0.0,5
goura,4.875723702735558,0.0,4
gourd,4.549755349651427,2.82,3
gouts,4.99836804736932,1.29,5
gouty,4.38237683057734,1.77,4
goved,4.280371098912238,0.0,7
goves,4.875985036253281,1.01,6
gowan,4.377164240441742,2.24,4
gowds,4.407751421934954,0.0,5
gowfs,4.06952277757348,0.0,5
gowks,4.233049503713533,0.0,5
gowls,4.60294503197014,0.0,5
gowns,4.565311360052888,3.25,4
goxes,4.7113232206376745,0.0,6
goyim,4.238507036321446,2.07,4
goyle,4.783089593250761,1.63,5
graal,4.398539809225425,1.82,4
grabs,4.964620399519597,3.73,4
grace,4.996194941341164,4.56,4
grade,5.0758873944866165,4.8,4
grads,5.153496848216851,2.93,4
graff,3.502503878660496,2.8,5
graft,4.389929000773836,3.47,5
grail,4.961483651666425,3.46,4
grain,4.952428199991868,4.18,4
graip,4.737175455019535,0.0,4
grama,4.177432055299663,2.24,4
grame,5.0224976028878965,0.0,5
gramp,4.380751702531146,1.41,5
grams,5.092598308460237,3.82,5
grana,4.384976650255815,1.99,4
grand,4.742919357950256,4.91,4
grano,4.9212118816998185,1.7,5
grans,5.286117240041945,1.68,4
grant,4.8646175011241,4.67,4
grape,5.027849984347351,3.7,4
graph,4.370964090609044,4.05,4
grapy,4.499686853137933,0.0,5
grasp,4.836103170098584,3.97,4
grass,4.712725189808377,4.38,5
grata,4.4316653275385,2.45,4
grate,5.273358751163397,3.17,4
grats,5.337340740614136,2.06,4
grave,4.63340333436502,4.31,4
gravs,4.712684405180497,0.0,5
gravy,4.114906958421789,3.48,4
grays,5.019915057600657,2.83,4
graze,4.534495275990707,3.02,5
great,5.16264409599717,5.88,3
grebe,4.133989107032938,2.21,4
grebo,4.567489354673801,1.15,5
grece,4.233848857570199,1.43,3
greed,4.363530910440853,3.73,5
greek,4.165604697585782,4.5,4
green,4.488418711167438,5.13,4
grees,4.948552933430577,1.08,5
greet,4.537603434222519,3.73,4
grege,3.6607094639124886,0.0,5
grego,4.096407801674811,1.55,4
grein,4.914956260172415,1.34,4
grens,5.238575665877728,1.23,4
greps,5.044533532155204,0.0,4
grese,4.677220613933116,1.3,4
greve,3.869880896036435,2.1,5
grews,4.749038253696298,0.0,4
greys,4.963949173195869,2.85,4
grice,4.813858612226165,2.34,4
gride,4.889880380709441,0.0,4
grids,4.94816385386982,3.13,4
grief,4.599774312117026,4.08,4
griff,3.2993217966849637,2.67,5
grift,4.187709290793943,2.28,4
grigs,4.294105876180486,0.0,5
grike,4.725823885204687,0.0,4
grill,3.954990534222852,3.84,5
grime,4.838415594601781,3.09,4
grimy,4.282722092519654,2.76,4
grind,4.530417067811803,3.94,3
grins,5.075595718447385,2.82,4
griot,4.823974981270333,1.75,3
gripe,4.843980085439227,2.81,4
grips,4.894357731457959,3.47,3
gript,4.465488972515767,0.0,4
gripy,4.288412514596389,0.0,4
grise,5.248816787068065,1.86,4
grist,4.8908920223560095,2.68,4
grisy,4.693219088300773,0.0,4
grith,4.407977816275956,0.0,5
grits,5.136202519579081,2.93,4
grize,4.352181551341461,0.0,5
groan,4.975518851037082,3.12,4
groat,5.031916049500244,2.11,4
grody,4.400453236162829,1.72,4
grogs,4.332807079236649,1.14,5
groin,4.779459776439359,3.26,4
groks,4.817223772625769,0.0,5
groma,4.73541510507902,0.0,4
groms,4.929676650698797,1.19,5
grone,5.066710237651871,0.0,5
groof,3.599706565432578,0.0,5
groom,3.871870919413386,3.63,5
grope,4.868241887202959,2.68,5
gross,4.549526442695955,4.45,5
grosz,4.215889851824636,2.07,4
grots,5.174957496572999,1.21,3
grouf,4.069771762662295,0.0,5
group,4.326213122037583,5.57,4
grout,4.601142539776666,2.83,4
grove,4.47358703455846,3.94,5
grovy,3.950988644646813,0.0,6
growl,4.151985100769382,3.14,5
grown,4.14872726360534,4.67,5
grows,4.6326389087298585,4.18,4
grrls,4.357113593594047,0.0,4
grrrl,3.091565369451304,1.97,3
grubs,4.543386597596438,2.48,4
grued,4.72184139436133,0.0,4
gruel,4.8440292422636535,2.44,5
grues,5.316219609771383,0.0,4
grufe,4.331919210704268,0.0,4
gruff,3.07418766060807,2.81,4
grume,4.603844652711587,0.0,5
grump,3.952464377741361,2.29,4
grund,4.317665096244051,1.85,3
grunt,4.439451983111447,3.15,4
gryce,4.435311787455397,1.57,3
gryde,4.509969767566694,0.0,4
gryke,4.342490811630558,0.0,4
grype,4.46721654554366,0.0,5
grypt,4.081024920779412,0.0,4
guaco,4.443824383459361,0.0,4
guana,4.171429887505266,1.52,4
guano,4.686767161819125,2.61,4
guans,5.097299168676044,0.0,4
guard,4.681677835682379,4.73,4
guars,5.235893057826791,0.0,5
guava,3.573745105001441,2.61,5
gubba,3.4177896639870653,1.15,5
gucks,4.168782670611895,0.0,5
gucky,3.5594859608067595,0.0,5
gudes,5.005078048541095,0.0,5
guess,4.466262421852823,5.17,4
guest,4.835991735086139,4.58,4
guffs,3.4006118622795074,0.0,5
gugas,4.277329201793714,0.0,5
guggl,2.6006193400983952,0.0,4
guide,4.650390308385197,4.75,4
guido,4.367448731328663,3.17,4
guids,4.741669034135772,1.18,5
guild,4.37723092664244,3.93,4
guile,4.854372291880576,2.75,4
guilt,4.4979182806241775,4.13,4
guimp,3.967193759777936,0.0,4
guiro,4.6611856971022005,0.0,4
guise,5.01923306197249,3.47,4
gulab,4.307942091158476,2.1,5
gulag,3.8510921776697553,2.85,5
gular,4.799975746205423,1.73,4
gulas,5.141032191032842,0.0,4
gulch,3.800187238671904,2.78,4
gules,5.233912410198705,2.21,4
gulet,4.797805935674371,1.26,4
gulfs,4.310921458474257,1.98,4
gulfy,3.702307764789218,0.0,5
gulls,4.109247091069215,3.0,6
gully,3.49631129536764,3.11,4
gulph,3.8617498445612815,1.23,4
gulps,4.595331065633058,2.34,3
gulpy,3.98497539226993,0.0,4
gumbo,3.848761971532378,2.7,5
gumma,3.592864155075893,1.34,4
gummi,3.349033441804384,2.3,4
gummy,3.157211327148639,2.97,4
gumps,4.340086754424896,1.37,5
gunas,5.111229649229965,1.46,4
gundi,4.19927758078822,0.0,5
gundy,4.005339200611907,2.48,4
gunge,3.8769799176178448,1.88,4
gungy,3.3256989195730178,0.0,5
gunks,4.438072052344061,0.0,5
gunky,3.8269101861004815,1.42,5
gunny,3.444065037917026,2.3,5
guppy,3.1425217053677974,2.49,4
guqin,3.537326940083141,1.08,4
gurdy,4.197172683642993,2.04,4
gurge,4.073267652660421,0.0,4
gurks,4.621411462833612,0.0,5
gurls,4.961815058092843,1.97,4
gurly,4.357457506909648,0.0,4
gurns,4.939737316264428,0.0,4
gurry,3.6822690705110808,1.47,4
gursh,4.444341697401058,0.0,4
gurus,4.15385414588584,2.99,5
gushy,4.0549741320119015,1.96,5
gusla,4.847895116731495,0.0,4
gusle,4.956665507676184,0.0,5
gusli,4.610154341006416,0.0,3
gussy,3.815401255672171,1.72,5
gusto,4.669667852046192,3.0,3
gusts,4.210725033472322,3.15,5
gusty,4.387122421496327,2.59,4
gutsy,4.363326510758904,2.73,4
gutta,3.922942038595536,2.37,4
gutty,3.482766982659599,1.43,5
guyed,4.344394612353682,1.52,4
guyle,4.482732617772935,0.0,5
guyot,4.23110723152371,2.05,4
guyse,4.637395887334242,1.05,5
gwine,4.385182334328462,1.37,5
gyals,4.947841011786108,0.0,4
gyans,4.903915010097489,0.0,4
gybed,4.095004309321386,0.0,5
gybes,4.664771676501776,0.0,4
gyeld,4.341994128413009,0.0,4
gymps,4.135214879960011,0.0,4
gynae,4.869455513923565,1.45,4
gynie,4.666544605920754,0.0,4
gynny,2.645597220937445,0.0,5
gynos,4.728481886028066,0.0,4
gyoza,3.8653658825869472,1.92,4
gypes,4.779080325969894,0.0,5
gypos,4.507629646039266,0.0,4
gyppo,3.234539726997208,0.0,4
gyppy,2.3353596422644567,0.0,4
gypsy,3.341859637368073,3.55,4
gyral,4.650811735356732,0.0,4
gyred,4.624989061868218,0.0,4
gyres,5.186787938577857,1.77,4
gyron,4.455775279109054,0.0,3
gyros,4.91612667274657,2.29,4
gyrus,4.64653505453819,2.54,5
gytes,4.989688290794813,0.0,5
gyved,3.8216255728696265,0.0,6
gyver,4.076337483324019,0.0,4
gyves,4.39406156927431,0.0,5
haafs,4.322889372103579,0.0,6
haars,4.946611569209982,0.0,4
haats,4.846089586885123,0.0,4
habit,4.643569639430435,4.24,4
hable,4.916806236538569,1.25,5
habus,4.828372402686781,0.0,5
hacek,4.617836562797484,0.0,4
hacks,4.686254990840753,3.45,5
hacky,4.081744097544134,2.22,5
hadal,4.206138330068798,1.23,6
haded,4.298433147170259,0.0,5
hades,5.487487459026749,3.2,4
hadji,3.9403150723940703,2.23,5
hadst,4.902019722113432,1.84,4
haems,5.33639301417763,0.0,3
haere,4.891488470190882,0.0,4
haets,5.570548707011472,0.0,3
haffs,3.923470711641013,0.0,6
hafiz,3.7408112865996648,2.73,5
hafta,3.878792268413487,1.93,4
hafts,4.810819416996754,1.02,4
haggs,4.154340817823397,1.11,5
haham,3.283564940653384,0.0,5
hahas,3.9717945637370176,0.0,6
haick,4.355014830784099,0.0,4
haika,4.15322730962282,0.0,4
haiks,5.090644522651157,0.0,5
haiku,4.419046728750849,3.08,4
hails,5.449818985184179,3.13,4
haily,4.830952564750958,1.03,4
hains,5.401560219636427,1.66,4
haint,4.975029642761076,1.29,4
hairs,5.546573421045667,3.77,4
hairy,4.931638033595163,3.8,4
haith,4.190536093407246,1.41,4
hajes,4.913346556767154,0.0,5
hajis,4.645006071537444,1.21,5
hajji,3.1859609118322165,2.16,5
hakam,3.7952608206751774,1.81,4
hakas,4.484864878138101,0.0,6
hakea,4.364683142702158,1.64,4
hakes,5.30844396421783,1.2,4
hakim,4.369697768490298,2.84,4
hakus,4.819382689416464,0.0,4
halal,3.687353178974407,3.15,5
haldi,4.754596984382772,1.6,5
haled,5.117294372913377,1.32,5
haler,5.336479169067426,1.2,3
hales,5.708955629485876,2.89,3
halfa,3.888680072475741,1.87,5
halfs,4.825157383122581,1.83,5
halid,4.886025787600886,0.0,5
hallo,4.226674675715542,2.75,5
halls,4.621403476911115,3.85,5
halma,4.169501943869349,1.29,4
halms,5.11200051657031,0.0,4
halon,4.92809525852188,1.91,5
halos,5.418720672537631,2.65,5
halse,5.461507652891807,1.75,3
halsh,4.286077627210221,0.0,4
halts,5.343901693883313,2.86,4
halva,3.784774285390875,1.56,5
halve,4.647218931362802,2.6,4
halwa,3.87365688472658,1.95,5
hamal,4.169648678081872,1.51,4
hamba,3.793616115171168,1.29,3
hamed,4.880295376711646,2.4,4
hamel,5.029592613889027,2.47,5
hames,5.474005035104515,2.06,3
hammy,3.685564564905523,2.55,5
hamza,3.4421343632719594,2.89,4
hanap,4.144912482115378,0.0,5
hance,4.971306899697031,2.04,4
hanch,3.761607659976174,0.0,4
handi,4.7217224481169975,2.2,4
hands,5.129075051686562,5.16,5
handy,4.531195599662601,3.97,4
hangi,4.551281134247894,1.36,4
hangs,4.969157537303751,3.7,5
hanks,4.967399426212188,3.22,5
hanky,4.358489347125932,2.37,4
hansa,4.583684548923073,2.23,5
hanse,5.43315506002871,2.08,3
hants,5.317811916648383,2.41,3
haole,5.327960718994802,1.84,4
haoma,4.262660170074109,1.03,5
hapas,4.616974925022966,0.0,4
hapax,3.41352211844835,1.29,4
haply,4.4931210493446105,1.84,4
happi,3.859717738784092,1.69,5
happy,3.6693613985848583,5.35,5
hapus,4.950906321559431,0.0,4
haram,4.3334978213154445,3.43,4
hards,5.311577840667028,2.26,5
hardy,4.719343209925972,3.86,4
hared,5.2667623315334025,1.26,4
harem,5.183720837555301,3.13,4
hares,5.85118102291199,2.79,4
harim,4.907630159922816,1.5,3
harks,5.145597017992797,2.07,5
harls,5.472532468590687,0.0,5
harms,5.25791290032815,3.29,6
harns,5.456211910026689,0.0,4
haros,5.5692889050315495,0.0,5
harps,5.264060145865162,2.58,4
harpy,4.662147148945885,2.5,4
harry,4.202436356717079,4.72,4
harsh,4.436324269662156,4.14,3
harts,5.496093784459385,2.27,3
hashy,4.042896230971935,0.0,5
hasks,4.380917143325733,0.0,5
hasps,4.501197930507806,0.0,4
hasta,4.6062170547039845,2.56,3
haste,5.470968546115321,3.37,3
hasty,4.9103976985465945,3.29,3
hatch,3.748940230196764,3.82,4
hated,5.071235101557417,4.2,4
hater,5.326675056730458,3.14,4
hates,5.665502224382272,4.15,3
hatha,3.51150090673589,2.2,4
hathi,4.02836063012829,1.84,4
hatty,4.010650859644648,1.89,4
hauds,5.030534415184874,0.0,5
haufs,4.694355405434144,0.0,5
haugh,3.606697144815866,2.13,5
haugo,4.450125976482285,0.0,4
hauld,4.655946979976988,0.0,5
haulm,4.526764297400144,0.0,4
hauls,5.220311601894684,2.84,4
hault,4.785117791732819,1.29,4
hauns,5.184199387184291,0.0,5
haunt,4.751129967189979,3.54,5
hause,5.292204715300656,1.87,3
haute,5.118496450752724,3.2,3
havan,3.7683186391820978,1.37,5
havel,4.625500363135603,2.48,4
haven,4.606125382467024,4.13,4
haver,4.725047405670774,2.21,4
haves,5.068640550803145,2.95,4
havoc,4.0476309328789695,3.5,5
hawed,4.59104487366053,1.51,5
hawks,4.471876416591436,3.89,5
hawms,4.586646839474434,0.0,5
hawse,4.936290762943924,1.36,4
hayed,4.8276233398564745,0.0,5
hayer,5.07463995001809,1.3,3
hayey,4.200097459753249,0.0,4
hayle,4.989882590262744,1.99,4
hazan,3.6525781619043376,1.96,5
hazed,4.367581855083414,2.06,5
hazel,4.517805732761308,3.54,4
hazer,4.616771732493538,1.13,4
hazes,4.960211078596074,1.54,4
hazle,4.536354108126273,1.38,4
heads,5.38538450766088,4.67,4
heady,4.775682819102647,2.93,4
heald,5.020516628842788,2.34,3
heals,5.587101703312991,3.32,4
heame,4.522958622015097,0.0,4
heaps,5.3426726135826055,3.31,4
heapy,4.723903609545877,0.0,4
heard,5.117410574989164,5.27,4
heare,4.870625404362206,1.42,4
hears,5.679813465985638,3.78,5
heart,5.27354165118208,5.31,3
heast,5.352712846973073,0.0,4
heath,4.32847749990901,3.76,4
heats,5.57532801376745,3.41,5
heaty,4.966469583674665,0.0,4
heave,4.123990616438488,2.9,4
heavy,4.327088445281815,4.96,4
heben,4.09314967081277,1.23,4
hebes,4.551284102021837,1.38,4
hecht,3.710782390000675,2.6,5
hecks,4.630063228347551,1.47,4
heder,4.369650365442245,1.59,4
hedge,3.943764876753433,3.74,4
hedgy,4.1372468407237495,0.0,4
heeds,4.605258276062057,1.96,5
heedy,3.998196843758559,0.0,4
heels,4.807913459620766,4.06,4
heeze,2.9993253047903856,1.02,5
hefte,3.963033647347467,1.24,4
hefts,4.760956961094386,0.0,5
hefty,4.151773611581624,3.36,4
heiau,4.952209932167749,1.52,4
heids,5.206969869351033,0.0,4
heigh,3.802231365701292,2.03,5
heils,5.411191555685117,0.0,4
heirs,5.509895265545867,3.51,4
heist,5.175522150088234,3.39,4
hejab,3.97327310111972,0.0,4
hejra,4.439825783005309,0.0,4
heled,4.331037767482752,0.0,5
heles,4.9206270247797015,0.0,4
helio,4.9981807996533645,2.35,3
helix,4.199671128426116,3.26,5
hella,4.400346667866582,3.35,4
hello,4.2160640033974985,4.72,4
hells,4.579373156100882,3.07,4
helly,3.964657111789194,2.1,4
helms,5.070595712468315,2.89,4
helos,5.396567497191151,1.78,4
helot,4.969172780988267,1.3,4
helps,5.06950808460624,4.74,4
helve,3.868128893217427,1.18,6
hemal,4.90332957170946,1.16,4
hemes,4.686934032955379,1.06,5
hemic,4.398186028813475,0.0,5
hemin,4.684930282219222,1.38,5
hemps,4.818405345028335,0.0,5
hempy,4.201619900647375,0.0,4
hence,4.191241274430667,4.38,4
hench,3.7137349683984016,2.05,5
hends,5.07412916783476,0.0,4
henge,4.1238419485893525,1.99,4
henna,4.360355060792857,2.84,5
henny,3.921173801501749,2.56,4
henry,4.759838615364327,4.74,4
hents,5.2681478672932105,0.0,4
hepar,5.01677634215458,0.0,5
herbs,5.081425892061634,3.65,5
herby,4.471074132013234,2.11,4
herds,5.254961743427027,3.21,5
heres,5.06890189856587,3.18,5
herls,5.430134428799662,0.0,3
herma,5.038878132763562,1.48,4
herms,5.214099268915336,1.65,5
herns,5.410073975317904,0.0,4
heron,5.062693217581514,3.09,4
heros,5.544394029320351,2.83,4
herps,5.216029117063678,1.49,3
herry,4.147866608113985,1.72,4
herse,4.831541647140203,1.48,3
hertz,4.308745160053444,3.06,3
herye,4.361717294319192,0.0,5
hesps,4.454632840600579,0.0,5
hests,4.68023318994566,0.0,4
hetes,4.880372727356067,0.0,5
heths,4.39899557365029,0.0,4
heuch,3.6029259783130576,0.0,5
heugh,3.5582728331033686,1.19,5
hevea,4.0983703979384085,1.49,4
hevel,3.842606884901172,0.0,4
hewed,3.808232611432531,1.9,5
hewer,4.056722792913525,1.91,5
hewgh,3.169002634349911,0.0,5
hexad,4.223816257259916,0.0,4
hexed,3.5302480599584776,1.87,5
hexer,3.779486599005974,1.31,5
hexes,4.117783323640141,2.17,6
hexyl,3.7631099394536496,1.45,5
heyed,4.049490730125411,0.0,5
hiant,4.908331371282554,0.0,4
hibas,5.006511557966466,0.0,5
hicks,4.414187238890849,3.57,5
hided,4.055067952722686,1.32,4
hider,4.909782031327822,2.1,5
hides,5.246745444893668,3.69,5
hiems,5.092184492231852,0.0,4
hifis,3.8311504612427782,0.0,5
highs,3.850359792124874,3.59,5
hight,3.417727144212982,2.5,5
hijab,3.7498609561558007,3.15,5
hijra,4.219598426894741,2.07,4
hiked,4.4694454628142815,2.95,6
hiker,4.720992986546324,2.78,5
hikes,5.068465329573174,3.34,6
hikoi,3.616521198112841,0.0,4
hilar,5.038727843266355,1.91,5
hilch,3.520525443394348,0.0,4
hillo,3.999578279504018,1.05,4
hills,4.358224057960985,4.46,5
hilly,3.741581132893855,3.17,5
hilsa,5.103624389939056,1.26,3
hilts,5.079459609608109,2.05,4
hilum,4.2316315558568,1.66,4
hilus,4.9263868575268495,0.0,4
himbo,4.102282174323832,1.17,5
hinau,4.674284918910243,0.0,5
hinds,4.856838134501952,2.84,5
hinge,4.639607325213231,3.32,5
hings,4.693357939105938,1.46,5
hinky,4.0775423783482845,1.78,5
hinny,3.691998062484064,1.43,5
hints,5.045674435475405,3.85,4
hiois,4.503229047448178,0.0,4
hiped,4.611523753655142,0.0,5
hiper,4.864575594594655,1.06,4
hipes,5.21203207794533,0.0,4
hiply,4.218722843460381,0.0,4
hippo,3.652176712315482,3.13,5
hippy,3.392645984227907,3.0,5
hired,5.024117426105239,4.41,4
hiree,4.786978084107205,0.0,4
hirer,4.476805788518123,1.9,4
hires,5.610927231209659,3.48,5
hissy,4.057413735324838,2.41,4
hists,4.461664782413387,0.0,4
hitch,3.476817688668617,3.42,4
hithe,4.126170787547157,0.0,4
hived,4.228285470389689,1.6,5
hiver,4.478400035469919,1.93,5
hives,4.824523410610476,3.12,5
hizen,4.256170506787549,1.09,4
hoach,3.855714240008408,0.0,4
hoaed,5.148630077488689,0.0,4
hoagy,4.464298526508807,1.62,5
hoard,4.965821218093216,3.23,4
hoars,5.514805209008262,0.0,5
hoary,4.908409839490449,2.29,4
hoast,5.182014398407418,0.0,4
hobby,3.3067765915967757,3.94,6
hobos,4.146506750559385,2.33,4
hocks,4.487167625957239,2.1,4
hocus,4.717382910788352,2.57,4
hodad,4.046054303031508,0.0,4
hodja,3.9604794344814542,1.41,5
hoers,5.485728878412751,0.0,5
hogan,4.5818157719820505,3.63,5
hogen,4.7039929998361885,1.24,5
hoggs,3.955739962714759,1.47,5
hoghs,3.926711676632857,0.0,5
hogoh,2.890712595183677,0.0,5
hogos,4.1574717706754,0.0,5
hohed,4.042610856018976,0.0,5
hoick,4.149388872230527,1.15,4
hoied,5.008184443495963,0.0,3
hoiks,4.8847408899144,0.0,4
hoing,4.384912200797118,1.09,5
hoise,5.328828268821245,1.03,4
hoist,5.006029335815319,3.12,3
hokas,5.037562962344866,0.0,4
hoked,4.53443450008195,0.0,5
hokes,5.132605168758713,1.17,5
hokey,4.514214767178813,2.62,4
hokis,4.848518058473775,0.0,5
hokku,3.2825502535202014,1.03,5
hokum,3.925106821278985,2.03,5
holds,4.963559491135571,4.6,5
holed,4.944060047581919,3.04,4
holes,5.537750857473196,4.35,4
holey,4.923115278205059,2.13,4
holks,4.797713688206661,0.0,5
holla,4.223309906642843,2.56,4
hollo,3.352595395266353,1.7,5
holly,3.817364304943068,3.88,5
holme,4.856323631431441,2.39,5
holms,4.917762898054656,1.53,5
holon,4.02535249631824,1.74,3
holos,4.51908382412779,1.83,4
holts,5.149179661864276,1.91,4
homas,5.188257251596878,0.0,5
homed,4.703548690308812,2.22,5
homer,4.951776802429967,3.89,5
homes,5.298600523381969,4.69,4
homey,4.680689601444792,2.75,4
homie,4.919446191742069,3.26,4
homme,4.037280955424347,2.93,4
homos,4.285929151704772,2.29,4
honan,4.2175979589515125,2.17,4
honda,4.746539731959959,3.92,5
honds,4.934020843798564,0.0,5
honed,4.918227607799128,3.04,5
honer,5.154459016917877,1.43,4
hones,5.505874782545937,2.26,5
honey,4.892299149029818,4.37,4
hongi,4.3515956421253446,1.57,4
hongs,4.772534429602684,1.2,5
honks,4.769702242672301,2.23,5
honky,4.159971884080433,2.79,5
honor,4.169486513416239,4.69,4
hooch,2.9576959031499936,2.58,4
hoods,4.336625751798901,3.1,5
hoody,3.729394927582644,2.29,5
hooey,4.2728338931038445,1.82,4
hoofs,3.9999272850402394,2.19,5
hoogo,2.908061062933444,0.0,4
hooha,3.442897151534641,1.07,5
hooka,3.956801803260689,1.31,5
hooks,4.166760130646941,3.65,4
hooky,3.5498615659479102,2.24,5
hooly,3.911500952499607,1.38,5
hoons,4.491227588481337,1.06,5
hoops,4.286225101047824,3.45,4
hoord,4.072699277236231,0.0,3
hoors,4.6277870848229865,1.18,4
hoosh,3.460457198412722,0.0,4
hoots,4.523792971508057,2.45,5
hooty,3.912695181646919,1.46,5
hoove,3.8033771720962335,0.0,5
hopak,4.375130736688438,0.0,4
hoped,4.680115144705709,4.28,4
hoper,4.934393171292158,1.51,4
hopes,5.278646271403855,4.4,4
hoppy,3.468702679237762,2.66,5
horah,4.31347857574738,0.0,4
horal,5.085762769094024,0.0,4
horas,5.568330335328547,2.06,4
horde,5.050292425631205,3.23,3
horis,5.378301555729672,1.15,5
horks,4.945599941472239,0.0,4
horme,5.004353997661663,0.0,4
horns,5.258329453580819,3.8,4
horny,4.662015377411124,3.79,5
horse,5.41705795019173,4.76,3
horst,5.068895722602202,2.85,3
horsy,4.865611611781198,1.12,4
hosed,5.126741758021255,2.53,4
hosel,5.289185110114355,1.1,4
hosen,5.257734697261916,1.53,4
hoser,5.380192661582476,1.79,4
hoses,4.918185592583551,2.99,6
hosey,5.078555058441489,1.32,4
hosta,5.144319597085815,1.74,4
hosts,4.532159155272027,4.23,4
hotch,3.547933669782499,2.22,4
hotel,5.05146762200157,4.95,4
hoten,5.030111482748131,0.0,4
hotis,5.197884209095939,0.0,3
hotly,4.510923408010527,2.93,4
hotte,4.3619249055787535,1.46,4
hotty,3.8100516758611223,1.91,4
houff,3.1726177554125123,0.0,5
houfs,4.495890155201311,0.0,4
hough,3.405044436998216,2.98,4
hound,4.425950456139362,3.43,5
houri,4.669103244120966,1.21,4
hours,5.12242388406986,5.4,5
house,5.108009830296405,5.71,5
houts,5.022219390337908,1.15,4
hovea,4.646575886839501,1.12,4
hoved,4.299575536415325,0.0,5
hovel,4.453385744294018,2.31,5
hoven,4.425709028623554,1.78,5
hover,4.550323314578203,3.26,5
hoves,4.894247640040148,0.0,6
howay,4.263429186961839,1.58,5
howbe,4.178908095076884,0.0,4
howdy,3.8242810998819374,3.08,5
howes,4.996502244940985,2.72,6
howff,2.7694840106094345,0.0,5
howfs,4.093043866552838,0.0,5
howks,4.262344884156504,0.0,5
howls,4.622404360488462,2.78,6
howre,4.665061900636013,0.0,4
howso,3.744107643160754,0.0,4
howto,3.5435896603444874,2.3,4
hoxed,4.1390550373972665,0.0,6
hoxes,4.730149720598993,0.0,7
hoyas,5.115007777872851,2.04,4
hoyed,4.653367100185581,0.0,4
hoyle,4.802616369492755,2.61,5
hubba,3.449940491565331,2.25,5
hubby,3.0083282767279003,3.41,5
hucks,4.193685325122347,1.45,6
hudna,4.460229006354959,0.0,5
hudud,2.6491441060476224,1.7,5
huers,5.200584874863919,0.0,5
huffs,3.428337260281036,2.16,5
huffy,2.8154173184840143,2.21,5
huger,4.541933207335318,1.99,4
huggy,3.04174165311494,2.01,5
huhus,3.133000871046306,0.0,6
huias,5.235002849177418,0.0,5
huies,5.325223683770698,0.0,4
hukou,3.289669892204902,1.97,4
hulas,5.164516642299849,1.04,4
hules,5.251612157079579,0.0,4
hulks,4.502542519689642,2.36,4
hulky,3.890155818221905,0.0,5
hullo,3.7776110695578553,2.05,4
hulls,4.133071427618324,2.89,4
hully,3.5199311035230734,1.23,5
human,4.4486190951626,5.35,4
humas,4.931913284887084,0.0,4
humfs,4.096790964081039,0.0,5
humic,3.945190516908015,2.37,4
humid,4.152155337276237,3.5,4
humor,4.424274115955545,4.19,5
humph,3.102724950010789,2.18,5
humps,4.372916784659004,2.56,4
humpy,3.757329685485839,1.81,5
humus,3.795198099067798,2.38,4
hunch,3.2629658282474607,3.07,4
hundo,4.294538377306285,1.73,4
hunks,4.473293591301036,2.54,6
hunky,3.860103385368681,2.72,6
hunts,4.827069608225597,3.35,4
hurds,4.817615195940416,0.0,4
hurls,4.980793211712329,2.38,5
hurly,4.377372406098799,1.99,4
hurra,4.143390734761444,1.62,5
hurry,3.70343260321306,4.14,4
hurst,4.769565372340158,3.1,3
hurts,5.002410614431358,4.3,4
hurty,4.400584749236343,1.69,3
hushy,3.5514146549809653,0.0,6
husks,3.8874127257941766,2.61,5
husky,4.060958669149854,3.29,5
husos,4.364457573743847,0.0,5
hussy,3.8432534398676927,2.17,5
hutch,3.25202789041437,3.04,5
hutia,4.720750173931391,0.0,3
huzza,3.013016464219528,0.0,5
huzzy,2.572758251439921,0.0,5
hwyls,4.109159051899402,0.0,4
hydel,4.428347294118965,1.69,4
hydra,4.433328980487233,3.31,4
hydro,4.255326451644727,3.63,4
hyena,4.712891002341567,2.8,4
hyens,4.862344045820966,0.0,4
hygge,3.4180221225597576,1.85,4
hying,3.9254704772457054,0.0,5
hykes,4.655000838832308,0.0,5
hylas,4.975268588258258,1.7,4
hyleg,4.294871985430449,0.0,5
hyles,5.059017168042858,1.25,4
hylic,4.01689475743672,0.0,3
hymen,4.371685733055183,2.57,4
hymns,4.381968625927815,3.34,4
hynde,4.400245023592034,2.08,4
hyoid,4.342903856834714,2.25,4
hyped,4.22322911031932,3.54,5
hyper,4.477165713223171,3.69,4
hypes,4.798517247995931,2.09,4
hypha,3.39905018972695,1.24,4
hyphy,2.318375994223582,1.58,4
hypos,4.53251952333393,1.54,4
hyrax,3.9570535477864937,1.56,4
hyson,4.501142701075428,1.53,4
hythe,3.724441500053439,2.15,4
iambi,3.799607931174126,0.0,4
iambs,4.987123382432891,1.23,4
ibrik,3.4936086860403583,0.0,4
icers,5.238637154640489,1.53,4
iched,4.312768405004934,0.0,4
iches,4.8989892300052365,0.0,4
ichor,4.300249740592474,1.7,4
icier,4.29580622109286,1.15,4
icily,3.6187047900100224,1.64,4
icing,3.35906047974822,3.49,4
icker,4.545857570447174,0.0,4
ickle,4.4395655051938,1.41,4
icons,4.979187550285256,3.74,4
ictal,4.693032417492707,1.45,3
ictic,2.89080389469111,0.0,3
ictus,4.696821394360676,1.47,3
idant,4.755584477050604,0.0,3
iddah,3.71027273968932,1.1,4
iddat,3.997400958442958,0.0,5
iddut,3.5382120490938185,0.0,4
ideal,4.985126648838026,4.44,3
ideas,5.435579130465962,4.84,4
idees,4.820308747136836,1.28,4
ident,4.714576596689209,2.44,4
idiom,3.689926050931146,2.97,4
idiot,3.947051066758591,4.39,4
idled,4.153274166682805,2.09,3
idler,4.959137928513444,2.3,4
idles,5.329147258263834,2.01,4
idlis,4.273571271213718,1.27,4
idola,4.832096555842187,1.37,4
idols,5.070997608083629,3.49,4
idyll,3.4930156635357306,2.44,4
idyls,4.636462723992399,0.0,4
iftar,4.592338549512053,2.2,4
igapo,4.422878932446528,0.0,5
igged,3.7565180998087992,0.0,4
igloo,3.8367557897449487,2.64,4
iglus,4.647264901398261,0.0,4
ignis,4.100425879237704,2.51,4
ihram,4.676308304817455,1.5,4
iiwis,3.2480407133532614,0.0,5
ikans,5.041600391821138,0.0,5
ikats,5.077861460252944,0.0,4
ikons,4.878926098342592,1.31,4
ileac,4.962745659375627,0.0,5
ileal,4.543761296087893,1.64,5
ileum,4.569662050834496,1.96,4
ileus,5.268493146513335,1.6,5
iliac,4.085169863922382,2.36,4
iliad,4.2727326886649895,2.91,5
ilial,3.667987658228688,0.0,5
ilium,3.674173444311678,2.23,4
iller,4.511413544446095,1.62,4
illth,3.753615261801998,0.0,4
image,4.770817355280268,4.94,4
imago,4.442939654676786,2.33,4
imagy,4.251267980135208,0.0,5
imams,4.399223086653211,2.81,4
imari,4.132632375877729,1.79,4
imaum,3.769144317662219,0.0,5
imbar,4.53284578277219,0.0,3
imbed,4.349335310643008,1.44,4
imbos,4.651232100045993,0.0,4
imbue,4.306918460946328,2.42,4
imide,3.999107409574092,1.36,4
imido,3.708837150879785,0.0,4
imids,4.0643645473088,0.0,4
imine,4.150294129665791,1.74,5
imino,3.844828957714421,1.26,5
imlis,4.258724339200255,0.0,4
immew,3.5495104290729222,0.0,3
immit,3.007982435735972,0.0,4
immix,2.229749889494584,0.0,4
imped,4.454955288710265,0.0,4
impel,4.615471179813811,2.36,3
impis,3.994303570030401,1.18,4
imply,4.042471371286497,3.83,4
impot,4.329927162900217,0.0,4
impro,4.403119763072657,1.74,4
imshi,3.5969365100461155,0.0,4
imshy,4.1352146165003,0.0,4
inane,4.566533277502782,2.7,4
inapt,4.719831051093533,1.58,4
inarm,4.791426613851965,0.0,4
inbox,3.623197345578663,3.51,5
inbye,4.366807057856981,0.0,4
incas,5.119570058613353,2.58,4
incel,4.76896721873976,1.99,3
incle,4.755048555260959,0.0,4
incog,4.106657110031479,1.34,3
incur,4.335385764150764,3.3,4
incus,4.655766395335839,1.67,4
incut,4.227061110342337,0.0,4
indew,4.3325342265615205,0.0,4
index,4.089503409143951,4.57,3
india,4.054044283561308,5.04,4
indie,4.16983915845489,4.0,4
indol,4.537954787687961,1.33,4
indow,4.027732328674725,0.0,5
indri,3.814276872236309,1.68,3
indue,4.652165054011891,1.03,4
inept,4.675779493909152,3.13,4
inerm,4.7520588802829655,0.0,4
inert,5.018682924925908,3.09,3
infer,4.607424982240979,3.16,4
infix,2.675874262705769,1.76,4
infos,4.6578709193352745,2.53,3
infra,4.479301120398457,2.9,4
ingan,3.871026232104617,1.39,4
ingle,4.671836656243012,2.4,4
ingot,4.403049935721872,2.38,4
inion,3.370089591203231,1.12,4
inked,4.49820663613334,3.08,3
inker,4.743600471822987,1.7,5
inkle,4.6374133553539885,1.38,4
inlay,4.77352616879712,2.68,3
inlet,5.069379237625769,3.45,4
inned,4.186695732361632,0.0,4
inner,4.427558698584669,4.5,4
innie,3.66361625746044,1.63,4
innit,3.2822050555186344,2.74,4
inorb,4.492928407246202,0.0,3
input,4.247800818581325,4.35,4
inros,5.343323780895164,0.0,3
inrun,3.929226863633135,0.0,4
insee,4.845890151125698,1.92,4
inset,5.2730854108036205,2.85,3
inspo,4.680748239850219,2.18,4
intel,5.0041811844429125,4.07,3
inter,5.108102173702725,4.16,4
intil,3.926382209737564,1.08,4
intis,4.393467308141839,0.0,3
intra,4.9885877120706805,3.32,4
intro,4.798962743107598,3.81,3
inula,4.752285411624351,1.18,4
inure,4.97256250868909,1.9,4
inurn,3.8910529233266233,0.0,4
inust,4.716655004591383,0.0,4
invar,4.446786638560631,1.28,4
inver,4.503379043217646,1.73,4
inwit,3.468673065303187,0.0,4
iodic,3.7733598297107194,0.0,4
iodid,3.3468290812716024,0.0,4
iodin,4.044640103192988,0.0,4
ionic,3.95047520395438,3.21,4
ioras,5.775274914596859,0.0,3
iotas,5.595604854178857,1.27,4
ippon,3.722769217230915,1.59,4
irade,5.333633528802701,0.0,4
irate,5.53401321918555,2.78,4
irids,4.476269441065357,0.0,4
iring,3.792294370934433,1.23,4
irked,4.73930042267118,2.75,4
iroko,4.017469174197876,1.55,5
irone,5.317900872017998,0.0,4
irons,5.398562584509763,3.32,5
irony,4.7923618175402245,3.86,4
isbas,4.445040301703052,0.0,5
ishes,4.5432515630310535,0.0,4
isled,5.067285292050282,0.0,3
isles,4.927386642256224,3.58,3
islet,5.257319751901443,2.76,3
isnae,5.442095226385905,1.03,4
issei,3.9268425206098168,2.27,4
issue,4.458886219919338,5.23,4
istle,5.173986297782438,0.0,3
itchy,3.848687904007011,3.34,4
items,5.09042071186382,4.78,4
ither,4.777875875394801,1.59,4
ivied,3.690286361434805,0.0,4
ivies,4.2898979975122185,1.86,4
ivory,4.173607940774407,3.85,4
ixias,4.0491753999029445,0.0,5
ixnay,4.068817413330184,1.26,5
ixora,4.4104219340830015,1.18,4
ixtle,4.316847604041363,0.0,4
izard,4.293040384973581,1.94,4
izars,4.845697627898992,0.0,4
izzat,3.39374693075385,2.0,4
jaaps,4.132953710671179,0.0,5
jabot,4.144419225627277,1.32,5
jacal,3.6519087328896456,0.0,5
jacet,4.546282184204614,0.0,4
jacks,4.228831320989188,3.41,6
jacky,3.617016854863059,2.82,6
jaded,3.82504829284338,2.97,5
jades,5.021084816329676,2.05,6
jafas,3.850715173759175,0.0,6
jaffa,2.5006512090632684,2.98,5
jagas,4.031166475743709,0.0,5
jager,4.537296874577062,2.51,4
jaggs,3.6779035564892752,0.0,5
jaggy,3.059908141463052,1.34,6
jagir,4.298721631437694,1.53,5
jagra,3.688733789172953,0.0,5
jails,4.981265834923578,3.2,5
jaker,4.494830921287702,0.0,5
jakes,4.841457060497157,2.51,6
jakey,4.221072736003794,1.98,4
jakie,4.48481750299968,1.5,4
jalap,3.688711920425891,0.0,4
jaleo,4.818279552248577,1.12,3
jalop,4.24132732701508,0.0,5
jambe,4.191087111252291,1.4,4
jambo,3.85640399071436,2.08,5
jambs,4.26024826400982,1.93,4
jambu,3.603212761683598,1.57,5
james,5.007661198154214,5.11,5
jammy,3.2063025106403145,2.38,5
jamon,4.225821600857673,1.91,4
jamun,4.011695235999288,1.69,4
janes,5.2164243598914295,2.55,6
janky,3.8838884389180968,2.07,5
janns,4.10715619391195,0.0,4
janny,3.495923667811708,1.73,5
janty,4.244781075391866,0.0,5
japan,3.664722427230697,4.89,4
japed,4.384680633592397,0.0,5
japer,4.641230904996698,0.0,5
japes,4.987748459551784,1.67,5
jarks,4.674919056714256,0.0,6
jarls,5.0056273573168895,1.44,4
jarps,4.792423981314674,0.0,5
jarta,4.0970057595127045,0.0,4
jarul,4.395581477601643,0.0,5
jasey,4.7817995626885486,0.0,3
jaspe,4.761115690811289,0.0,3
jasps,4.027773651021961,0.0,5
jatha,3.568124689176749,0.0,4
jatis,4.938885773933223,1.05,5
jatos,4.914176510420987,0.0,4
jauks,4.389524811898356,0.0,5
jaune,4.60933828649001,2.27,4
jaunt,4.2769724904486806,2.6,5
jaups,4.5066054044362325,0.0,5
javas,3.762694519513699,1.19,6
javel,4.155870279124315,1.09,5
jawan,3.391856847011468,1.89,5
jawed,4.121515420460833,2.55,5
jawns,4.330489085408228,1.14,4
jaxie,4.076011428622478,0.0,4
jazzy,2.5884224696488745,3.0,5
jeans,5.079727900097265,4.09,5
jeats,5.112719917520272,0.0,5
jebel,3.648124156812568,2.34,4
jedis,4.719728660974476,1.76,5
jeels,4.343921297026636,0.0,5
jeely,3.723309025313347,0.0,5
jeeps,4.0973759766852815,2.79,6
jeera,4.249474684442541,1.41,4
jeers,4.442832162631082,2.32,5
jeeze,2.5251587014666907,2.0,5
jefes,3.9184229372769934,1.06,5
jeffs,3.4049990110345347,2.25,5
jehad,4.174636071146293,1.59,4
jehus,4.299008367473746,0.0,4
jelab,4.304622515700202,0.0,5
jello,3.74532540134154,2.82,4
jells,4.114706389124396,1.12,6
jelly,3.4948344832745435,3.77,6
jembe,3.4087963117723423,0.0,4
jemmy,3.158462370988414,1.94,5
jenny,3.449046678840077,3.89,5
jeons,4.92937821409142,0.0,4
jerid,4.502596652686206,0.0,3
jerks,4.626370435251838,3.28,4
jerky,4.00788546778757,3.1,5
jerry,3.6755431193417913,4.26,6
jesse,3.636227725763944,4.04,4
jessy,3.807374882728196,2.41,4
jests,4.218284891700365,1.87,7
jesus,4.064000435174371,4.99,4
jetee,3.2530159987107004,0.0,4
jetes,4.417300167871668,0.0,4
jeton,4.414576512604008,1.06,5
jetty,3.4823420037623483,3.04,5
jeune,3.8588539539243913,2.38,4
jewed,3.338865977514102,1.06,5
jewel,3.4904541190146423,3.68,5
jewie,3.579422991380448,0.0,5
jhala,3.546745043525187,1.29,5
jheel,3.6353362755112935,0.0,5
jhils,4.270612557197621,0.0,4
jiaos,4.929005785220659,0.0,4
jibba,3.190276337211549,0.0,5
jibbs,3.374221732892127,0.0,6
jibed,4.034374008306215,1.37,6
jiber,4.285847736766917,0.0,6
jibes,4.631811499826563,2.14,5
jiffs,3.176272856936209,0.0,6
jiffy,2.555383291090045,2.64,5
jiggy,2.780478093090238,2.22,5
jigot,3.9154895057285,0.0,5
jihad,3.969414366277547,3.49,4
jills,3.8865816612887167,1.66,8
jilts,4.61325195301626,1.06,5
jimmy,2.928719068628072,4.44,4
jimpy,3.501350749307237,0.0,5
jingo,3.862608377283746,1.98,5
jings,4.224851293106066,1.12,7
jinks,4.222202087002511,2.42,7
jinne,3.785786812420788,0.0,5
jinni,2.6410274189142044,1.66,4
jinns,3.832769730546244,1.8,6
jirds,4.5760577854216455,0.0,4
jirga,4.246900513282931,2.11,4
jirre,4.015975806203401,0.0,4
jisms,3.756796982495456,0.0,5
jitis,3.8627023486377863,0.0,4
jitty,3.2554183382344406,0.0,5
jived,3.755948214546713,1.34,6
jiver,4.008433645569462,0.0,6
jives,4.357473758211602,1.68,6
jivey,3.726391968076606,0.0,4
jnana,3.025963089141361,1.81,5
jobed,4.105347652925367,0.0,6
jobes,4.699496062736278,1.22,5
jocko,2.9569587836636413,2.11,4
jocks,4.031962173701726,2.77,6
jocky,3.4190115993313333,1.61,4
jocos,3.766539673943945,0.0,5
jodel,4.41744001233891,1.08,4
joeys,4.588526817848186,1.99,5
johns,4.2866000912280455,3.84,5
joins,4.729644433808066,4.04,4
joint,4.302737400122537,4.71,4
joist,4.536936638099476,2.25,4
joked,4.065906202089533,3.28,7
joker,4.319899223090593,3.74,5
jokes,4.667977326115115,4.33,6
jokey,4.0454470094900605,2.43,5
jokol,3.202603141244841,0.0,5
joled,4.479050970495569,0.0,6
joles,5.0770185253829325,0.0,5
jolie,4.6940673392343735,3.37,5
jollo,2.8784168332513165,0.0,5
jolls,3.9599725303930087,1.03,6
jolly,3.344954230651685,3.57,6
jolts,4.686636098039728,2.29,5
jolty,4.076090070262878,0.0,4
jomon,3.323265643286445,1.56,4
jomos,3.8116887072620784,0.0,5
jones,5.045922331484448,4.73,6
jongs,4.304940222221102,0.0,6
jonty,4.047353676252206,2.09,5
jooks,3.693230680516773,0.0,6
joram,4.412816726242704,1.81,4
jorts,4.837032299022319,1.97,5
jorum,3.989415567461569,0.0,4
jotas,4.914513858104929,0.0,5
jotty,3.3358326892894268,0.0,6
jotun,4.028422150225592,1.69,3
joual,4.316307259508921,0.0,4
jougs,4.204354994148043,0.0,5
jouks,4.1918003240458495,0.0,6
joule,4.460850205765344,2.44,5
jours,4.655440961489677,2.19,5
joust,4.315715815188184,2.47,4
jowar,4.093278351358712,1.55,5
jowed,3.9362663598817456,0.0,7
jowls,4.153357523388637,2.09,6
jowly,3.5345281359116183,1.46,5
joyed,4.185858599290347,1.58,5
jubas,4.318960188035265,0.0,5
jubes,4.41171115926968,0.0,5
jucos,4.2224882467957565,0.0,5
judas,4.488316390711292,3.37,5
judge,3.760038528093058,4.95,5
judgy,3.2240368732000584,2.14,4
judos,4.301324640729564,0.0,5
jugal,3.8594057978420135,1.65,5
jugum,2.485477617737957,0.0,4
juice,4.132905121414174,4.36,4
juicy,3.5884266993359084,3.7,5
jujus,2.593788738898937,1.13,6
juked,3.773289877046351,1.68,5
jukes,4.382637253245684,2.32,5
jukus,3.1686573914460308,0.0,5
julep,4.084232771890786,2.21,4
julia,4.275409776002717,4.12,4
jumar,4.1301962233148695,0.0,4
jumbo,3.3986597192021035,3.38,5
jumby,3.1434523874923843,0.0,5
jumps,3.8966171439973225,3.86,5
jumpy,3.277223248450297,2.67,5
junco,3.729740492247597,1.88,4
junks,4.000065533460923,2.19,6
junky,3.383029314463115,2.42,6
junta,4.186259099021643,3.34,3
junto,4.004515947986108,1.88,4
jupes,4.5285574174577095,0.0,5
jupon,3.759621744459677,0.0,4
jural,4.346352321886508,1.11,5
jurat,4.413276290083506,1.6,3
jurel,4.458861824847667,0.0,4
jures,4.928727582224984,0.0,4
juris,4.627473278257417,2.76,4
juror,3.53174251388249,3.13,4
juste,4.513272271497793,2.23,4
justs,3.767832780610871,1.61,5
jutes,4.744300513412269,1.62,4
jutty,3.0344592929004435,0.0,5
juves,4.139838477922505,0.0,6
juvie,3.756550023555836,2.1,4
kaama,3.3506864582626865,0.0,5
kabab,3.1313995439785454,1.75,5
kabar,4.13218382321302,1.55,4
kabob,3.683273483057576,1.88,4
kacha,3.719723160155444,1.4,4
kacks,4.1485553289122254,0.0,7
kadai,4.1876229976510215,1.59,4
kades,5.433111022139435,0.0,4
kadis,5.183987332537266,1.16,4
kafir,4.5389223860549,2.28,4
kagos,4.998160797608877,0.0,5
kagus,4.779844607798063,0.0,5
kahal,3.9796850063076894,1.11,6
kaiak,3.627817448336663,0.0,5
kaids,5.198603773186384,0.0,4
kaies,5.721493995994212,0.0,4
kaifs,4.865796169000351,0.0,4
kaika,3.596839746776908,0.0,5
kaiks,4.537599532816454,0.0,5
kails,5.396229884727631,0.0,3
kaims,5.145661685800184,0.0,4
kaing,4.527140754841546,0.0,4
kains,5.346241717437484,1.03,3
kajal,3.550013888018303,2.34,5
kakas,3.936600622890928,1.15,5
kakis,4.514133339633235,0.0,5
kalam,4.119722828810912,2.48,4
kalas,4.808617295266169,1.87,4
kales,5.662017250933656,1.53,4
kalif,4.430904471728154,1.43,4
kalis,5.39104194554809,1.51,3
kalpa,4.117179802704439,1.92,4
kalua,4.196682081862268,1.51,4
kamas,4.570375403117299,1.58,4
kames,5.41977467891213,1.74,5
kamik,3.873728319522832,1.02,4
kamis,5.152374069940318,1.31,4
kamme,4.166611751176812,0.0,4
kanae,4.709635438757901,1.82,4
kanal,4.317927889842499,2.14,4
kanas,4.78643458597827,1.47,5
kanat,4.360253077975687,1.04,5
kandy,4.476085529938927,2.57,5
kaneh,4.913075616980079,0.0,5
kanes,5.630420597816343,1.73,4
kanga,3.97268447376276,2.16,4
kangs,4.909280154283412,1.29,4
kanji,4.058323074995252,3.01,4
kants,5.263810822907802,1.29,4
kanzu,3.885871938035397,0.0,4
kaons,5.360252489724059,1.28,3
kapai,4.1328290463354005,0.0,4
kapas,4.558281278913199,1.16,4
kapha,3.767520576298328,1.47,5
kaphs,4.712177166426756,0.0,4
kapok,3.829493953305295,1.72,5
kapow,4.133487840285343,1.76,4
kappa,3.279140602760215,3.46,4
kapur,4.575406281416848,2.36,5
kapus,4.891986747245674,0.0,4
kaput,4.450819385772682,2.13,4
karai,4.543450408990208,1.72,4
karas,4.957910173424372,2.09,4
karat,4.538646346199869,2.63,3
karee,4.964213128094763,0.0,4
karez,4.659631034205385,1.05,4
karks,4.594779233445615,0.0,4
karma,4.264855346318991,3.88,4
karns,5.4076321341005285,1.75,3
karoo,4.434735674539646,2.28,4
karos,5.514702341114972,1.05,4
karri,4.335502058323624,1.95,4
karst,5.20913422271997,2.52,2
karsy,5.010920873158072,0.0,4
karts,5.44438508070073,2.62,4
karzy,4.108134164140864,0.0,5
kasha,4.213447467976084,2.02,4
kasme,5.171203180944422,0.0,4
katal,4.30364094353544,0.0,5
katas,4.771167189753528,1.61,4
katis,5.3490358870608965,1.1,4
katti,4.140608313180104,1.59,3
kaugh,4.085521276048826,0.0,5
kauri,4.814139773463396,1.94,4
kauru,3.9696594816784327,0.0,5
kaury,4.655436758307234,0.0,3
kaval,3.714764346894174,1.27,5
kavas,4.178898223308215,0.0,5
kawas,4.283537927200551,1.19,5
kawau,3.617365269771292,0.0,4
kawed,4.534610214234956,0.0,4
kayak,3.254222614411492,3.24,4
kayle,4.9351087840231065,1.58,5
kayos,5.060188085325359,0.0,4
kazis,4.640622605719339,1.04,4
kazoo,3.5275978738301506,2.35,5
kbars,4.884802224367567,0.0,3
kcals,4.872417499154822,1.41,4
keaki,4.230117167143216,0.0,5
kebab,3.859687165110185,3.03,4
kebar,4.845038571076212,0.0,4
kebob,3.656580601366397,0.0,5
kecks,4.092392278253259,1.17,4
kedge,3.874431828013328,1.49,5
kedgy,4.0703974307542845,0.0,5
keech,3.721714103374386,1.72,5
keefs,4.2272864316686745,0.0,4
keeks,3.892878839684749,1.17,5
keels,4.756348056633219,2.3,5
keema,4.311132446994702,1.51,3
keeno,4.349114456273977,1.08,4
keens,4.721205183012298,1.57,4
keeps,4.509858566978372,4.67,4
keets,4.742811206382083,0.0,4
keeve,3.0392103442965097,0.0,5
kefir,4.4837257730694775,2.13,4
kehua,4.496722434206071,0.0,5
keirs,5.460925218634914,0.0,4
kelep,4.18246535405116,0.0,4
kelim,4.661517716763645,0.0,4
kells,4.5261984134396025,2.34,5
kelly,3.907607768353176,4.44,5
kelps,5.01591935438781,1.13,4
kelpy,4.397866916650011,0.0,4
kelts,5.244397799140218,0.0,4
kelty,4.630178456367275,2.13,4
kembo,4.254811790777632,0.0,4
kembs,4.62507505781804,0.0,5
kemps,4.756469701033338,1.76,4
kempt,4.318653054495239,1.74,4
kempy,4.13839942753812,0.0,5
kenaf,4.563027081967305,1.31,4
kench,4.190368743656489,1.46,5
kendo,4.66451847250112,2.49,3
kenos,5.311857382171864,0.0,5
kente,4.415456344631184,1.77,4
kents,5.214201921277427,2.07,6
kepis,5.089484014802934,0.0,5
kerbs,5.029167051766932,1.99,4
kerel,4.562857779582802,0.0,3
kerfs,4.880724930969643,0.0,5
kerky,3.930780935733623,0.0,5
kerma,4.975458569388656,1.8,3
kerne,4.569773474177688,1.22,4
kerns,5.361039223949124,2.23,3
keros,5.492652108944776,1.01,3
kerry,4.092905539951731,3.85,5
kerve,3.962872887546844,0.0,4
kesar,5.404434160473743,1.61,3
kests,4.62491309473706,0.0,6
ketas,5.498427895175414,0.0,4
ketch,4.1750806293013705,2.35,5
ketes,4.829344863360342,0.0,4
ketol,4.846589124063368,0.0,4
kevel,3.7865149392525046,0.0,5
kevil,4.26083360378646,0.0,4
kexes,4.065840372307112,0.0,6
keyed,3.992304844225072,2.89,5
keyer,4.246152694699108,1.36,4
khadi,4.281838470829112,2.21,5
khads,4.694241478038395,0.0,5
khafs,4.361128815330681,0.0,6
khaki,3.617887974447757,3.04,5
khana,3.9296426423819306,1.96,5
khans,4.846744212662054,2.6,5
khaph,3.381554880041408,0.0,4
khats,4.88332294656958,0.0,4
khaya,3.669579016958112,1.71,5
khazi,3.72576160460963,0.0,5
kheda,4.458325980260597,1.39,3
kheer,4.150648151765849,1.73,5
kheth,3.568401983803898,0.0,5
khets,4.823302473874292,0.0,5
khirs,4.782925842593206,0.0,4
khoja,3.7312842153256023,1.59,4
khors,4.826863947556382,0.0,4
khoum,3.872794042390362,0.0,4
khuds,4.271240608007841,0.0,4
khula,4.290053379368068,1.19,5
khyal,4.1588854311384775,0.0,5
kiaat,4.419600592357951,0.0,3
kiack,3.753982457515976,0.0,4
kiaki,3.2783118929287736,0.0,5
kiang,4.458738757945969,1.99,4
kiasu,4.837927493612164,1.23,4
kibbe,3.737135318393376,1.67,5
kibbi,2.5956813744487914,0.0,5
kibei,3.8605879175340494,0.0,4
kibes,5.047904598528162,0.0,6
kibla,4.486697432364,0.0,5
kicks,3.873231806222376,4.07,5
kicky,3.256927202620835,1.63,5
kiddo,3.6694078348022217,3.22,4
kiddy,3.409999427664089,2.45,5
kidel,4.759302815444,0.0,3
kideo,4.821108457001023,0.0,4
kidge,4.404057471236064,0.0,4
kiefs,4.753320357741149,0.0,5
kiers,5.382062359935991,1.06,4
kieve,3.837200386226424,0.0,5
kievs,4.6380304617548775,0.0,5
kight,3.879418160122448,1.52,6
kikay,3.817030180212883,0.0,5
kikes,4.527221811596488,1.77,6
kikoi,3.0606307262693964,0.0,5
kiley,4.797564829652677,2.36,4
kilig,3.512298842408642,1.03,4
kilim,3.626341191977805,1.82,4
kills,4.302784748718334,4.34,4
kilns,4.9848918397597,2.71,3
kilos,5.133184108763386,3.25,4
kilps,4.792069788770619,0.0,3
kilts,5.02243589482718,2.42,5
kilty,4.40821578591009,1.72,4
kimbo,4.03734476922761,1.93,5
kimet,4.747798074381336,0.0,4
kinas,5.289149459577368,0.0,4
kinda,4.6344011591140735,4.59,4
kinds,4.798029062517978,4.51,4
kindy,4.1909232191773285,1.84,4
kines,5.385167002925055,1.38,5
kings,4.633530283019545,4.41,4
kingy,4.019862053664276,1.32,4
kinin,3.1001664130336315,1.02,4
kinks,4.138086928729055,3.18,6
kinky,3.523243125369506,3.37,6
kinos,5.096189741864164,1.16,4
kiore,5.175428417618197,0.0,4
kiosk,4.078684618701325,3.0,4
kipah,4.33892830998682,0.0,5
kipas,5.0652078668345775,0.0,4
kipes,5.161132128974542,0.0,4
kippa,3.770510355299673,1.53,4
kipps,3.950143521220766,1.96,4
kipsy,4.329034220420856,0.0,5
kirby,4.192478330089019,3.65,4
kirks,4.325025547570256,1.84,4
kirns,5.137673480454155,0.0,4
kirri,3.301456351934512,0.0,5
kisan,5.038917699614286,2.24,4
kissy,3.998784830319999,2.44,4
kists,4.403448330958309,0.0,5
kitab,4.445357406261531,2.13,4
kited,4.763601164576047,1.23,4
kiter,5.026809052594188,1.17,5
kites,5.372420561086541,2.96,4
kithe,4.593486429965072,0.0,4
kiths,4.6447800298650535,0.0,5
kitke,4.081397331589909,0.0,4
kitty,3.667293287544076,3.98,5
kitul,4.369677712091329,0.0,4
kivas,4.686801113887354,1.56,5
kiwis,3.789330613009915,2.87,5
klang,4.307040813279318,2.25,5
klaps,4.935512967605304,0.0,6
klett,3.9830314115994407,1.65,3
klick,3.4093546333152083,1.89,4
klieg,4.578390361975582,1.43,4
kliks,4.124767181014957,0.0,5
klong,4.140459028829938,1.83,4
kloof,3.422033862888292,1.81,5
kluge,4.327895240455877,2.04,4
klutz,3.5734637528584208,2.12,4
knack,3.530449822577892,3.26,4
knags,4.741615814904241,0.0,4
knaps,4.8501999286069335,0.0,4
knarl,4.693128385357547,0.0,4
knars,5.181934872542894,0.0,4
knaur,4.621206486085338,0.0,4
knave,4.382707884355598,2.5,5
knawe,4.486885259376734,0.0,5
knead,4.757855101179078,2.57,4
kneed,4.107239061251475,2.44,4
kneel,4.252065474321933,3.24,3
knees,4.700925109471443,4.18,4
knell,3.8703606154227774,2.59,4
knelt,4.592007650377466,2.8,4
knick,3.3244951810926304,2.69,4
knife,4.312252805345686,4.41,4
knish,4.350970082551685,1.63,4
knits,4.885810226532043,2.6,4
knive,4.193877322991415,1.28,5
knobs,4.553593179197337,3.02,5
knock,3.366109632838838,4.35,4
knoll,3.7560487038912975,2.9,4
knoop,3.600735816378368,1.68,4
knops,4.686227515666447,1.3,4
knosp,4.427681025416848,0.0,4
knots,4.9292398922187335,3.63,3
knoud,4.216803353487282,0.0,4
knout,4.344552312926553,1.12,4
knowd,3.8276911294171407,0.0,4
knowe,4.3175082888170975,1.68,4
known,3.22511395674748,5.39,4
knows,4.3889620396925775,5.07,5
knubs,4.281066773862028,0.0,4
knule,4.582800912768524,0.0,4
knurl,4.256614991464345,1.21,4
knurr,3.637859643868386,0.0,4
knurs,4.750070852220286,0.0,4
knuts,4.657597980851172,1.06,4
koala,4.437388378689064,3.04,5
koans,5.3297406684285935,1.62,4
koaps,5.122935022406219,0.0,4
koban,4.518409368137935,1.39,4
kobos,4.09226224437294,0.0,5
koels,5.3455506976678455,0.0,4
koffs,3.667231084401267,0.0,4
kofta,4.3513912073636405,1.68,4
kogal,4.5354783489975965,0.0,5
kohas,4.998263345576673,0.0,5
kohen,4.642414760155059,1.79,5
kohls,4.734602898548284,2.25,6
koine,5.061118638248699,1.9,4
koiwi,3.457641457460131,0.0,4
kojis,4.38544043984439,0.0,5
kokam,3.798139713578919,0.0,4
kokas,4.490247600912707,0.0,5
koker,4.251139524545401,1.59,5
kokra,4.133873477004504,0.0,5
kokum,3.377028235266782,1.13,5
kolas,5.3668784167441705,1.1,4
kolos,4.465910528876964,1.21,4
kombi,4.047734844765508,1.88,4
kombu,3.831704209354759,1.73,5
konbu,4.062435202041963,1.03,5
kondo,3.812581674900576,2.61,5
konks,4.2185307920027375,0.0,5
kooks,3.6137895441612673,2.34,4
kooky,2.997782076082496,2.58,5
koori,4.144568054912678,1.57,3
kopek,3.9544379230084337,1.41,4
kophs,4.515163338971632,0.0,4
kopje,3.992653931178893,1.52,5
koppa,3.8173622432484713,1.08,4
korai,5.058669869728632,1.07,4
koran,5.039006522466416,3.23,3
koras,5.515639294520399,0.0,3
korat,5.094301948178828,1.51,3
kores,5.632646305537383,1.29,4
koris,5.331085024262539,1.23,4
korma,4.805740179786075,1.91,4
koros,4.612296384232938,1.21,4
korun,4.627983929428478,0.0,4
korus,5.105554571814763,1.13,4
koses,4.869650231484789,0.0,5
kotch,4.028472394370986,1.39,4
kotos,4.424489382132544,0.0,5
kotow,3.452572187435811,0.0,5
koura,4.840676089900612,1.22,5
kraal,4.366758069318751,1.93,4
krabs,4.938753180073963,2.45,4
kraft,4.362705765011644,3.38,4
krais,5.404737406699963,0.0,4
krait,4.982189418953752,1.85,4
krang,4.452025079381194,1.93,5
krans,5.260556088303514,1.38,5
kranz,4.113170358509878,2.18,5
kraut,4.736179367712143,2.38,4
krays,4.991052449149747,1.93,5
kreef,3.9824690956092232,0.0,5
kreen,4.459797335527385,0.0,5
kreep,4.234376354691423,1.32,4
kreng,4.403689963459498,0.0,4
krewe,3.937647171931937,1.92,5
krill,3.920226215909013,2.63,5
kriol,4.742356633976332,1.15,4
krona,4.913823507966202,2.22,4
krone,5.037257250939465,2.43,5
kroon,4.042435745606551,1.84,4
krubi,4.095242988259761,0.0,4
krump,3.921031045433427,1.66,5
krunk,3.5631790963265595,1.59,4
ksars,4.5995733419155735,0.0,5
kubie,4.447473843102978,1.21,4
kudos,4.713775357420832,3.45,5
kudus,3.76606029489314,1.59,5
kudzu,2.554533725078589,2.13,5
kufis,4.355624239130671,0.0,4
kugel,4.379963428122789,2.05,4
kuias,5.177025270810747,0.0,4
kukri,3.618967115590905,1.77,4
kukus,3.0957515396106805,0.0,5
kulak,3.825401575190357,1.93,5
kulan,4.616940788227637,1.03,4
kulas,5.106588884715333,1.22,4
kulfi,3.85727080015464,1.64,4
kumis,4.658802008385416,1.03,4
kumys,4.248384038753748,0.0,5
kunas,5.082988061057043,1.13,4
kunds,4.578869103641248,0.0,4
kuris,5.044759058809958,0.0,4
kurre,4.192085248999009,0.0,5
kurta,4.7824039220029615,2.21,3
kurus,4.119554180844162,1.61,5
kusso,4.068870244767167,0.0,4
kusti,4.576107147441302,0.0,4
kutai,4.615340690251327,1.27,4
kutas,5.066844035792331,0.0,4
kutch,3.7271677684144575,2.19,4
kutis,4.857846398862022,0.0,4
kutus,3.931483882392236,0.0,6
kuyas,4.804712304958681,0.0,4
kuzus,3.223256649141384,0.0,6
kvass,3.926072228398589,1.62,5
kvell,3.320916142586449,0.0,5
kwaai,3.76965500444668,0.0,4
kwela,4.427754889985892,0.0,4
kwink,3.1273566064597142,0.0,4
kwirl,4.082533793790088,0.0,5
kyack,3.371480877359407,0.0,4
kyaks,4.05086935111233,0.0,5
kyang,4.083591716829937,0.0,5
kyars,5.012488042884834,0.0,5
kyats,4.902592688876383,1.49,4
kybos,4.357489016610932,0.0,4
kydst,4.134365455894954,0.0,4
kyles,5.011008933375471,2.11,5
kylie,4.666429523365618,3.54,4
kylin,4.2343773421590605,1.6,3
kylix,3.5207656964187897,1.29,4
kyloe,4.67563171698284,0.0,5
kynde,4.34240692810509,0.0,5
kynds,4.367250491782112,0.0,4
kypes,4.747605732631734,0.0,4
kyrie,4.816853850578716,3.31,4
kytes,4.95837394546732,0.0,4
kythe,4.190259743705032,0.0,4
kyudo,3.9668782823853217,1.06,5
laarf,4.25801469442137,0.0,4
laari,4.789163125405277,0.0,5
labda,4.1432384648236384,0.0,5
label,4.486353252491823,4.43,4
labia,4.414419005652665,2.7,4
labis,5.356792552681666,0.0,4
labne,5.157783024481759,0.0,3
labor,4.997736547328653,4.77,4
labra,4.409971670065135,1.15,3
laccy,3.919687471196177,0.0,4
laced,5.122784184771336,3.29,4
lacer,5.349495298096045,1.12,5
laces,5.715255684329746,3.12,5
lacet,5.295721702153513,0.0,4
lacey,5.101071288899583,3.27,4
lacis,5.445064499111555,0.0,4
lacka,4.042256759834725,1.12,4
lacks,4.9800841583253295,3.89,4
lacky,4.373059584330568,1.11,4
laddu,3.992668550621049,1.64,5
laddy,4.032886219809264,1.63,5
laded,4.580781696053305,0.0,5
ladee,4.937182071228853,1.7,3
laden,5.311931501728828,3.74,3
lader,5.411134951336593,1.54,4
lades,5.775915548261413,1.38,4
ladle,4.643534879982122,2.66,4
ladoo,4.417103865001553,1.69,4
laers,5.93777144810983,0.0,2
laevo,4.794060940626762,0.0,4
lagan,4.299186945609117,2.14,4
lagar,4.447813190263019,0.0,5
lager,5.266911656689327,3.16,3
laggy,3.817411284674906,2.21,5
lahal,3.625969375871398,0.0,5
lahar,4.434847595894437,1.58,5
laich,4.705626864380563,1.71,3
laics,5.45805470692067,0.0,4
laide,5.440488672737069,1.45,4
laids,5.539124043940637,0.0,5
laigh,4.65814629844334,1.43,4
laika,4.430075147432607,2.21,4
laiks,5.372036296724578,0.0,4
laird,5.252331638201761,3.16,4
lairs,5.80414862917869,2.15,4
lairy,5.18892444136402,1.45,4
laith,5.0044830166405,1.96,4
laity,5.111169042583442,2.76,3
laked,4.992256949494184,0.0,4
laker,5.223806616978089,2.84,5
lakes,5.595065529390509,4.14,4
lakhs,4.912367155605644,3.08,4
lakin,4.848701643341272,2.12,4
laksa,4.498316305876591,1.97,3
laldy,4.1323517166600565,0.0,5
lalls,4.084715864587826,0.0,6
lamas,4.904364038369714,2.51,5
lambs,5.0093526354441344,3.23,4
lamby,4.400165217635762,1.45,4
lamed,5.159641603513829,1.7,4
lamer,5.381877988440112,2.17,5
lames,5.758544907246792,2.09,3
lamia,4.542545396006019,2.37,4
lammy,3.960976559611916,1.97,4
lamps,5.143312528041532,3.73,4
lanai,4.685031210809152,2.3,5
lanas,5.100732378091353,1.1,4
lance,5.260042702219868,3.94,3
lanch,4.564680121522319,0.0,4
lande,5.329414777428383,2.16,3
lands,5.394443683720396,4.37,4
laned,5.360484659283737,1.52,3
lanes,5.951932715638016,3.97,4
lanks,5.229792467698024,0.0,3
lanky,4.623000165468578,2.73,4
lants,5.581142326415945,0.0,4
lapas,4.894037397559541,0.0,4
lapel,4.5973429184331005,2.77,4
lapin,4.9787168608507,2.0,4
lapis,5.475399339228679,2.78,3
lapje,4.5228573214856045,0.0,5
lappa,3.6152647794801367,1.29,4
lappy,3.945503935986754,1.57,4
lapse,5.490874793894516,3.49,4
larch,4.741002701244174,2.55,4
lards,5.567540326078202,1.09,4
lardy,4.977349824592489,1.84,4
laree,5.277021367959344,1.19,4
lares,6.114793783875173,1.93,3
larfs,5.233566810937218,0.0,4
larga,4.479580465874967,1.77,4
large,5.352942980644821,5.39,3
largo,5.025495019439538,2.99,4
laris,5.846316136269494,1.45,3
larks,5.40045275490078,2.44,3
larky,4.799132165922773,1.12,4
larns,5.695347782930896,0.0,3
larnt,5.271627258967978,0.0,4
larum,4.908009486176413,1.05,4
larva,4.196596745247498,2.99,4
lased,5.579912866475744,0.0,3
laser,5.807662823220244,4.2,4
lases,5.379444749428368,0.0,5
lassi,4.836333874506798,2.0,3
lasso,4.854691869812742,2.74,3
lassu,4.61069552935699,0.0,4
lassy,4.61345229946072,1.36,3
lasts,5.007573498535314,3.9,4
latah,4.38468246755214,1.6,4
latch,4.563986154365659,3.34,4
lated,5.349222003680625,1.62,4
laten,5.476152094900538,1.26,4
later,5.581418586193487,5.49,3
latex,4.757338162723611,3.4,4
lathe,5.187225034950006,2.91,4
lathi,4.831962735067444,1.82,4
laths,5.251339255630964,1.32,4
lathy,4.645960339223943,0.0,4
latke,5.1611864930062845,1.44,4
latte,4.833019520409064,3.3,4
latus,5.443734372176649,1.68,4
lauan,4.525706566820952,1.08,5
lauch,4.472610592920345,1.57,4
laude,5.203356894224153,2.99,4
lauds,5.31190145276143,2.5,5
laufs,4.975134444723026,0.0,5
laugh,4.421286565564505,4.66,5
laund,4.88892816811946,1.17,5
laura,4.631999526140395,4.24,4
laval,3.3594697857649534,2.8,5
lavas,4.516805202497713,2.26,5
laved,4.758995624401122,0.0,5
laver,4.985621544251177,2.56,4
laves,5.357892190575765,1.42,5
lavra,4.147771239726361,1.61,5
lavvy,3.4757028301356128,0.0,5
lawed,4.875981081911348,0.0,3
lawer,5.102050377426182,1.4,5
lawin,4.702578154902868,0.0,5
lawks,4.752517528804635,0.0,4
lawns,5.069334599334493,3.21,3
lawny,4.462313422229173,0.0,4
lawsy,4.676786583084323,0.0,3
laxed,4.599815413392224,1.18,6
laxer,4.824983622978297,1.68,6
laxes,5.196119209276971,0.0,6
laxly,3.507579481918142,1.25,5
layby,3.7561668900047223,1.59,5
layed,5.114545130229522,2.46,4
layer,5.338653492464496,4.4,3
layin,4.950438766018298,2.3,3
layup,4.493687139215619,2.93,4
lazar,4.06040032169942,2.8,5
lazed,4.65174818957198,1.32,5
lazes,5.248349489581678,1.02,5
lazos,4.954094184955839,0.0,5
lazzi,3.537750615410539,0.0,5
lazzo,3.560094197042202,1.04,5
leach,4.851604144526099,3.25,4
leads,5.675300707603687,4.65,4
leady,5.066467732016274,0.0,4
leafs,5.346030732803257,3.56,4
leafy,4.72854772109775,3.3,5
leaks,5.506625881712279,3.88,4
leaky,4.887197602585612,3.06,5
leams,5.63130624402748,0.0,3
leans,5.821327049571027,3.27,3
leant,5.398981012951799,2.43,2
leany,5.209665617911631,0.0,4
leaps,5.632853991789537,3.36,4
leapt,5.208556253982783,3.05,3
leare,5.133848130376308,0.0,4
learn,5.467121360272274,5.17,4
lears,5.944961382137094,1.44,4
leary,5.335253417254384,2.86,4
lease,5.225694698055238,4.17,4
leash,5.335873142285303,3.47,3
least,5.637639855322965,5.44,3
leats,5.864849953470179,1.19,4
leave,4.4121090913798025,5.34,3
leavy,4.618802680358215,1.95,5
leaze,4.311092564636494,0.0,4
leben,4.3685798072916695,2.46,4
leccy,3.867530532880056,1.17,4
leche,4.145292689545178,2.54,4
ledes,4.987849669396623,1.07,4
ledge,4.22555133578692,3.41,4
ledgy,4.423612139731574,0.0,4
ledum,4.52879625733948,1.17,4
leear,5.012972279326932,0.0,5
leech,4.071053587897947,3.17,4
leeks,4.730024396629558,2.7,3
leeps,4.85383656618581,0.0,4
leers,5.169448355917557,1.7,4
leery,4.562004339701208,2.58,4
leese,4.203739856915238,1.99,4
leets,5.08478270576667,1.02,4
leeze,3.28394938893818,1.12,5
lefte,4.242155776487811,0.0,3
lefts,5.04640629493798,2.4,4
lefty,4.434064155578708,3.25,4
legal,4.3648861539000485,5.08,4
leger,4.486287492672017,2.69,4
leges,4.848007904478799,1.78,5
legge,3.577246513149162,2.37,5
leggo,4.018553241323496,1.87,4
leggy,3.767513247655374,2.48,5
legit,4.8933216564206194,4.01,3
legno,4.824795741772739,1.52,3
lehrs,5.295029574995191,0.0,5
lehua,4.840552594100097,1.46,4
leirs,5.773998519957669,0.0,4
leish,5.152772794067092,0.0,4
leman,5.150682053797124,2.31,4
lemed,4.374799195426098,0.0,5
lemel,3.8304906863595294,1.11,5
lemes,4.971040651112159,0.0,5
lemma,4.348726518557635,2.74,4
lemme,3.726659885316751,3.19,5
lemon,4.945651224277618,4.1,4
lemur,4.832813079788394,2.57,5
lends,5.346070604577363,3.36,3
lenes,5.168091416173554,0.0,4
lengs,5.189531698098913,0.0,4
lenis,5.640956514358872,1.45,4
lenos,5.636563493882819,0.0,4
lense,4.927420891957241,2.28,4
lenti,5.139040261602374,1.43,3
lento,5.181969777883411,2.12,4
leone,4.85511981702305,3.64,5
lepak,4.833106194720612,1.33,4
leper,4.585376219636106,2.79,4
lepid,4.847311392814438,0.0,4
lepra,5.240111188136257,1.37,4
lepta,5.155793966414848,0.0,3
lered,4.748731840721053,0.0,3
leres,5.332499363053438,0.0,5
lerps,5.479173575651751,0.0,3
lesbo,5.03629438785675,2.24,4
leses,4.592497378559815,0.0,5
lesos,5.0670881561087615,0.0,5
lests,4.9653506038043735,0.0,4
letch,4.520461965397315,1.63,4
lethe,4.407100156488221,2.03,3
letty,4.235939243172362,2.47,4
letup,4.688265483718842,1.49,5
leuch,4.428099172649063,0.0,5
leuco,4.801995470050287,1.57,4
leuds,5.262851653556195,0.0,4
leugh,4.3757697159287705,0.0,5
levas,5.245773640860929,0.0,3
levee,3.4036215795211104,2.79,5
level,3.427600049720484,5.41,5
lever,4.202290028159741,3.64,5
leves,4.569769042539657,1.43,6
levin,4.563771595772281,3.41,4
levis,5.05072616258672,2.6,5
lewis,5.155467604832667,4.48,5
lexes,4.406733209860382,0.0,6
lexis,4.880845975733302,2.45,5
lezes,4.460527523211165,0.0,6
lezza,3.735321659525845,0.0,5
lezzo,3.551088689117143,0.0,4
lezzy,3.30268768622668,1.05,5
liana,4.684116253563321,2.53,4
liane,5.516785662191069,2.24,4
liang,4.793485555456375,3.13,4
liard,5.182244995075874,1.63,4
liars,5.728338135300448,3.46,4
liart,5.307716052654084,0.0,4
libel,4.244248637788822,3.34,4
liber,5.01428645053051,2.82,5
libor,4.756802100349396,2.63,4
libra,4.904266235105632,2.93,3
libre,5.031510235499329,2.86,4
libri,3.894084927964319,2.34,3
licet,5.047793053018316,1.2,4
lichi,3.5297284879833537,0.0,4
licht,4.284239992380002,2.32,3
licit,3.939905600346565,1.94,4
licks,4.708333879050039,3.1,4
lidar,5.118896311429378,2.65,4
lidos,5.265328405533597,1.37,4
liefs,5.093491858730894,0.0,5
liege,4.47685805581924,2.95,4
liens,5.571148386524353,2.67,3
liers,5.693642101168259,1.63,4
lieus,5.434119794316265,0.0,5
lieve,4.180267922952796,2.05,4
lifer,4.843630796665861,2.46,4
lifes,5.215348948590568,2.93,5
lifey,4.590437888243215,0.0,4
lifts,4.821392365975055,3.76,4
ligan,4.801955205401184,0.0,4
liger,5.023508022525166,2.23,5
ligge,4.101867537254478,0.0,4
light,4.22016409743054,5.33,4
ligne,4.906397047277213,2.39,3
liked,4.749384473958166,4.76,5
liken,4.873217893991669,2.57,4
liker,4.980766669211107,1.77,6
likes,5.355052637462642,4.73,4
likin,3.776059002709317,1.83,4
lilac,4.201467152672764,3.11,3
lills,3.821741208612327,0.0,7
lilos,4.7548265596932575,0.0,5
lilts,4.652061069282755,1.05,6
lilty,4.036412114885157,0.0,4
liman,4.919561261652852,2.15,4
limas,5.416251838636424,1.44,3
limax,4.213016031392882,1.23,4
limba,4.561646933472268,1.46,4
limbi,3.5505512899694875,0.0,4
limbo,4.375625194994456,3.31,4
limbs,4.741080828377108,3.74,4
limby,4.122655533330021,0.0,4
limed,4.913825118568258,1.46,5
limen,5.029794249861506,1.25,4
limes,5.517387452423531,2.85,4
limey,4.891771208428721,2.13,4
limit,3.977962221555644,4.7,3
limma,4.122683611943926,0.0,5
limns,5.077466061649437,0.0,4
limos,5.2311120478331175,2.44,3
limpa,4.694375957045592,1.12,4
limps,4.874488675245599,2.22,3
linac,4.86723426173456,1.83,3
linch,4.289192228543173,1.41,3
linds,5.121933822133811,1.94,4
lindy,4.516369520972409,2.84,4
lined,5.112233522207483,4.08,3
linen,4.542088157226244,3.61,4
liner,5.325288312742128,3.75,5
lines,5.707549053579359,4.95,3
liney,5.089507105108796,1.14,4
linga,4.788059011865736,2.13,4
lingo,4.602733847023667,3.01,4
lings,4.959355952513421,2.06,5
lingy,4.347494175141784,0.0,4
linin,3.423240861316223,1.19,4
links,4.957022784573723,4.72,4
linky,4.340196141384983,2.46,5
linns,4.5708956104171135,0.0,4
linny,3.955608307604288,1.6,5
linos,5.417747736305651,1.38,3
lints,5.308791706165627,1.05,3
linty,4.697710554621606,1.13,4
linum,4.460613789090461,1.66,5
linux,3.959079334086745,3.99,4
lions,5.447119381206905,4.18,3
lipas,5.402545742425129,0.0,4
lipes,5.499800812583769,0.0,3
lipid,3.833832705872983,3.29,4
lipin,3.9057787327670335,1.4,4
lipos,5.214198024673887,1.14,3
lippy,3.668305284110041,2.2,4
liras,5.780077965556074,1.83,4
lirks,5.132899339626152,0.0,4
lirot,5.17091138946193,0.0,3
lises,5.139285271402503,0.0,4
lisks,4.391625393922658,0.0,4
lisle,4.786318835516324,2.62,4
lisps,4.510914626300807,1.61,4
lists,4.740904887116934,4.38,4
litai,4.426000865613528,0.0,3
litas,5.614586579059982,1.44,4
lited,5.103590150451657,0.0,3
litem,5.0259315156448325,1.91,4
liter,5.337961288187552,3.46,4
lites,5.71093374161938,2.25,3
lithe,4.929897274616759,2.48,4
litho,4.621199204987709,2.13,3
liths,4.978787080008645,0.0,4
litie,4.564397843314589,0.0,4
litre,5.361270620859244,3.5,3
lived,4.51050056833195,4.88,5
liven,4.630733531672581,2.63,4
liver,4.738082717719874,4.18,5
lives,5.112974658951091,5.14,4
livid,3.4622618911117344,2.99,4
livor,4.494112882162303,1.13,4
livre,4.758554237542437,2.43,5
liwaa,4.1514090799262,0.0,5
liwas,5.1271284919743865,0.0,4
llama,3.6464453966702233,2.95,4
llano,4.381102874822533,2.2,4
loach,4.680366180308743,2.44,4
loads,5.5143116562663375,4.22,4
loafs,5.176156839301486,1.74,4
loams,5.460628848049073,1.62,3
loamy,4.846581232802811,2.22,4
loans,5.653209502110955,4.51,4
loast,5.460354250408974,0.0,4
loath,4.978783420089455,2.67,3
loave,4.955795996500173,0.0,4
lobar,4.993808014016822,1.59,4
lobby,3.5859306895021064,4.03,5
lobed,4.857110412143727,2.58,6
lobes,5.453273316580379,3.14,4
lobos,4.428426232826764,2.75,4
lobus,4.922572829473137,0.0,5
local,4.268186516698744,5.43,4
loche,4.739116668468267,1.29,4
lochs,4.795566480662672,2.3,5
lochy,4.190720234918772,1.25,4
locie,5.163945803776503,0.0,4
locis,5.236551303823402,1.54,4
locks,4.781587926558037,3.94,5
locky,4.173116438075244,1.83,4
locos,4.519125422702982,2.45,4
locum,4.312992843991583,2.59,4
locus,5.01135298869261,3.18,5
loden,5.133336972995197,1.64,4
lodes,5.600174337775663,1.67,5
lodge,4.816750092999424,4.08,3
loess,5.062358296840332,2.3,4
lofts,4.8916136003250665,2.64,4
lofty,4.283428786274,3.34,4
logan,4.845520558111415,4.04,4
loges,5.459223868118227,1.27,5
loggy,3.6187579146531608,0.0,4
logia,4.919214426044994,1.84,3
logic,4.400757200718195,4.36,3
logie,5.079154856525782,2.59,4
login,4.660773894995103,3.49,3
logoi,4.010488061620305,1.18,4
logon,3.94311674842828,2.37,3
logos,4.437628282917365,3.53,4
lohan,4.834999887987033,3.01,4
loids,5.333691306933781,0.0,4
loins,5.466210859758584,2.71,3
loipe,5.20369549090732,0.0,4
loirs,5.600393186621339,0.0,4
lokes,5.419991609014145,0.0,4
lokey,4.801443815488051,1.6,5
lokum,4.199345815962024,0.0,5
lolas,4.9885015485299125,1.5,5
loled,4.514736466354293,1.74,6
lollo,2.809716550107804,1.32,5
lolls,3.8917038312091,1.37,5
lolly,3.2769508329784887,2.81,6
lolog,3.2897184617837354,0.0,4
lolos,4.0871639336514685,1.12,5
lomas,5.459735113193443,2.42,3
lomed,4.981782659494535,0.0,4
lomes,5.583430461590533,0.0,5
loner,5.397818200031807,3.07,5
longa,4.840389269443626,2.13,4
longe,4.983575813198852,2.05,3
longs,5.036673023893989,3.02,4
looby,3.8163631099113657,1.67,6
looed,4.586563713640624,0.0,5
looey,4.561387236382494,1.07,5
loofa,4.06334704195246,1.47,4
loofs,4.280684853303196,0.0,5
looie,4.782260237588336,0.0,5
looks,4.4452477243355375,5.36,5
looky,3.8285767710551455,2.23,5
looms,4.564703693834202,3.23,4
loons,4.758310743334758,2.57,4
loony,4.148551419810277,2.78,4
loops,4.5666099958187525,3.65,4
loopy,3.948956786839883,2.67,4
loord,4.3285832740306445,0.0,4
loose,4.904837201089383,4.46,4
loots,4.803471895860056,2.08,4
loped,4.961991788802768,1.47,4
loper,5.19343231182005,1.79,5
lopes,5.5667538147841045,2.65,3
loppy,3.746624767394631,0.0,5
loral,4.6758842090730734,1.96,4
loran,5.326527143795097,2.24,4
lords,5.371518145819919,4.08,5
lordy,4.78056425936462,2.52,4
lorel,4.813441941947422,0.0,4
lores,5.9419498931331445,2.07,4
loric,4.899540249753906,0.0,4
loris,5.639848864268969,2.33,5
lorry,4.264902982672607,3.21,5
losed,5.406168743476996,1.23,3
losel,4.875278527056272,0.0,4
losen,5.525360683223127,1.42,4
loser,5.633220005170222,4.01,3
loses,5.205616460999562,4.11,4
lossy,4.416055600317721,2.35,4
lotah,4.93460353006484,0.0,4
lotas,5.659075753778686,0.0,4
lotes,5.77832557390139,0.0,3
lotic,4.73008787569301,1.25,3
lotos,4.760805230642433,1.71,4
lotsa,5.385713098714431,2.26,3
lotta,4.4969102442358215,3.2,3
lotte,4.642386154902724,2.99,3
lotto,3.621213318039166,3.23,4
lotus,5.252926126105352,3.62,4
loued,5.063473143843593,0.0,5
lough,4.2225539406401325,2.84,4
louie,5.239050592669475,3.38,5
louis,5.357490150224111,4.82,4
louma,4.818649754446415,0.0,5
lound,4.692859846159698,1.39,4
louns,5.25710578524969,0.0,4
loupe,4.974803124642983,2.05,4
loups,5.065956642806729,1.23,4
loure,5.297699133365774,0.0,4
lours,5.379516063085747,0.0,5
loury,4.767967654544357,1.45,4
louse,5.392104872186392,2.6,4
lousy,4.864662989360758,3.31,3
louts,5.3022741130350655,2.06,4
lovat,4.636429422151751,2.16,3
loved,4.583607942986285,5.0,5
lovee,4.321280307294311,1.14,4
lover,4.811136721428419,4.26,5
loves,5.184008474414216,4.66,6
lovey,4.563361217567006,2.75,5
lovie,4.800201874816222,2.27,5
lowan,4.667411457552038,1.45,4
lowed,4.68813683697976,1.49,5
lowen,4.806583686856248,2.15,3
lower,4.915330713845523,5.11,5
lowes,5.287369683083932,2.69,6
lowly,3.569366990812341,3.27,5
lownd,4.297108945750806,0.0,4
lowne,4.80134988679273,1.01,4
lowns,4.859774116365199,0.0,4
lowps,4.660377829709219,0.0,4
lowry,4.37352152782745,3.35,4
lowse,5.019345896700537,0.0,5
lowth,4.171194226075405,1.4,4
lowts,4.902009160151351,0.0,5
loxed,4.42276506662725,0.0,6
loxes,5.019570034172251,0.0,6
loyal,4.261533381720924,4.2,4
lozen,4.5942977136561325,0.0,4
luach,4.417354775301325,0.0,4
luaus,4.614608160986708,1.24,4
lubed,4.564941698182415,2.07,4
lubes,5.16834597365466,1.97,4
lubra,4.681962855847974,0.0,4
luces,5.256393500416247,1.44,5
lucid,4.392386383818215,3.27,3
lucks,4.487940454750641,1.94,4
lucky,3.8763514742682528,4.77,3
lucre,4.887367145302238,2.02,4
ludes,5.316072756673117,1.54,4
ludic,4.27999971487466,1.62,4
ludos,5.0552791440582485,0.0,4
luffa,3.5283332330471198,1.42,5
luffs,3.7070712076230254,0.0,5
luged,4.570670322340876,0.0,4
luger,4.802170691668555,2.62,4
luges,5.1742217493220695,0.0,5
lulls,3.5994570175554395,2.27,7
lulus,3.598095935746524,1.51,5
lumas,5.204199489374501,1.09,4
lumbi,4.0929563583570205,0.0,4
lumen,4.80559349929076,3.09,4
lumme,4.014705642541436,1.23,5
lummy,3.4627674040599032,0.0,4
lumps,4.648548522588461,3.19,4
lumpy,4.032412609001645,2.84,4
lunar,5.04494098940576,3.77,4
lunas,5.399275383372613,1.93,4
lunch,4.068589449573957,4.66,3
lunes,5.492303694806869,1.68,4
lunet,5.064128053819866,0.0,4
lunge,4.680930890011336,2.85,3
lungi,4.3233362838272615,1.93,4
lungs,4.738445319092728,3.97,3
lunks,4.735613771581303,0.0,4
lunts,5.088560319864529,1.25,3
lupin,4.484421251364514,2.86,4
lupus,4.05878507293502,3.2,3
lurch,4.240973016898501,2.79,4
lured,5.059417025922445,3.26,3
lurer,4.513495215811242,0.0,4
lures,5.657283708505767,2.94,4
lurex,4.462227855337235,1.62,4
lurgi,4.506437580460961,0.0,3
lurgy,4.314945918677769,1.3,3
lurid,4.802309743190474,2.73,4
lurks,4.904036600988685,2.82,5
lurry,3.962844981142364,0.0,5
lurve,4.571291252993908,1.56,4
luser,5.345846654509911,0.0,3
lushy,4.357871197503867,0.0,3
lusks,4.164273959106384,0.0,5
lusts,4.5150352823213336,2.49,4
lusty,4.693222251379627,2.8,5
lusus,3.693154971865749,1.29,5
lutea,5.286118475407116,2.06,3
luted,4.88217566070212,0.0,3
luter,5.117131198894716,1.04,4
lutes,5.494098713094159,2.01,3
luvvy,2.97465281399647,0.0,5
luxed,4.131881062818153,0.0,4
luxer,4.36075768916207,0.0,5
luxes,4.736608897609511,0.0,5
lweis,5.049853896695892,0.0,4
lyams,5.010752455360903,0.0,3
lyard,4.797547354857279,0.0,4
lyart,4.921594901599202,0.0,4
lyase,5.337969224206935,1.94,4
lycea,4.906528118756217,0.0,4
lycee,4.258576081638146,1.85,4
lycra,4.610072654896262,2.65,5
lying,4.197317089514885,4.67,4
lymes,5.106073648225487,1.22,4
lymph,3.736536470883333,3.2,4
lynch,3.892495981903022,3.94,4
lynes,5.297965573802017,1.61,4
lyres,5.467233289156473,1.57,4
lyric,4.4450523725839455,3.63,3
lysed,4.927958208362882,1.82,3
lyses,4.729139070266851,1.14,5
lysin,4.732078213669705,1.01,3
lysis,4.422548602832052,2.43,4
lysol,4.116131443198242,2.23,3
lyssa,4.390182580783126,1.93,4
lyted,4.71877002716207,0.0,4
lytes,5.298776776241156,1.23,4
lythe,4.529982856333744,1.31,3
lytic,4.270181204540807,2.04,3
lytta,4.062617968334963,0.0,4
maaed,4.709285893896162,0.0,4
maare,4.976053009438025,0.0,4
maars,5.0537119154435,0.0,4
maban,4.121477854273191,1.01,4
mabes,5.448515913386979,0.0,5
macas,4.690301551750773,0.0,5
macaw,3.717965109873845,2.33,4
macca,3.4055108550227056,2.08,3
maced,4.944684304179876,1.86,4
macer,5.196368917666356,1.8,5
maces,5.539100948840212,2.01,4
mache,4.755785877008418,2.4,3
machi,4.4021282625940055,2.51,4
macho,4.427259700669456,3.26,4
machs,4.823055952830803,1.18,5
macka,3.8600310778944,1.37,4
macks,4.801686951964349,1.74,4
macle,5.113722989773149,0.0,3
macon,4.761369133579153,3.13,3
macro,4.89156130031209,3.71,4
macte,5.110643482784029,0.0,3
madal,4.306013567807731,0.0,5
madam,3.5084415874858648,3.59,4
madar,4.454301878500354,1.58,4
maddy,3.8512090144844215,2.97,4
madge,4.826342435864855,2.87,4
madid,4.170671861769414,0.0,5
madly,4.650515713153989,3.17,4
mados,5.321888197119786,0.0,5
madre,5.289672655862252,2.88,4
maedi,5.054097862875846,0.0,4
maerl,5.31769332678855,0.0,4
mafia,4.059182930604901,3.83,4
mafic,4.24864975128522,2.19,4
mafts,4.912183294613193,0.0,4
magas,4.610912578363008,1.78,5
mages,5.459635512627421,2.63,4
maggs,4.254542661879848,2.05,4
magic,4.42825864707025,4.76,4
magma,3.321333006480125,3.19,5
magna,4.120404978362437,3.26,4
magot,4.725751746862447,0.0,5
magus,4.943552991553295,2.61,4
mahal,4.139654341154382,3.2,4
mahem,4.197265362092336,0.0,4
mahis,5.182896769775208,0.0,5
mahoe,5.041477181422144,0.0,4
mahrs,5.195928632397166,0.0,4
mahua,3.982559684535548,1.44,4
mahwa,3.6019872153815844,0.0,5
maids,5.3619720463519815,3.25,4
maiko,4.754132074844916,2.07,4
maiks,5.192841598331697,0.0,4
maile,5.463379818446712,1.91,4
maill,4.386713689832017,0.0,4
mailo,5.117748230853447,0.0,4
mails,5.55741105305552,3.62,4
maims,4.723955782422883,1.55,4
mains,5.507261504510174,3.45,5
maire,5.564577489686084,2.28,4
mairs,5.656057305580888,1.39,5
maise,5.629228177448768,1.28,4
maist,5.312147814349534,0.0,4
maize,4.720865619094332,3.34,4
majas,4.175621688730912,0.0,6
majat,3.740688561085345,0.0,5
majoe,4.616512949084829,0.0,5
major,4.414843695032115,5.3,5
majos,4.729386495911356,0.0,5
makaf,3.6163243917064585,0.0,5
makai,4.161618996864813,2.0,4
makan,4.106891034735418,2.15,4
makar,4.2663526633228885,2.08,5
makee,4.561425609598349,1.31,4
maker,5.068723266809071,4.23,5
makes,5.417106158130839,5.46,4
makie,5.06202064207731,1.34,4
makis,5.16497870166847,1.64,4
makos,5.138660871718406,1.58,4
malae,4.894260018442025,0.0,5
malai,4.5506143863384665,1.84,4
malam,3.709027470894134,2.16,4
malar,4.625741498917431,2.07,4
malas,4.969907868239654,1.89,5
malax,3.7687012093292607,0.0,5
maleo,5.39449697901498,0.0,4
males,5.825590202831742,4.21,3
malic,4.797125648355331,2.14,4
malik,4.752913748347094,3.62,4
malis,5.55317598715943,1.57,4
malky,4.487027773169912,2.04,5
malls,4.727234680165429,3.44,5
malms,4.632373541744336,0.0,5
malmy,4.018807985338558,0.0,4
malts,5.451015619984628,2.36,4
malty,4.842962771538497,2.08,4
malus,5.303524911284575,2.19,4
malva,3.881130457083798,1.71,5
malwa,3.967817590998434,2.01,4
mamak,3.336999075316877,1.64,5
mamas,4.132869573759826,2.79,5
mamba,3.287568023899776,2.64,5
mambo,3.832691055111806,2.78,4
mambu,3.5797614410929266,0.0,5
mamee,4.129925759713056,0.0,5
mamey,4.362091590258518,1.2,4
mamie,4.625952704230626,2.65,4
mamil,4.261317505446974,0.0,4
mamma,2.770838610640627,3.32,5
mammy,3.1078169536775246,2.62,4
manas,4.93945086115945,2.33,4
manat,4.510764642751041,1.42,4
mandi,4.817832362937299,2.68,4
mands,5.22976460267032,1.35,4
mandy,4.628139351179592,3.37,4
maneb,4.96553937027551,1.02,4
maned,5.191787275006895,1.94,4
maneh,5.066921080533281,1.19,4
manes,5.786791812456526,2.43,5
manet,5.363985829916137,2.53,3
manga,4.123479725359437,3.97,4
mange,5.00030659040592,2.5,3
mangi,4.644299200888196,1.51,4
mango,4.668115527438655,3.56,4
mangs,5.066453036170342,1.19,4
mangy,4.457819688359416,2.1,4
mania,4.573026732091265,3.44,4
manic,4.76367770821071,3.32,3
manie,5.432907283066204,1.6,3
manis,5.519056300057556,2.23,4
manks,5.062689796775766,0.0,5
manky,4.450876088729802,1.89,4
manly,4.804512176650878,3.66,4
manna,3.731668586882644,2.8,4
manny,4.066796224091123,3.5,4
manoa,4.543051029025213,2.25,4
manor,5.170050770921379,3.81,3
manos,5.490398112773465,2.33,5
manse,5.534154262742085,2.46,4
manso,5.222417887675726,1.72,4
manta,4.476772507603656,2.82,4
mante,5.3554549218134255,1.31,3
manto,5.0224740539442765,1.99,4
mants,5.417775933647151,0.0,3
manty,4.809229723020306,1.01,4
manul,4.804601174889732,0.0,4
manus,5.273231844496422,2.88,4
manzo,4.289436317160419,1.93,4
mapau,4.055189002242567,0.0,4
mapes,5.5608780005944825,2.23,3
maple,5.130774542073206,3.86,5
mapou,4.5892130125572015,1.09,4
mappy,3.7598244244091528,1.15,4
maqam,2.821404511855152,1.35,5
maqui,3.942832216650357,1.14,4
marae,5.040657012695928,1.85,3
marah,4.397928421785013,2.06,4
maral,4.630644570890792,1.65,5
maran,4.63765184381427,2.09,4
maras,5.115212266535012,1.93,5
maray,4.510453262024857,0.0,4
march,4.585319678810607,5.26,3
marcs,5.332816025171988,1.38,5
mards,5.416254923637974,0.0,4
mardy,4.819423923013699,2.1,4
mares,5.963080321581236,2.99,4
marga,4.320337112867254,2.21,4
marge,5.193519410157226,3.08,4
margo,4.866438893172526,3.03,4
margs,5.257057172989153,1.43,5
maria,4.755402823250439,4.34,4
marid,5.142121659915266,1.29,4
maril,5.218157560599597,1.04,4
marka,4.306791833614464,1.64,4
marks,5.245191524598753,4.49,4
marle,5.519234061658965,1.68,4
marls,5.579330533846492,1.87,5
marly,4.976407502521775,2.29,4
marma,3.833151332184864,1.41,5
marms,4.776576315456085,0.0,5
maron,5.184953752875171,2.34,3
maror,4.559436961064677,0.0,4
marra,3.96859206845172,2.24,4
marri,4.490535770959984,2.08,4
marry,4.303287448569141,4.4,4
marse,5.711512563866815,1.46,3
marsh,5.07054566308191,3.87,3
marts,5.601550751011377,2.27,3
marua,4.505403240939905,0.0,4
marvy,4.369870547983333,1.31,4
masas,4.35416861416677,0.0,5
mased,5.403808224220654,0.0,3
maser,5.658187728796514,2.12,4
mases,5.202743773414,0.0,6
masha,4.366823926540332,2.77,4
mashy,4.680273307936313,1.12,4
masks,4.479382249879283,3.88,4
mason,5.229592132045397,4.14,4
massa,4.12842971705122,3.12,4
masse,4.989980406915585,3.15,4
massy,4.438836881792862,2.25,4
masts,4.832149330005692,2.89,4
masty,5.010980363648771,0.0,4
masur,5.175900819388386,1.95,3
masus,4.685833817439498,0.0,5
masut,5.067842162608464,0.0,4
matai,4.510420179532534,2.02,4
match,4.388755278479781,5.13,4
mated,5.170662956089778,2.92,3
mater,5.42879128083272,3.47,3
mates,5.777833362531894,3.99,5
matey,5.159197108747289,2.5,3
mathe,5.012341579906079,1.56,3
maths,5.08105326482937,3.75,3
matin,5.026834130120871,2.29,3
matlo,5.018016183956641,0.0,4
matra,4.585254207111935,1.78,3
matsu,4.975144163300428,2.16,4
matte,4.6513295738148495,3.52,3
matts,4.711593805264703,2.03,4
matty,4.104288480916071,3.21,4
matza,3.737478585597576,1.46,4
matzo,4.28232031048699,2.2,5
mauby,4.322318785968672,0.0,4
mauds,5.136184037927701,0.0,5
mauka,4.012619535247691,1.58,4
maula,4.371698392432843,1.54,4
mauls,5.327048463932425,2.03,4
maums,4.49189808452985,0.0,5
maumy,3.8678014742710585,0.0,4
maund,4.722887089714813,1.64,4
maunt,4.848371916685041,0.0,4
mauri,4.973120563044054,1.99,4
mausy,4.886191642851233,0.0,4
mauts,5.325155454588997,0.0,4
mauve,4.576184629606859,2.71,4
mauvy,4.070001033323836,0.0,5
mauzy,3.965766524530867,1.24,4
maven,4.708604398869895,2.88,4
mavie,4.814909291646376,0.0,5
mavin,4.434747136970557,1.66,3
mavis,4.920595406311106,2.87,5
mawed,4.69556803618551,0.0,5
mawks,4.570849526842618,0.0,5
mawky,3.954171290212963,0.0,5
mawla,3.98337871500964,1.13,4
mawns,4.902454715401959,0.0,5
mawps,4.682281707856549,0.0,4
mawrs,5.039338692348885,0.0,4
maxed,4.422466477685722,2.77,6
maxes,5.020392192568162,1.95,5
maxim,3.4886444391308653,3.39,4
maxis,4.753863220948428,2.39,5
mayan,4.220120635605321,3.11,3
mayas,4.673883102430459,1.99,5
maybe,4.716840343352029,5.45,4
mayed,4.937088911065064,0.0,5
mayor,4.930573972050912,4.62,3
mayos,5.224946365939495,1.6,5
mayst,4.920792273975972,1.61,3
mazac,3.487955585851793,0.0,4
mazak,3.4270503212751944,1.38,5
mazar,3.907905999650581,2.26,5
mazas,4.225722902063243,1.21,5
mazed,4.47478675716839,1.08,5
mazel,4.625500698330819,2.22,5
mazer,4.724017039184796,1.96,5
mazes,5.073330134173253,2.69,5
mazet,4.647148549606727,1.2,4
mazey,4.452421808213865,1.13,5
mazut,4.118014116209942,0.0,5
mbari,4.623232269576446,1.39,3
mbars,5.043631878660628,0.0,4
mbila,4.570501036464722,0.0,4
mbira,4.674934342730904,1.5,4
mbret,4.771459748582737,0.0,3
mbube,3.588859225381368,0.0,4
mbuga,3.988161346273821,0.0,4
meads,5.500403509280651,2.32,4
meake,4.505075682531516,0.0,4
meaks,5.328094513044133,0.0,4
meals,5.702914252118936,4.19,3
mealy,5.080201532009144,2.4,4
meane,4.836996492702072,0.0,4
means,5.6562759104917495,5.44,3
meant,5.230904102597583,4.94,3
meany,5.037482272588595,2.31,5
meare,4.980369584452839,1.15,5
mease,5.049087268975307,1.38,4
meath,4.971235654929535,2.57,4
meats,5.688895002386901,3.48,4
meaty,5.070431537720835,3.01,4
mebbe,3.369253703013812,1.66,4
mebos,5.129723567555948,0.0,5
mecca,4.121129380715977,3.38,5
mecha,4.5951253676356485,2.89,4
mechs,4.773127696182999,2.35,4
mecks,4.750895856838958,0.0,4
mecum,3.702707559410383,1.77,5
medal,5.043424469932414,4.39,4
media,5.092767895455776,5.3,4
medic,4.551451744456345,3.42,4
medii,4.112160762121508,1.41,4
medin,4.827972985021764,1.46,4
medle,4.403537527663868,0.0,4
meech,3.893147384869116,2.26,5
meeds,4.719004305053534,1.13,4
meeja,3.93220496973551,0.0,4
meeps,4.668789760603504,0.0,5
meers,5.02113780031729,1.72,4
meets,4.907935414351691,4.36,5
meffs,3.984056906993846,0.0,5
meids,5.317987912391399,0.0,4
meiko,4.75510988667918,1.98,3
meils,5.52511137685899,0.0,4
meins,5.47225151043679,1.2,4
meint,5.045489344595814,0.0,4
meiny,4.848159594678713,0.0,5
meism,4.461349959553464,0.0,4
meith,4.789211871057375,0.0,4
mekka,3.989242671620204,1.59,5
melam,4.453158663572669,1.05,5
melas,5.710930031658087,1.94,3
melba,4.855458125403701,2.46,4
melch,4.392113173650659,0.0,5
melds,5.2211110365186695,2.18,5
melee,3.8712429548625145,3.22,4
meles,5.039260313756385,2.16,4
melic,4.763412264692086,1.03,4
melik,4.720825304719963,1.63,4
mells,4.689869704902146,1.43,4
meloe,4.692481518709548,0.0,4
melon,5.012350598225415,3.32,4
melos,5.5114428732105925,1.92,4
melts,5.40837729472793,3.41,6
melty,4.793168588845217,2.22,4
memes,4.199682412729262,3.75,5
memic,3.926476866786356,0.0,5
memos,4.677675225895078,2.98,4
menad,5.100837255700953,0.0,3
mence,4.310621157707294,1.03,5
mends,5.179453875884746,2.1,5
mened,4.414466383322013,0.0,4
menes,5.003665324330595,1.7,5
menge,4.222301474356219,1.68,5
mengs,5.022154721984019,1.27,4
menil,5.026370225179691,1.71,3
mensa,5.388158341296317,2.66,4
mense,4.760236200250314,1.53,4
mensh,4.845172673825808,0.0,4
menta,5.194699317398642,1.82,4
mento,5.010297891151586,1.82,5
ments,5.370499136114823,2.04,4
menus,5.222068546385166,3.44,4
meous,5.353027553922493,0.0,4
meows,4.9985567794119925,2.37,4
merch,4.53906922189953,3.22,4
mercs,5.289807312259092,2.26,4
mercy,4.683420774420107,4.25,4
merde,4.564612690899449,1.94,4
merds,5.365202012960632,0.0,4
mered,4.597450604284822,1.16,4
merel,4.723962908197101,1.56,3
merer,4.045949106719275,0.0,4
meres,5.1840224394476015,1.77,4
merge,4.41545336658231,3.75,4
meril,5.1900625162284495,1.38,4
meris,5.657045603049767,1.43,4
merit,5.235264315375717,4.08,3
merks,5.198178331877905,1.57,4
merle,4.741701559952839,3.04,4
merls,5.541003005495902,0.0,4
merry,4.253408306793875,3.83,4
merse,4.937368686181825,1.45,3
mersk,4.968689209979979,0.0,3
mesad,5.3145381196891295,0.0,4
mesal,5.438238922331145,0.0,3
mesas,5.095942759900838,2.23,3
mesca,5.137139357919293,0.0,4
mesel,4.788736333819117,0.0,4
mesem,3.987804976673373,0.0,4
meses,4.419072351078287,1.51,5
meshy,4.6213242802549175,0.0,4
mesia,5.47278171169686,0.0,4
mesic,4.95037528123616,1.96,4
mesne,4.765091514578919,1.48,3
meson,5.208570198292379,2.14,4
messy,4.385639584375482,3.87,4
mesto,5.232797235628295,1.55,4
mesyl,4.838148475728467,0.0,4
metal,5.200948269284063,4.82,4
metas,5.665013082257025,2.05,4
meted,4.390494697379219,2.56,4
meteg,4.1974151078346935,0.0,4
metel,4.547490488851202,1.35,4
meter,4.650472372759597,4.09,3
metes,4.992669646446575,1.73,5
methi,4.625516405856683,1.47,4
metho,4.671750934097931,1.31,4
meths,5.034294821277647,1.43,4
methy,4.419171071547027,1.22,4
metic,4.719120331376487,1.15,5
metif,4.511013305086859,0.0,4
metis,5.470170679065628,2.33,4
metol,5.012407038173303,0.0,5
metre,4.683697568115861,3.76,4
metro,5.121625332456175,4.18,4
metta,4.489089488303609,2.38,4
meums,4.452484396386784,0.0,5
meuse,4.651036920887968,2.41,5
meved,3.798649474349889,0.0,5
meves,4.394998418805875,0.0,5
mewed,3.916456233399354,1.16,5
mewls,4.896413493969599,0.0,5
meynt,4.667992855681522,0.0,4
mezes,4.288689625251594,1.09,5
mezza,3.5567311279684,1.41,5
mezze,2.93076130075274,1.62,5
mezzo,3.372854402955773,2.6,4
mgals,4.95197879781869,0.0,3
mhorr,3.874843383455727,0.0,5
miais,4.772146680198745,0.0,3
miaou,4.797689843326807,1.08,5
miaow,4.537843374581909,1.83,4
miasm,4.422886200664433,0.0,4
miaul,4.841165708947758,0.0,4
micas,5.199526210583819,1.51,5
miche,4.4948643826057895,1.79,4
michi,3.355269165139808,2.37,4
micht,4.11372222408477,0.0,4
micks,4.531677867746778,1.66,4
micky,3.912044201691206,2.91,4
micos,5.00935617143319,0.0,5
micra,4.840004616585111,2.13,4
micro,4.655181206007386,4.08,4
middy,3.5746975681871325,1.63,4
midge,4.572850011109978,2.76,4
midgy,4.020333205952034,0.0,5
midis,4.276115050126763,1.36,4
midst,4.734879642581623,3.89,4
miens,5.407118769707294,0.0,4
mieux,4.049498858996456,1.79,4
mieve,4.001543921857735,0.0,5
miffs,3.7568679630313153,0.0,4
miffy,3.1360198713642697,1.6,5
mifty,4.025526677342236,0.0,5
miggs,3.9839077527630975,1.46,5
might,4.048296472508776,5.66,5
migma,3.819262464246565,0.0,4
migod,4.3708431256630185,0.0,4
mihas,5.118119430868565,0.0,4
mihis,4.109985462966651,0.0,5
mikan,4.615786283733086,2.11,4
miked,4.573577039586296,1.77,5
mikes,5.179654902595284,2.61,6
mikos,4.908308742978652,1.35,5
mikra,4.733844790975883,0.0,4
mikva,3.986905641985926,1.5,4
milch,4.166579163024298,2.16,4
milds,5.001898765965096,1.44,4
miler,5.206136994206134,2.54,4
miles,5.588147201202109,5.0,4
milfs,4.666165018270781,2.78,5
milia,4.300730694399468,1.8,4
milko,4.4684746147513,1.47,4
milks,4.832275798870697,2.55,4
milky,4.2114712161539645,3.5,4
mille,4.412485071807193,2.8,4
mills,4.463862349691701,4.22,5
milly,3.842344148818522,3.05,6
milor,4.948872474949724,0.0,5
milos,5.2979245007885565,2.8,4
milpa,4.766244550834175,1.47,5
milts,5.185997661860052,0.0,4
milty,4.569933589255364,1.09,4
miltz,4.021847248019798,0.0,4
mimed,4.145475935793181,1.98,4
mimeo,4.358245681258917,1.49,3
mimer,4.393662260360754,1.1,5
mimes,4.746628456107709,2.31,6
mimic,2.88466446982488,3.49,4
mimis,3.643862382927621,1.71,5
mimsy,3.914980270083962,1.61,5
minae,5.358547152336044,1.38,4
minar,5.1226773906253,1.97,4
minas,5.448512243589162,2.84,4
mince,4.829197122404717,3.02,4
mincy,4.260952063326923,1.24,4
mindi,3.776023809778756,1.57,4
minds,4.957119331840706,4.45,4
mined,4.946005563612231,3.41,5
miner,5.186946014442175,3.58,5
mines,5.543781401871352,4.18,5
minge,4.741074320741394,1.96,5
mingi,3.603379618023819,1.44,4
mings,4.793421116984129,1.8,5
mingy,4.17742733165897,1.1,5
minim,3.1817055806211103,1.99,4
minis,4.442739691432734,2.83,4
minke,4.736833176303903,2.27,5
minks,4.790754393964977,2.13,4
minny,3.786704762977596,2.22,5
minor,4.92779093230551,4.62,4
minos,5.254611522722373,2.39,5
minse,5.27872941117105,0.0,4
mints,5.145894398019832,3.02,5
minty,4.530078940896336,2.69,4
minus,4.993669007170303,4.0,4
minxy,3.7312186450301774,0.0,5
miraa,4.6687190200281234,0.0,4
mirah,4.914891038992896,1.65,4
mirch,4.3167941735732125,1.39,4
mired,5.132689747538764,2.81,3
mires,5.726793020202103,1.8,4
mirex,4.531224096212293,1.11,3
mirid,4.071842203381405,0.0,4
mirin,4.139915258913632,1.98,4
mirkn,4.501521753110853,0.0,4
mirks,4.980475665443736,0.0,5
mirky,4.363221391643051,0.0,3
mirls,5.315170899235158,0.0,5
mirly,4.701405195497808,0.0,4
miros,5.444084598869481,1.01,4
mirrl,4.172125816239954,0.0,4
mirrs,4.644742360680587,0.0,5
mirth,4.612539385384276,2.62,4
mirvs,4.706604472317729,1.29,5
mirza,4.432724551931053,2.89,4
misal,5.213980440921218,1.2,3
misch,4.361024505034163,1.76,4
misdo,4.829416670661203,0.0,3
miser,5.418200286220366,2.56,4
mises,4.965354417344282,2.56,6
misgo,4.669956072708568,0.0,4
misky,4.374293493126619,0.0,4
misls,4.580479976724018,0.0,4
misos,4.67840388173637,0.0,5
missa,4.626951284714966,2.57,4
missy,4.161452532481352,3.26,4
misto,5.022131445210251,1.62,4
mists,4.566672597709383,2.83,4
misty,4.735401657769848,3.39,4
mitas,5.443879028123026,1.01,5
mitch,4.117517776176043,3.91,4
miter,5.187220933562113,2.39,4
mites,5.537519241612132,3.06,5
mitey,4.911420825938271,0.0,4
mitie,4.3857007863570265,1.35,4
mitis,4.438275790161359,1.6,4
mitre,5.209596235175679,2.63,4
mitry,4.643178005326332,1.11,4
mitta,4.269608436900754,1.56,5
mitts,4.442339440029019,2.71,4
mivey,4.3069059114106105,0.0,5
mivvy,3.013526234968713,0.0,5
mixed,4.177586131326118,4.64,4
mixen,4.306253607883798,0.0,4
mixer,4.426973222834766,3.5,5
mixes,4.777289573294145,3.52,6
mixie,3.619623277954087,0.0,4
mixis,3.679577186061135,0.0,5
mixte,4.334543825156568,1.4,4
mixup,3.506915562222293,2.16,4
miyas,5.172940362044411,0.0,4
mizen,4.362827125531363,1.78,4
mizes,4.834235558685253,0.0,6
mizzy,2.895640569108177,1.22,5
mmkay,3.511116682856524,1.81,4
mneme,3.592315354680338,0.0,5
moais,5.568618205154017,0.0,4
moaky,4.551096984841214,0.0,4
moals,5.531418392012027,0.0,3
moana,4.556893204982172,2.76,4
moans,5.489130771073,3.13,3
moany,4.877309553910607,1.31,4
moars,5.627226197109813,0.0,5
moats,5.525274637804056,2.25,4
mobby,3.403378295003294,0.0,5
mobed,4.678925748834898,0.0,5
mobee,4.419919530008925,0.0,5
mobes,5.275339703969578,0.0,5
mobey,4.658186589911471,0.0,5
mobie,4.894759432060954,0.0,5
moble,4.833659719969687,1.07,4
mobos,4.2507243654154365,1.55,4
mocap,4.52921116575788,1.66,4
mocha,4.424201336071889,2.98,4
mochi,4.199928824864116,2.42,4
mochs,4.625684275787879,0.0,4
mochy,4.016288819364109,0.0,4
mocks,4.60385480907677,3.04,4
mocky,3.99246259768332,0.0,4
mocos,4.344070886336569,0.0,5
mocus,4.833684989509073,0.0,5
modal,4.860304950641099,3.13,4
model,4.993691541240037,5.13,4
modem,4.18529647789584,3.4,4
moder,5.085179633073457,1.93,5
modes,5.425659382857944,3.96,4
modge,4.638268513809497,0.0,5
modii,3.9482580253934025,0.0,4
modin,4.657205999207267,1.45,4
modoc,3.684756046043638,2.2,4
modom,3.1587631906776044,0.0,5
modus,4.913243019028079,2.93,5
moeni,5.024652808660627,0.0,4
moers,5.602701840790389,1.61,5
mofos,4.082812767052658,2.1,5
mogar,4.853176170754304,0.0,4
mogas,5.168373007529252,1.2,4
moggy,3.440207956265988,1.7,5
mogos,4.263540200947082,0.0,6
mogra,4.807621404386144,1.13,4
mogue,4.66353116030278,0.0,4
mogul,4.301662711860683,3.07,4
mohar,4.842532426070656,1.11,4
mohel,4.83204265258996,1.63,4
mohos,4.259790918597474,0.0,4
mohrs,4.998076778446116,0.0,4
mohua,4.510763527985349,0.0,4
mohur,4.427746620860396,0.0,4
moile,5.268658812085304,0.0,4
moils,5.352399206408432,0.0,4
moira,5.217810744621983,3.13,4
moire,5.37718197664776,1.99,4
moist,5.109978417770359,3.69,4
moits,5.348793193437344,0.0,4
moity,4.727244230814285,0.0,3
mojos,3.8298969826713134,1.59,6
moker,4.895639445605426,0.0,4
mokes,5.2448050877793735,1.09,5
mokey,4.623100883303218,1.2,5
mokis,4.95598437598851,0.0,5
mokky,3.408786702569037,0.0,5
mokos,4.235938888133619,0.0,5
mokus,4.726907701836629,0.0,4
molal,4.3450682508758325,0.0,4
molar,5.187103674360057,2.99,4
molas,5.530501188242615,1.48,4
molds,5.073674095165999,3.12,4
moldy,4.4710235154906135,2.69,4
moled,5.054653613282433,0.0,4
moler,5.276374218762483,1.45,5
moles,5.656162949085311,3.07,4
moley,5.0371754491357486,2.09,4
molie,5.273360433570637,0.0,5
molla,4.325392355921164,1.89,4
molle,4.475025980675881,2.22,4
mollo,3.453689942002228,1.3,4
molls,4.534610422317177,1.67,4
molly,3.9208357247089705,3.87,4
moloi,4.196489537386451,1.38,4
molos,4.628403317971769,0.0,4
molto,4.180764676651767,2.31,3
molts,5.257868223919725,1.7,4
molue,5.032214427103902,0.0,5
molvi,4.206397058350494,1.43,3
molys,4.947428808338423,0.0,4
momes,4.814400474935834,0.0,5
momie,4.432432374199067,0.0,5
momma,3.3182114385852914,3.41,5
momme,3.469085480224917,1.3,5
mommy,2.911604529888367,3.89,5
momos,3.7931069738505303,1.66,4
mompe,4.1081039113956805,0.0,4
momus,4.284019973718259,1.59,5
monad,4.937998541288954,2.35,4
monal,5.02172025069066,1.27,5
monas,5.497548317221233,1.64,4
monde,4.972013246494664,3.04,3
mondo,3.965818277923132,2.79,4
moner,5.2600511235572975,1.57,4
money,4.999537481232629,5.64,4
mongo,3.79248691971656,2.52,5
mongs,4.871163573339591,1.3,6
monic,4.556781938744175,1.54,4
monie,5.238062068905073,1.81,3
monks,4.865240630096507,3.72,6
monos,4.590467927504314,1.68,4
monpe,4.921106978988618,0.0,5
monte,5.168906191428207,3.69,4
month,4.496220769387821,5.25,4
monty,4.61237708331302,3.55,4
moobs,4.250692504503837,1.79,5
mooch,3.606524730399575,2.43,4
moods,4.443379001484645,3.37,5
moody,3.831757540980351,3.7,5
mooed,4.412244989892884,1.18,5
mooey,4.384036484311293,0.0,5
mooks,4.2686153441852674,1.88,4
moola,4.416971089996951,1.87,5
mooli,4.199820125894097,1.13,4
mools,4.635848492286232,0.0,4
mooly,4.014478639282301,0.0,6
moong,3.7778004880468807,1.68,4
mooni,4.161770342599999,0.0,4
moons,4.595453658816559,3.38,5
moony,3.980092125735819,1.81,5
moops,4.383465930572532,1.14,5
moors,4.736983467978939,3.18,4
moory,4.122701845039033,0.0,5
moose,4.731228916314044,3.61,4
mooth,3.90459535654249,1.08,4
moots,4.63036128349212,1.75,5
moove,3.907219659354356,1.28,5
moped,4.781495857495888,2.78,5
moper,5.037177990273119,0.0,4
mopes,5.388157958544471,1.62,4
mopey,4.763339363427523,2.08,5
moppy,3.56246957897764,0.0,5
mopsy,4.570173161819303,1.36,4
mopus,4.856897493931977,0.0,4
morae,5.573210171480647,1.11,3
morah,4.955341883602253,0.0,4
moral,5.187694468143585,4.46,4
moran,5.188553035306987,3.41,3
moras,5.674670272970168,1.56,3
morat,5.251868398004404,1.38,3
moray,5.064735936983586,3.02,4
moree,4.944960091720569,2.29,3
morel,5.329173889503881,2.62,3
mores,5.793234663895055,2.82,4
morgy,4.457015204613887,1.01,3
moria,5.251283754419606,2.62,3
morin,4.998180799931741,2.65,3
mormo,3.506124753520405,0.0,4
morna,5.17265132887227,1.76,3
morne,5.313039238961967,2.29,4
morns,5.364386546554958,1.24,4
moron,4.279692407803755,3.75,4
moror,3.653174709008242,0.0,4
morph,4.43647643953675,3.07,4
morra,4.51288555065978,2.05,4
morro,3.640120997922899,2.46,4
morse,5.5262346995232505,3.52,3
morts,5.406672777938396,1.81,4
moruk,4.468357080428016,0.0,5
mosed,5.233110729889496,0.0,4
moses,5.032500608303206,3.98,6
mosey,5.1914051024254455,2.18,4
mosks,4.283380591744292,0.0,5
mosso,3.807112935555189,1.66,4
mossy,4.242941459844361,2.64,4
moste,5.385571337984548,1.24,4
mosto,4.378009565205203,1.22,4
mosts,4.637812670918705,1.15,5
moted,4.9984360863642285,0.0,5
motel,5.155702750428661,3.61,4
moten,5.130271006515415,1.69,4
motes,5.60452628525434,2.38,4
motet,4.486701987355517,1.96,4
motey,4.986529430114113,0.0,4
moths,4.886488759925461,3.21,4
mothy,4.275476990075685,0.0,4
motif,4.340460854393308,3.4,4
motis,5.307141534438536,0.0,4
moton,4.099425391000779,1.64,4
motor,4.267960598250942,4.53,4
motte,4.4622539554159975,2.5,4
motto,3.441866764955662,3.72,4
motts,4.515759126224634,1.52,5
motty,3.905906325319181,1.17,4
motus,5.076355901924228,1.8,4
motza,4.280655994428428,1.13,4
mouch,4.099214836100462,1.31,4
moues,5.489357482810358,0.0,5
moufs,4.600500638273019,0.0,5
mould,4.563885566336197,3.45,5
moule,5.040285680932848,1.87,5
mouls,5.131541932136281,0.0,4
moult,4.688712427267672,2.25,4
mouly,4.510407985919791,1.15,4
mound,4.528696576818162,3.6,5
mount,4.655743261078935,4.47,4
moups,4.87895832168328,0.0,5
mourn,4.7446491932745545,3.43,3
mouse,5.21872620179342,4.31,4
moust,4.891166204020917,0.0,4
mousy,4.690927600025859,2.01,4
mouth,4.398713862094292,4.83,4
moved,4.407014458706487,5.01,5
mover,4.658985436166687,3.21,4
moves,5.008585970254673,4.59,6
movie,4.622450560373979,5.16,5
mowas,4.987154118143334,0.0,4
mowed,4.510636551610586,2.77,5
mower,4.761146207917403,3.1,4
mowie,4.720434380008967,0.0,5
mowra,4.620648317820312,0.0,4
moxas,4.730923263852376,0.0,5
moxie,4.458569328906084,2.55,5
moyas,5.2272123230871,0.0,4
moyle,4.914267128267107,2.08,4
moyls,4.968735709116449,0.0,5
mozed,4.302776477988843,0.0,6
mozes,4.9012606683574935,1.4,6
mozos,3.880601753803232,0.0,6
mpret,4.903909504330067,0.0,3
mrads,5.286359772282022,0.0,4
msasa,3.9486127280669354,0.0,4
mtepe,4.155713435613539,0.0,4
mucho,3.972896134512375,2.59,4
mucic,3.471433423869371,0.0,4
mucid,4.2130822776909405,0.0,4
mucin,4.291848971153377,2.03,4
mucko,3.952596510701372,0.0,4
mucks,4.307894724383784,1.77,4
mucky,3.6948713002446913,2.29,4
mucor,4.485933320602789,1.44,4
mucro,4.438894505200189,0.0,5
mucus,3.8504398454526063,3.15,4
mudar,4.752658663646204,1.14,4
muddy,3.3546708352790477,3.6,5
mudge,4.337040835907918,2.19,5
mudif,3.8896454158908176,0.0,3
mudim,3.59167771595154,0.0,4
mudir,4.544407242265391,0.0,4
mudra,4.698005294268059,2.23,4
muffs,3.5303407419919184,2.18,5
muffy,2.9136955968038425,1.88,5
mufti,3.9981380722837594,2.86,4
mugga,3.5774354888917674,1.11,5
muggs,3.760358356458179,1.67,5
muggy,3.1404074868489573,2.53,4
mugho,3.9057301142468335,0.0,4
mugil,4.246741121184841,1.16,4
mugos,4.722813257762482,0.0,5
muhly,3.982844899188928,1.68,4
muids,4.874078275506768,0.0,5
muils,5.069338038577143,0.0,5
muirs,5.170919532216496,0.0,4
muiry,4.547904570952055,0.0,4
muist,4.8205651261292495,0.0,4
mujik,3.4630120738063006,0.0,5
mukim,3.4021192878519897,1.03,4
mukti,4.151522887434576,2.05,5
mulai,4.819422483351244,1.35,4
mulch,3.936440872126468,2.9,3
mulct,4.252311565991718,0.0,3
muled,4.758438295586388,0.0,4
mules,5.367065727875168,3.11,4
muley,4.746675594212324,1.75,4
mulga,4.439301312177372,1.69,4
mulie,4.986755887109773,0.0,4
mulla,4.055826757542269,2.22,4
mulls,4.236559804352212,2.31,6
mulse,5.085017086833113,0.0,4
mulsh,4.432648442980455,0.0,4
mumbo,3.378220011555717,2.57,5
mumms,3.228628757873219,0.0,6
mummy,2.6096301628520875,3.57,5
mumph,3.13913292360264,0.0,5
mumps,3.874063780179256,2.81,5
mumsy,3.6973269421633135,1.67,4
mumus,3.2969921514091,0.0,5
munch,3.900756946881228,3.08,5
munds,4.735487928079781,1.16,5
mundu,3.4432025276944263,1.49,4
munga,4.399422826539699,1.37,4
munge,4.509420496542819,1.04,5
mungi,4.152450804252862,0.0,4
mungo,4.2153617257294975,2.44,4
mungs,4.572068252582175,0.0,5
mungy,3.9602622734672894,0.0,5
munia,4.824516956150552,1.14,4
munis,5.028321854412259,1.85,5
munja,3.964868424716188,0.0,4
munjs,4.141262358802475,0.0,5
munts,4.924291643033182,0.0,4
muntu,3.625565935012528,1.29,4
muons,5.072428688372416,1.97,4
mural,4.923464707033184,3.49,4
muras,5.4149114052856016,0.0,3
mured,4.906582056940737,0.0,3
mures,5.50531539420295,1.52,4
murex,4.306511947284728,1.88,3
murgh,4.030327407260191,1.05,3
murgi,4.3464068797922994,0.0,3
murid,4.645409274563952,1.65,4
murks,4.747200182220068,1.09,5
murky,4.136568329330078,3.12,4
murls,5.084132145843888,0.0,5
murly,4.476476650254285,0.0,4
murra,4.240793535999357,1.3,4
murre,4.3523667801793815,1.32,5
murri,3.9971094246549175,1.38,4
murrs,4.415103852113908,0.0,5
murry,3.803689753059737,2.25,4
murth,4.376424414288592,0.0,4
murti,4.692770743482677,1.89,4
muruk,3.4807920999738444,0.0,3
murva,4.30569172613937,0.0,4
musar,5.140302489644875,1.09,4
musca,4.70110309966345,1.76,4
mused,4.941649526695527,2.67,4
musee,4.713151348370139,2.29,4
muser,5.199062738192009,1.36,4
muses,4.745938419657436,3.04,4
muset,5.128732870589377,0.0,4
musha,4.639633617628277,1.76,4
mushy,4.185712785617826,2.94,4
music,4.499094402299154,5.52,4
musit,4.825852647988817,0.0,4
musks,3.9862558187097767,1.5,4
musky,4.157401818599282,2.43,4
musos,4.467128765726645,1.34,5
musse,4.50348706962592,1.27,4
mussy,3.94659498438396,1.58,5
musta,4.973838069509797,2.27,4
musth,4.432592881131757,1.46,3
musts,4.339711898741673,1.95,5
musty,4.517661442490453,2.83,5
mutas,5.230426877041704,0.0,4
mutch,3.890929162755044,2.18,4
muted,4.705484154878311,3.42,4
muter,4.96533685915304,1.37,3
mutes,5.319023166951821,2.45,4
mutha,4.410202424316345,2.16,4
mutic,4.261789805841962,0.0,4
mutis,5.022095907368396,1.13,4
muton,4.551890899494294,0.0,4
mutti,3.8027386339592737,1.87,5
mutts,4.21651506029293,2.42,4
mutum,2.8167357355892224,1.2,4
muvva,3.2328336869030623,0.0,5
muxed,3.955992816471768,0.0,4
muxes,4.56077465977793,0.0,5
muzak,3.723348369300898,2.06,5
muzzy,2.6724129170622186,2.0,5
mvula,4.099467057461202,1.57,4
mvule,4.203487728945872,0.0,5
mvuli,3.847959380933456,0.0,5
myall,3.9354412114639703,1.62,4
myals,5.079419708971776,0.0,4
mylar,4.7653160330363225,2.37,4
mynah,4.349997571991188,1.64,4
mynas,5.053156001154807,0.0,5
myoid,4.449518398734912,0.0,4
myoma,3.897000274439106,1.23,4
myons,4.884871811727119,0.0,4
myope,4.610208420312566,0.0,4
myops,4.670956105171613,0.0,5
myopy,3.4547318737558754,0.0,4
myrrh,3.5116386556985124,2.56,4
mysid,4.48352057597332,1.09,3
mysie,4.984387554532743,0.0,4
mythi,3.9954055546748553,0.0,4
myths,4.381550828983847,3.75,4
mythy,3.1727172205450733,0.0,4
myxos,4.097392814111638,0.0,5
mzees,4.214180414449266,0.0,4
naams,4.828259076654724,0.0,4
naans,4.348913910621429,1.14,5
naats,5.078476381070826,0.0,3
nabam,4.031972275704544,0.0,4
nabby,3.733710739160724,1.49,5
nabes,5.571105369093608,0.0,6
nabis,5.300769784998666,1.51,4
nabks,4.854491073394355,0.0,4
nabla,4.260343584904868,1.15,5
nabob,3.968795440586736,1.68,4
nache,4.879257761246226,0.0,4
nacho,4.552305091623758,3.02,4
nacre,5.33979691238712,1.68,3
nadas,4.89148720204277,1.03,4
nadir,5.154426531077233,2.86,3
naeve,4.382000589940716,0.0,4
naevi,4.7310672423014495,0.0,4
naffs,4.14846896184551,0.0,5
nagar,4.411273864732845,3.07,4
nagas,4.730219250204094,2.15,4
nages,5.57699417880104,0.0,6
naggy,3.7632779923180673,1.54,4
nagor,4.968841314250434,0.0,4
nahal,4.250341769279692,1.91,5
naiad,4.639009222935342,1.77,4
naibs,5.298153233112469,0.0,4
naice,5.31783577285013,0.0,3
naids,5.485733306214447,0.0,4
naieo,5.528750482752452,0.0,4
naifs,5.147662560285775,0.0,4
naiks,5.318742360457261,0.0,3
nails,5.666092364170641,4.04,3
naily,5.046264419211825,0.0,3
nains,4.936358842654402,0.0,5
naios,5.697887742983616,0.0,4
naira,4.835006395633029,2.63,4
nairu,5.102279558565397,1.55,4
naive,4.941765196636498,3.75,3
najib,4.045915375412897,2.76,4
nakas,4.710870838418077,1.01,5
naked,4.946733226972546,4.43,5
naker,5.1905996392341045,0.0,4
nakfa,3.729692878916187,0.0,4
nalas,5.077618026071053,1.43,4
naled,5.34213885812156,1.14,3
nalla,3.8938249509525793,1.68,4
namad,4.299666004282877,0.0,4
namak,4.064659774381415,1.47,5
namaz,3.697302402111491,1.84,4
named,5.111447085523562,4.95,4
namer,5.348849171247799,1.68,5
names,5.703398885297229,4.91,4
namma,3.574859968808895,1.8,4
namus,5.191446930231948,1.22,4
nanas,4.362717360190329,1.84,5
nance,4.52058226138281,2.9,4
nancy,3.9716743657590623,4.14,4
nandu,4.018339921252503,2.0,5
nanna,3.0732391908648475,2.5,5
nanny,3.4076063997667467,3.59,5
nanos,4.913621688039006,1.98,5
nante,4.7889110048672725,1.28,4
nanti,4.431620224272028,1.26,3
nanto,4.453374333424843,1.35,3
nants,4.847997252028648,1.14,6
nanty,4.238736967301898,1.37,3
nanua,3.750634924417172,0.0,5
napas,4.840537037463423,0.0,3
naped,5.087302320147167,1.32,5
napes,5.684620569163975,1.43,4
napoh,4.668714800101137,0.0,4
napoo,4.30558801572917,0.0,5
nappa,3.562210818140221,2.25,4
nappe,4.437292167938564,1.56,4
nappy,3.891574207157897,2.88,4
naras,5.229383335054951,1.32,4
narco,5.068115390200636,2.57,3
narcs,5.446694834186191,1.94,4
nards,5.530488970324337,1.4,4
nares,6.074924674941588,2.12,3
naric,5.067190940213261,0.0,3
naris,5.806354399155041,1.32,3
narks,5.363373227366701,1.3,3
narky,4.763042370238783,1.3,4
narod,5.24412090783664,1.39,4
narra,4.091574871363449,1.83,4
narre,4.963144923502087,1.66,4
nasal,4.808709862693977,3.49,3
nashi,5.010102470085385,1.82,3
nasho,5.035923180717261,0.0,3
nasis,5.05769695149841,0.0,4
nason,4.669496812012889,2.03,4
nasty,5.136756143783452,4.22,3
nasus,4.813747452919462,1.67,4
natak,4.266942495958695,1.57,4
natal,4.581101095305117,3.41,4
natch,4.517378446095558,2.15,4
nates,5.9020532831622825,1.83,3
natis,5.636344621504744,0.0,3
natto,4.453391287440756,1.84,3
natty,4.238329563523891,2.75,3
natya,4.310926845283624,1.58,3
nauch,4.420960777370401,0.0,3
naunt,4.285962882415006,0.0,3
naval,3.9921253453100434,4.24,5
navar,4.143881121193655,1.29,4
naved,4.708899998803311,1.51,5
navel,4.846579559913424,2.95,4
naves,5.300639350229455,1.85,5
navew,4.345925554972807,0.0,4
navvy,3.4233114231706314,1.61,5
nawab,3.736964254147893,2.6,4
nawal,4.0938619218612695,2.16,5
nazar,4.028027685340332,2.29,4
nazes,5.193222453708921,0.0,6
nazir,4.605568294380984,2.56,4
nazis,4.925199919578861,3.94,4
nazzy,3.297955777331253,0.0,5
nduja,3.821147469908052,1.13,4
neafe,4.470335283642965,0.0,3
neals,5.80307575228875,1.4,3
neant,4.668529991109782,0.0,4
neaps,5.566245462066715,0.0,4
nears,5.903597992095616,2.88,5
neath,5.096774952901797,2.84,3
neato,5.388433712355064,2.06,4
neats,5.80968699161279,1.03,3
nebby,3.679186568698165,1.08,4
nebek,4.007623531257704,0.0,4
nebel,4.336319970354674,1.74,4
neche,4.093169659114604,0.0,4
necks,4.873767099745859,3.4,4
neddy,3.919690544660885,1.95,4
neebs,4.658122392526847,0.0,4
needs,4.838223441782578,5.37,3
needy,4.2326238754000105,3.58,4
neefs,4.506624752846229,0.0,4
neeld,4.45417665879696,1.46,3
neele,3.953739392511552,1.4,4
neemb,3.964332534940256,0.0,3
neems,4.787938793934507,0.0,4
neeps,4.788700855470999,1.32,4
neese,4.144239218369876,1.7,5
neeze,3.232060716101179,0.0,4
nefie,4.275604083567549,0.0,4
negri,4.8642167318876135,2.21,4
negro,4.912709878496018,3.73,4
negus,5.005556339370791,2.26,5
neifs,5.107172060331468,0.0,5
neigh,4.560872470217326,2.49,5
neist,5.401291664586118,1.1,4
neive,4.180237666397092,0.0,4
nelia,5.410875191953108,1.3,3
nelis,5.617432929717252,1.49,3
nelly,4.181597779107143,3.16,4
nemas,5.584205279920543,0.0,3
nemic,4.639862589876018,0.0,5
nemns,4.575791840891174,0.0,4
nempt,4.60594858460419,0.0,5
nenes,4.427240106527779,0.0,5
nenta,4.6259664922334505,0.0,4
neons,4.934775102842295,1.82,4
neosa,5.582834495245122,0.0,4
neoza,4.668374690789068,0.0,3
neper,4.548992717948766,0.0,3
nepit,4.950035941077065,0.0,4
neral,5.471771663336718,1.46,4
neram,5.283952698232068,0.0,3
nerds,5.475621950275786,3.36,3
nerdy,4.879393320080905,3.17,4
nerfs,5.148197714428737,1.77,4
nerka,5.143013810661577,1.12,4
nerks,5.312339737055217,0.0,3
nerol,5.282878403758427,0.0,4
nerts,5.669838399502977,0.0,3
nertz,4.527533976958881,0.0,4
nerve,4.242187302760468,4.19,4
nervy,4.434563424151684,2.25,5
neski,4.950972636187005,0.0,3
nests,4.911340974711221,3.43,2
nesty,5.072657522945998,1.39,4
netas,5.783309250342471,1.12,3
netes,5.114437956735336,0.0,4
netop,4.888042208888802,0.0,5
netta,4.619950171352875,1.89,4
netts,4.789557835404063,0.0,4
netty,4.183629497259734,1.73,4
neuks,5.039971821359356,0.0,4
neume,4.340182777792044,0.0,4
neums,5.150878832145495,0.0,4
nevel,4.063945230294267,1.59,4
never,4.166906667620275,5.91,4
neves,4.511934348708771,2.55,4
nevis,4.989364443577784,2.83,4
nevus,4.737958654237937,1.94,5
nevvy,3.363543154392413,0.0,4
newbs,4.629955532650747,1.51,4
newed,4.043031588814667,0.0,4
newel,4.182140895158216,1.88,4
newer,4.283858578863128,3.94,4
newie,4.283915410962112,0.0,5
newly,4.38627105743687,4.42,4
newsy,4.561747300338074,1.92,4
newts,5.011147175822623,2.21,4
nexal,4.557073633871638,0.0,4
nexin,3.665194365454311,0.0,4
nexts,4.730780743558683,1.02,4
nexum,3.873236362052411,0.0,4
nexus,4.570616429675674,3.65,5
ngaio,4.733714445699763,1.47,4
ngaka,3.789937036096096,0.0,4
ngana,3.4152201534638533,0.0,5
ngapi,4.393127633770645,0.0,4
ngati,4.646422729149957,1.83,3
ngege,3.4007955437926367,0.0,4
ngoma,4.4551584974519045,1.57,4
ngoni,3.751698242714887,1.58,4
ngram,4.531871559366309,1.32,3
ngwee,3.809072852921169,0.0,4
nibby,3.4519614830725187,0.0,5
nicad,4.765197683632731,1.27,4
niced,4.824789055688603,0.0,5
nicer,5.066359471248812,3.65,5
nicey,4.795577315337789,1.76,4
niche,4.614409689378641,3.85,4
nicht,4.238622497303857,2.87,3
nicks,4.651991726791532,3.07,5
nicky,4.037951802332034,3.5,4
nicol,4.671757176065586,2.78,3
nidal,4.928707352390061,2.06,4
nided,4.283804694914495,0.0,4
nides,5.477203729920384,0.0,4
nidor,4.890725242207617,0.0,4
nidus,4.947455378718542,1.81,4
niece,4.502554842570837,3.82,4
niefs,5.0338765980935705,0.0,3
niess,4.9500103887465015,0.0,4
nieve,4.127734283094389,1.95,4
nifes,5.158066843648211,0.0,4
niffs,3.873436433792193,0.0,5
niffy,3.2589394199732933,0.0,6
nifle,4.710543063673289,0.0,3
nifty,4.156062844756287,3.17,4
niger,4.983484699305217,3.45,5
nigga,3.923067829473389,3.63,4
nighs,4.598179310204907,0.0,5
night,4.168068427014491,5.61,4
nigre,4.996349160188513,0.0,5
nigua,4.580102555953571,0.0,5
nihil,3.764240022197536,2.19,3
nikab,4.389639600114395,0.0,5
nikah,4.495506193910289,1.93,5
nikau,4.538991478603835,0.0,5
nilas,5.58930882631193,0.0,5
nills,4.568622130631818,0.0,4
nimbi,3.4962050265377003,0.0,4
nimbs,4.682627230107546,0.0,4
nimby,4.068148489073637,2.07,4
nimps,4.812286589007711,0.0,3
niner,4.615060965592091,2.31,4
nines,4.966633840135031,2.84,6
ninja,3.6089006983267216,3.87,4
ninny,3.124974530505685,1.93,6
ninon,3.414658747709978,1.75,4
ninta,4.401366007952558,0.0,4
ninth,3.849986360774758,4.07,4
niopo,4.11691641233803,0.0,4
nioza,4.459400406152981,0.0,4
nipas,5.346275631030895,0.0,4
nipet,5.022307147679526,0.0,4
nippy,3.611817252426644,2.38,5
niqab,3.8860578849671943,2.51,5
nirls,5.405999700709759,0.0,4
nirly,4.800536171333835,0.0,4
nisei,4.703124429243385,2.09,4
nisin,3.6247540911529152,1.24,4
nisse,4.856385556566358,1.51,3
nisus,4.53432634756934,1.8,5
nital,5.085972655916884,0.0,3
niter,5.306299086304171,1.45,3
nites,5.657171593471823,1.63,4
nitid,3.996232269576282,0.0,4
niton,4.207506971870571,1.26,4
nitre,5.327948687356915,1.51,3
nitro,5.01623109079179,3.23,4
nitry,4.761224054781703,0.0,4
nitta,4.399654562559407,1.7,4
nitto,4.214079320787557,1.85,4
nitty,3.95715557022455,2.7,4
nival,4.497173436885968,1.17,4
nivas,4.971114198616448,1.18,4
nivel,4.601596636657141,1.54,3
nixed,4.301040006585621,2.28,4
nixer,4.541550754536697,0.0,5
nixes,4.8927455529070425,1.69,4
nixie,3.742566471266668,1.88,4
nizam,4.165939389215422,2.55,5
njirl,4.082183196271884,0.0,4
nkosi,4.667068171837649,2.0,4
nmoli,4.594647807516848,0.0,4
nmols,5.019302286441722,0.0,4
noahs,5.311443705578162,1.61,4
nobby,3.532478536107527,2.23,5
noble,4.944355147096118,4.24,4
nobly,4.393296306265697,2.39,4
nocks,4.7293270970783885,1.25,5
nodal,4.974404660267765,2.55,4
noddy,3.781249320485812,2.22,4
noded,4.354255892599404,0.0,4
nodes,5.544070903323999,3.78,5
nodum,4.336681838641177,0.0,4
nodus,5.035993608127573,1.29,5
noels,5.614414012504531,1.43,3
noema,5.12369067057587,1.38,3
noeme,4.584813617844319,0.0,4
nogal,4.812129647986525,1.36,4
noggs,4.176158241794626,1.17,5
noggy,3.5648904728926154,0.0,5
nohow,3.401326359617704,1.43,4
noias,5.698677548929937,0.0,5
noils,5.45974789681622,0.0,4
noily,4.840062650899946,0.0,3
noint,4.304807646726018,0.0,4
noire,5.493599564226328,2.7,5
noirs,5.563967634653691,2.14,4
noise,5.556228803077851,4.55,3
noisy,5.017281779817201,3.67,3
nokes,5.365789028603969,1.93,5
noles,5.758376720462009,1.9,3
nolle,4.584602238295142,1.54,4
nolls,4.64077865395397,0.0,3
nolos,4.732508959423971,0.0,3
nomad,4.853060973435242,3.07,4
nomas,5.410546291984371,1.27,4
nomen,4.371316064389819,2.21,5
nomes,5.527201915375947,1.61,5
nomic,4.471505888178804,1.22,4
nomoi,4.08165052967861,0.0,4
nomos,4.507557361146541,2.09,4
nonan,3.65739426715375,0.0,5
nonas,4.920665075274573,0.0,5
nonce,4.330210933593805,2.44,4
noncy,3.7730427631132857,0.0,4
nonda,4.269621899844912,0.0,4
nondo,3.3917576178924955,0.0,4
nones,5.039341375204844,1.83,4
nonet,4.62630497259766,1.39,4
nongs,4.297279879758141,0.0,4
nonic,3.9878303227638847,0.0,4
nonis,4.737489963548815,1.87,4
nonna,3.61665612189549,2.21,5
nonno,2.738602226706796,1.66,4
nonny,3.207586441321589,1.61,5
nonyl,3.896943282905241,0.0,4
noobs,4.374180758781579,2.42,5
noois,4.827740082740263,0.0,4
nooit,4.403939119716998,1.32,3
nooks,4.393642935167997,2.59,5
nooky,3.7794762971128018,1.09,5
noone,3.945002989275743,3.08,4
noons,4.025146025017487,1.71,4
noops,4.505097293277395,0.0,4
noose,4.846054230405624,2.98,3
noove,4.032675168365333,0.0,4
nopal,4.916951273507279,1.67,4
noria,5.36894935215211,1.56,4
norie,5.531218799317555,1.22,4
noris,5.599370145294208,1.47,4
norks,5.164948386268861,1.15,4
norma,5.077713063483506,3.33,3
norms,5.271577820965111,3.76,4
north,4.799961112283386,5.34,4
nosed,5.353329425229628,3.14,4
noser,5.595061557853494,1.59,4
noses,5.15151704179942,3.45,5
nosey,5.307992742079389,2.55,4
noshi,4.8074353435214014,0.0,3
nosir,5.326036888353333,0.0,4
notal,5.132051843983772,0.0,3
notam,4.919561890350295,1.77,4
notch,4.3173031496324406,3.78,3
noted,5.1309356862345705,4.69,4
noter,5.376467523910763,1.27,3
notes,5.726158472130691,4.84,4
notum,4.499265169116439,1.17,4
nougs,4.900174144028124,0.0,4
nouja,4.223907265267172,0.0,4
nould,4.676603597637459,0.0,4
noule,5.149259903109071,0.0,4
nouls,5.238735604284474,0.0,4
nouns,4.522416160959464,3.26,4
nouny,3.900755073005744,0.0,4
noups,5.00677018697268,0.0,4
noust,5.012454290843565,0.0,4
novae,4.901640306465321,2.03,3
novas,5.019901461673526,2.1,5
novel,4.673660533848202,4.63,3
novia,4.592060250151867,1.92,3
novio,3.7542219308872697,1.57,4
novum,3.901811435310676,2.05,4
noway,4.4930431386916485,1.91,4
nowds,4.66179829623558,0.0,5
nowed,4.638426292834597,0.0,4
nowls,4.837486595112652,0.0,4
nowts,4.851065988352982,0.0,4
nowty,4.240907485648837,0.0,4
noxal,4.375104879810422,0.0,5
noxas,4.848294953390422,0.0,5
noxes,4.961580864546644,0.0,6
noyau,4.696584113525737,0.0,5
noyed,4.889587189984884,0.0,5
noyes,5.448958110650838,2.62,4
nrtta,4.39932512839061,0.0,3
nrtya,4.801802217337254,0.0,4
nsima,4.906877423525058,0.0,4
nubby,3.232006367434812,1.65,4
nubia,4.6056585475693455,2.45,4
nucha,4.278348555719963,0.0,4
nucin,3.731454803230706,0.0,4
nuddy,3.4818199101216583,0.0,4
nuder,4.909381667238375,0.0,4
nudes,5.258216346346005,3.24,4
nudge,4.459357880253791,3.22,4
nudgy,3.925392283406818,0.0,4
nudie,4.895868782377047,2.22,4
nudzh,3.416319960758971,0.0,4
nuevo,4.317636991963112,2.76,3
nuffs,3.65008125665818,0.0,5
nugae,4.919636168702058,0.0,4
nujol,3.938833802871872,0.0,4
nuked,4.476832367543031,2.39,4
nukes,5.081002617500235,3.14,4
nulla,4.169250642074225,2.01,4
nullo,3.986817918730824,1.35,3
nulls,4.342569482072163,1.87,3
nully,3.7321004055146174,0.0,3
numbs,4.456305609607982,2.09,5
numen,4.079832163981737,1.55,4
nummy,3.407024785201927,1.3,5
numps,4.586494971067683,0.0,3
nunks,3.994557248333941,0.0,6
nunky,3.3772803806520235,0.0,5
nunny,2.9061604350798147,0.0,6
nunus,3.523540695729258,0.0,5
nuque,3.285666358549141,0.0,4
nurds,5.032200980986409,0.0,4
nurdy,4.439709349114537,0.0,5
nurls,5.176914927080936,0.0,4
nurrs,4.525554068276386,0.0,4
nurse,5.334094112736715,4.4,4
nurts,5.220968701498249,0.0,4
nurtz,4.068512910186976,0.0,4
nused,5.058546253543698,0.0,4
nuses,4.862561245605184,0.0,5
nutso,4.8947423479518415,1.91,4
nutsy,4.614515425170257,1.18,4
nutty,3.7388576680292833,3.19,4
nyaff,3.3769098740906585,0.0,4
nyala,4.291572617934295,1.55,4
nyams,4.946666296867466,0.0,4
nying,3.4534824413019685,0.0,5
nylon,3.85717355011701,3.42,3
nymph,3.676524494440747,2.87,4
nyong,3.5176600778604854,1.42,4
nyssa,4.335345670576221,2.48,4
nyung,3.23901127217478,0.0,4
nyuse,4.865473422091569,0.0,4
nyuze,3.9778697117051354,0.0,5
oafos,4.506971748488965,0.0,5
oaked,4.970605179369104,1.49,3
oaken,5.1040109595233645,1.94,3
oaker,5.225309325847625,0.0,4
oakum,4.387272794391027,1.51,4
oared,5.532970541680277,1.59,3
oarer,4.978850148162788,0.0,3
oasal,4.886715000537055,0.0,4
oases,5.350421735548697,2.36,4
oasis,5.082427795862398,3.56,4
oasts,5.033766555892342,0.0,3
oaten,5.471250938362875,1.55,4
oater,5.590925004522976,0.0,3
oaths,5.279296306542189,2.91,3
oaves,5.326407067418458,0.0,5
obang,4.292372793727322,0.0,4
obbos,3.439859964971747,0.0,4
obeah,4.600597417127551,1.81,4
obeli,4.673880437381632,0.0,4
obese,4.493946665396252,3.68,3
obeys,4.785105203930831,2.67,5
obias,5.1992020992686125,0.0,5
obied,4.744712344461159,0.0,4
obiit,3.832936975864387,1.18,4
obits,4.965865698958702,2.05,4
objet,4.050909272900114,2.03,4
oboes,4.683895938520304,1.94,4
obole,4.221706051674016,0.0,4
oboli,3.869148056910792,1.17,4
obols,4.306734189092993,1.11,4
occam,3.7302304816496767,1.72,4
occur,3.689955615120257,4.47,4
ocean,4.956596696998392,4.7,4
ocher,4.638603150455743,2.04,4
oches,4.972984324725134,0.0,4
ochre,4.637334935752192,2.69,4
ochry,4.095525612191133,0.0,5
ocker,4.620522626898983,1.76,4
ocote,4.325807358534727,0.0,4
ocrea,5.293308531599043,0.0,3
octad,4.642637180393505,0.0,4
octal,4.745576470260099,2.13,4
octan,4.734826139808749,1.08,4
octas,5.20408933131908,0.0,3
octet,4.213193177820764,2.24,4
octic,3.727980569189876,0.0,4
octli,4.515003352917515,0.0,3
octyl,4.187532404832817,1.5,3
oculi,4.396548549203572,1.73,3
odahs,4.9500458664626885,0.0,4
odals,5.290328251451672,0.0,4
odder,4.250664143027596,2.1,4
oddly,3.613122571984517,3.56,4
odeon,4.181807150912913,2.57,4
odeum,4.386317205335499,1.07,4
odism,4.611772689227549,0.0,4
odist,4.85618190921905,0.0,4
odium,4.2417772845437,2.0,5
odoom,2.967501444815557,0.0,4
odors,4.552373825202415,2.97,4
odour,3.977737349159765,2.96,4
odums,4.648453303803509,0.0,5
odyle,4.662585361667811,0.0,4
odyls,4.7318334855390844,0.0,4
ofays,4.660408543700738,0.0,5
offal,3.6303885416435775,2.51,4
offed,3.624342279871238,2.13,4
offer,3.8778674469961225,5.05,4
offie,3.826723062469271,1.48,5
oflag,4.192927338510352,1.02,4
often,4.608653695516307,5.41,4
ofter,4.730926971187055,1.49,4
ofuro,3.6424482147264823,0.0,4
ogams,4.899467997336912,0.0,4
ogeed,4.167849727035144,0.0,5
ogees,4.757068449715369,0.0,5
oggin,3.6297343597214535,0.0,4
ogham,4.084673516778699,1.56,4
ogive,4.233505243420916,1.62,4
ogled,4.6796248584498015,1.88,5
ogler,4.906537915251549,0.0,5
ogles,5.278960937098102,1.47,5
ogmic,3.9612729486990887,0.0,4
ogres,5.424804925316692,2.49,3
ohelo,4.169138922207796,0.0,4
ohias,5.308097046502651,0.0,4
ohing,4.203133918032444,0.0,5
ohmic,4.072986592813368,1.91,3
ohone,4.285377267844066,0.0,5
oicks,4.756249307087922,0.0,4
oidia,4.250561439252808,0.0,4
oiled,5.177889077386176,3.1,3
oiler,5.400513885149564,2.36,3
oilet,5.353649533915678,0.0,3
oinks,5.020944698987069,1.05,4
oints,5.378272420097913,0.0,3
oiran,5.307755191544086,1.17,3
ojime,4.243023377656631,0.0,5
okapi,4.430352864248035,1.85,4
okays,4.808197051847068,1.7,4
okehs,4.762390510566953,0.0,4
okies,5.323554959194637,1.8,4
oking,4.09003839524182,1.05,5
okole,4.210663687498396,0.0,4
okras,5.296221068811141,0.0,3
okrug,4.075284611953256,1.45,3
oktas,5.10169440058529,0.0,4
olate,5.424906831974279,0.0,4
olden,4.98776532156352,2.84,3
older,5.087178605302224,4.92,4
oldie,5.074899874037416,2.65,3
oldly,3.754086114423436,0.0,4
olehs,5.175409642022236,0.0,4
oleic,4.827573674671807,2.19,4
olein,5.091389765187838,1.05,3
olent,5.033257134375104,0.0,4
oleos,4.921401620594646,0.0,5
oleum,4.644591393079858,1.75,4
oleyl,4.063757086590753,0.0,5
oligo,3.962075146903023,1.8,4
olios,4.772894570182206,0.0,3
oliva,4.496779050205453,2.37,4
olive,4.632222804382104,4.09,4
ollas,4.84017420595212,1.04,3
ollav,3.763711003796709,0.0,4
oller,4.583537679656638,1.57,4
ollie,4.569027428653391,3.3,4
ology,3.734622061952026,2.01,4
olona,4.437083284731712,0.0,4
olpae,5.184697299789709,0.0,4
olpes,5.424906696438705,0.0,4
omasa,4.533132620521549,0.0,5
omber,4.676563280304022,0.0,4
ombre,4.674540665604291,2.59,4
ombus,4.481510255569615,0.0,5
omdah,4.350171622274932,0.0,4
omdas,5.076242962839898,0.0,4
omdda,3.809256840688889,0.0,4
omdeh,4.462566569739931,0.0,4
omees,4.890039325454002,0.0,4
omega,4.643242915798418,3.78,4
omens,5.204238535968703,2.77,4
omers,5.341750642507841,1.56,5
omiai,4.13941893510513,1.15,4
omits,5.090822045820278,2.71,4
omlah,4.5575398672650165,0.0,5
ommel,4.145510363414413,0.0,4
ommin,3.79133219172467,0.0,4
omnes,5.37459639001702,2.03,4
omovs,3.793810475026145,0.0,5
omrah,4.711321619232143,0.0,3
omuls,4.881607335215088,0.0,4
oncer,4.951633618790429,0.0,4
onces,5.300638844644772,1.5,4
oncet,4.885402743213136,0.0,4
oncus,4.759688605276364,0.0,5
ondes,5.361768496029679,1.73,4
ondol,3.933062746162472,0.0,4
onely,4.808440956621952,1.55,4
oners,5.51305082141121,0.0,5
onery,4.910826973923533,0.0,4
ongon,3.063798443665533,0.0,4
onion,3.511740251568335,3.89,4
onium,4.403792928473981,1.07,4
onkus,4.656379833387982,0.0,5
onlap,4.749372155250587,0.0,4
onlay,4.847348803548759,1.27,3
onmun,3.6360709824001622,0.0,4
onned,4.269920368024011,0.0,3
onsen,4.621403833426847,2.36,3
onset,5.355480629366607,3.72,3
ontal,4.946599802349302,0.0,4
ontic,4.48610042874386,1.3,3
ooaas,4.536481093497572,0.0,3
oobit,4.0535455369388025,0.0,4
oohed,4.173217095686423,1.05,4
ooids,4.669719434395967,0.0,4
oojah,3.5085218693465987,0.0,5
oomph,3.56311477710192,2.62,4
oonts,4.750113407542588,0.0,4
oopak,3.9809016303059033,0.0,5
ooped,4.285375235682009,0.0,4
oopsy,4.090163622710159,1.73,4
oorie,4.9091742101458165,0.0,4
ooses,4.526214277380071,0.0,5
ootid,4.250070237874625,0.0,4
ooyah,4.024401800670356,0.0,4
oozed,3.7955091171730606,2.34,4
oozes,4.387949362354205,2.63,4
oozie,4.005026815053837,0.0,5
oozle,3.955063946252076,0.0,4
opahs,4.936727269223651,0.0,4
opals,5.27689762021928,2.34,5
opens,5.207605893459002,4.43,4
opepe,3.6399773366234727,0.0,4
opera,5.104342910025125,4.27,4
opery,4.7423338687646455,0.0,4
opgaf,3.94493133810524,0.0,4
opihi,3.569037283307908,0.0,4
opine,4.96841529832465,2.3,4
oping,4.231275739539157,1.31,4
opium,4.22344059772613,3.46,4
oppos,3.592369698020387,1.23,4
opsat,5.054654200571021,0.0,3
opsin,4.79719690466971,1.58,4
opsit,4.863345162347182,0.0,4
opted,4.757425776570856,3.75,3
opter,5.022280924715311,0.0,4
optic,4.307313899907431,3.65,3
opzit,3.9186319743553937,0.0,4
orach,4.6513290906741975,1.15,4
oracy,4.803612199186384,1.09,4
orals,5.650481337340057,1.69,4
orang,4.8193276519522135,2.69,5
orans,5.623674596208006,0.0,4
orant,5.204745745967434,0.0,2
orate,5.566016227923163,1.49,4
orbat,4.898807910325381,0.0,3
orbed,4.848984976922833,1.39,3
orbic,4.381674570111755,0.0,4
orbit,4.708398654571703,4.03,4
orcas,5.412860526972107,2.74,4
orcin,4.738932163627178,0.0,4
order,4.467006932965969,5.49,4
ordie,5.214184588154962,0.0,4
ordos,4.630485590454543,1.8,3
oread,5.302273971088081,1.3,4
orfes,5.269450852154852,0.0,4
orful,4.248329623884915,0.0,4
organ,4.8485792845919065,4.14,4
orgia,4.914536823279074,0.0,4
orgic,4.38648486117063,0.0,4
orgue,4.816999743148749,1.17,4
oribi,3.942024617835538,1.1,4
oriel,5.399583905044048,2.49,3
origo,4.101623204761314,1.74,4
orixa,4.460461547718479,0.0,4
orles,5.786146611753862,0.0,4
orlon,4.299947872813013,1.21,5
orlop,4.10471353499009,1.09,4
ormer,4.443517372485885,1.23,5
ornee,4.935712733565633,0.0,4
ornis,5.469655238599023,0.0,4
orped,4.953061765809331,0.0,3
orpin,4.756005377070252,0.0,4
orris,4.851614804645123,1.84,4
ortet,4.659410879053239,0.0,4
ortho,3.996444308084107,2.81,4
orval,4.574934986138917,2.01,4
orzos,4.08729974426774,0.0,4
osars,4.960046915582811,0.0,4
oscar,5.023316580847486,4.31,4
osetr,5.26496789737595,0.0,3
oseys,4.505976775967452,0.0,4
oshac,4.505216085763966,0.0,4
osier,5.454724729820684,1.54,3
oskin,4.561740139311823,0.0,5
oslin,4.940709277564748,1.06,3
osmic,4.444706700868632,0.0,4
osmol,4.075442557556495,0.0,4
osone,4.653530533751654,0.0,3
ossia,4.613791020877086,1.28,4
ostia,5.155009179459573,2.3,4
otaku,4.420438456628225,2.66,4
otary,4.9450410585823095,0.0,3
other,4.851510234841635,6.16,3
othyl,4.054193586671757,0.0,4
otium,4.397852111746071,1.39,4
ottar,4.424236186204008,1.23,3
otter,4.509327048052522,3.37,4
ottos,3.866951817715648,1.59,4
oubit,4.453841588175815,0.0,4
ouche,4.470322032027974,0.0,4
oucht,4.133550562246551,0.0,3
oueds,5.214203986027258,0.0,4
ouens,5.378394335236011,0.0,4
ought,4.057434988197609,4.35,4
ouija,4.183466201396403,2.74,4
oulks,4.842475053053752,0.0,4
oumas,5.205248481463572,0.0,4
ounce,4.812467943262482,3.8,4
oundy,4.371589236658254,0.0,4
oupas,5.189370035240087,0.0,5
ouped,4.705056979535775,0.0,4
ouphe,4.512195517928401,0.0,4
ouphs,4.6135282275652685,0.0,4
ourey,5.092479806727692,0.0,3
ourie,5.287519755176203,0.0,3
ousel,5.30981292364814,0.0,3
ousia,5.147499197573112,1.41,4
ousts,4.581138475858049,1.8,4
outby,4.168533478975059,0.0,4
outdo,3.9135898821631474,2.72,4
outed,4.9190525250826855,2.91,4
outen,5.058126407297569,1.84,4
outer,5.178000650029283,4.25,3
outgo,3.748795262817404,1.34,5
outie,5.100975017378042,1.84,5
outre,5.184297707881755,1.91,3
outro,4.213062984679969,2.8,4
outta,4.228908670036854,4.1,4
ouzel,4.369348380405499,1.46,4
ouzos,3.8575186289636254,0.0,4
ovals,4.910648514888251,2.47,4
ovary,4.398949823107531,2.94,5
ovate,4.787012105134164,2.58,4
ovels,4.876179704177626,0.0,4
ovens,4.838050318859901,3.22,5
overs,4.972066446355091,3.56,5
overt,4.547450456218998,3.31,4
ovine,4.585509145806293,1.68,4
ovism,4.2263653512133486,0.0,4
ovist,4.48065131564819,0.0,5
ovoid,3.5804493572244924,2.42,4
ovoli,3.627330344718468,0.0,4
ovolo,2.822628249798161,1.26,4
ovule,4.409128368669458,1.76,4
oware,5.00224815175531,0.0,5
owari,4.649052030696707,2.28,3
owche,4.050405076969505,0.0,5
owers,5.087536779573552,2.01,3
owies,5.207856544549334,0.0,4
owing,3.973577873062456,3.73,5
owled,4.554941869453851,0.0,6
owler,4.778207805436268,2.14,4
owlet,4.728894161513792,1.83,3
owned,4.530433481651649,4.76,4
owner,4.76903079373071,4.83,4
ownio,3.754547643026056,0.0,3
owres,5.298842805135529,0.0,4
owrie,4.908244257971016,0.0,4
owsen,4.867912884335615,0.0,4
oxbow,2.5451722986283567,2.17,4
oxeas,4.935772127347841,0.0,4
oxers,4.827674499745359,0.0,5
oxeye,3.616476943194047,0.0,5
oxide,4.283966586728995,3.66,3
oxids,4.387959873725461,0.0,4
oxies,4.941924697145681,0.0,4
oxime,4.234134990651366,1.66,4
oxims,4.332924559717277,0.0,4
oxine,4.440382259411526,0.0,4
oxlip,3.875001827478497,0.0,3
oxman,4.046600395869582,1.71,4
oxmen,4.171596986524402,0.0,4
oxter,4.494509509565495,0.0,4
oyama,4.113576241682241,2.0,4
oyers,5.334869499456415,0.0,4
ozeki,3.962365923525899,1.55,4
ozena,4.4876044517939775,0.0,4
ozone,3.843426108010659,3.42,4
ozzie,3.600107329989477,2.81,5
paaho,4.221377635738676,0.0,4
paals,4.963114049902022,0.0,4
paans,4.920903699665234,0.0,4
pacai,4.275776127479885,0.0,4
pacas,4.694383926233551,1.02,4
pacay,4.087066217581294,0.0,5
paced,4.948695083812976,3.56,4
pacer,5.206664622001468,2.71,4
paces,5.543902914049527,3.17,5
pacey,4.930656649919613,2.41,4
pacha,3.8900478206925855,2.41,4
packs,4.806678245254579,3.94,3
packy,4.200134218500679,1.63,5
pacos,5.247828283711704,1.25,4
pacta,4.247376655911022,1.34,4
pacts,5.181586063148802,2.61,5
padam,4.078002914311757,1.69,5
padas,4.77008424035608,1.17,4
paddo,4.072949421152261,0.0,5
paddy,3.856471798754869,3.62,4
padis,5.349675953283568,0.0,4
padle,5.188896450399231,0.0,5
padma,4.064785990143431,2.65,4
padou,4.65525569167313,0.0,4
padre,5.296672053581556,3.11,4
padri,4.9504528922948525,1.21,4
paean,4.724853368176552,2.41,4
paedo,5.064585962920512,2.03,4
paeon,5.240015118591341,1.09,4
pagan,4.136651555365183,3.56,4
paged,4.863497965276547,2.45,5
pager,5.121830521747444,2.63,3
pages,5.461762559433641,4.62,4
pagle,5.038524664604504,0.0,4
pagne,5.000719338111285,0.0,3
pagod,4.603909927112616,0.0,4
pagri,4.791978454863855,0.0,4
pahit,4.757306920243326,0.0,4
pahos,5.161464160245012,0.0,4
pahus,4.941267813405893,0.0,4
paiks,5.197737120778966,0.0,3
pails,5.564865780820128,2.15,3
pains,5.510360774781077,3.84,3
paint,5.081636723143959,4.52,4
paipe,4.636907857173672,0.0,5
paips,4.72453904496534,0.0,3
paire,5.57540556493293,1.99,4
pairs,5.661920788976079,4.11,4
paisa,4.806825928445473,2.3,4
paise,5.634807937829023,2.24,4
pakay,3.979887476272441,0.0,5
pakka,3.2845439782413397,2.0,4
pakki,3.804668444514144,0.0,4
pakua,3.974879036348495,0.0,4
pakul,4.467397618995374,0.0,4
palak,4.185896690065329,1.97,4
palar,4.639509915509484,1.01,5
palas,4.976769936021712,1.57,4
palay,4.371109439678697,1.61,4
palea,4.883640838654144,1.29,5
paled,5.231642369558002,2.28,5
paler,5.4598387645545765,2.87,3
pales,5.832014772475564,2.73,3
palet,5.4079264663604265,1.4,3
palis,5.559489202053883,1.34,3
palki,4.688178534138812,0.0,4
palla,3.789262076123864,1.85,4
palls,4.736295913095367,1.43,4
pallu,4.082093934326822,1.46,4
pally,4.126258505929698,2.44,4
palms,5.216706304645816,3.55,4
palmy,4.608078289252623,1.6,4
palpi,4.217311938536732,1.97,4
palps,4.633231129837689,1.97,4
palsa,4.716710722737228,0.0,4
palsy,5.034514383627006,3.2,4
palus,5.311687775725818,1.37,4
pamby,4.21295051946049,1.81,4
pampa,3.4399751061655,2.28,5
panax,3.748389207125208,1.64,4
pance,5.0977940054120685,1.33,4
panch,4.405642818712886,1.96,4
panda,4.304144732557521,3.65,4
pands,5.233854917277409,0.0,4
pandy,4.636160973493441,1.83,4
paned,5.198377454490012,1.96,5
panel,5.34396639065688,4.55,3
panes,5.793347076020264,2.89,4
panga,4.133370114373683,1.84,4
pangs,5.0716230015759605,2.6,3
panic,4.772009560408422,4.26,3
panim,4.831409253836869,0.0,3
panir,5.203205077617226,0.0,3
panko,4.674798850959265,2.01,4
panks,5.069793171295109,0.0,3
panna,3.741694282146392,2.43,5
panne,4.62385552607901,1.73,4
panni,4.26306873877078,1.26,4
panny,4.076716595434197,1.59,4
pansy,4.996107312752333,2.77,4
panto,5.033181353462172,2.4,4
pants,5.42565423152557,4.48,6
panty,4.82176079911999,2.97,5
paoli,5.102391026857873,2.25,4
paolo,4.47972421543877,3.4,4
papad,3.5652673455029795,1.46,5
papal,3.668579211098343,3.4,4
papas,4.126042708996228,2.45,5
papaw,3.1606923768541897,1.73,5
paper,4.633030227263959,5.07,5
papes,4.9730915624416605,1.6,5
papey,4.355277577322423,0.0,5
pappi,3.289550544840791,1.69,5
pappy,3.0984296693657574,2.56,5
papri,4.306226985584505,0.0,5
parae,5.051513502382176,0.0,3
paras,5.122331845046936,2.68,4
parch,4.595637896938354,1.45,4
parcs,5.339615994378206,2.03,4
pardi,5.018107746968268,1.88,4
pards,5.422344964890894,1.34,4
pardy,4.828785992914678,1.84,4
pared,5.381582089761436,2.75,3
paren,5.506309205759154,1.63,4
pareo,5.55620041026342,1.15,3
parer,4.835586804709084,1.55,3
pares,5.972348930787759,2.17,3
pareu,5.310416698467631,0.0,4
parev,4.909289231758663,0.0,4
parge,5.204634679379903,0.0,3
pargo,4.877286685666441,1.49,4
parid,5.149327480685559,0.0,4
paris,5.700932608711038,4.82,3
parka,4.321322077810771,2.76,5
parki,4.84042004991864,1.24,4
parks,5.2551745475478535,4.33,3
parky,4.651572250258285,1.68,5
parle,5.532004803558764,2.25,3
parly,4.989364583015606,1.77,4
parma,4.42547784320769,3.01,4
parmo,4.972328088214457,1.03,4
parms,5.360736861206229,0.0,5
parol,5.208923015875914,1.79,4
parps,4.779261058271577,0.0,5
parra,3.9824432880531697,2.65,5
parrs,4.918421745996285,1.41,5
parry,4.3166228887686735,3.44,4
parse,5.721427888186907,2.98,3
parte,5.554893420480094,2.77,3
parti,5.200029901065491,2.77,3
parts,5.611862653268126,5.07,3
party,5.011623423457446,5.49,3
parve,4.912276977047939,1.11,3
parvo,4.591270470259695,1.87,5
pasag,4.3730440105579325,0.0,4
pasar,4.851841295501356,2.2,3
pasch,4.637066691115858,1.7,4
paseo,5.582356967116751,2.4,3
pases,5.209066772149675,0.0,6
pasha,4.377190457845518,3.14,4
pashm,4.636973571760607,0.0,4
paska,4.350438879109536,0.0,5
pasmo,5.010546068292268,1.13,4
paspy,4.188654668127174,0.0,4
passe,4.99595254743459,2.53,4
passu,4.440387505608624,2.07,4
pasta,4.710024380743655,3.92,4
paste,5.583134190991608,3.91,3
pasts,4.838623452142357,2.64,5
pasty,5.0199738748299625,2.88,4
patas,4.941938812316505,1.63,4
patch,4.401673513302819,4.2,5
pated,5.18238186814129,1.38,3
patee,4.938994089926503,0.0,4
patel,5.341728390377589,3.49,4
paten,5.322507577890889,1.93,4
pater,5.445585597348468,2.52,5
pates,5.787756138835967,1.65,5
paths,5.088588623141755,4.02,4
patia,4.582431316343638,0.0,4
patin,5.040995781260827,1.74,4
patio,5.0818878889990335,3.44,4
patka,4.12726404393021,1.01,5
patly,4.818411567119043,0.0,4
patsy,4.9953483454104415,3.12,4
patta,3.7847866179201977,2.01,4
patte,4.6638931649678925,1.51,4
pattu,4.077117981941547,1.36,4
patty,4.115942973185155,3.58,4
patus,5.276811490288905,0.0,4
pauas,4.8402869526950525,0.0,4
pauls,5.333179996407241,2.61,4
pause,5.405499540021334,4.0,4
pauxi,4.070426677228999,0.0,5
pavan,3.8692681222783616,2.02,5
pavas,4.344086761528371,0.0,5
paved,4.581029817383269,3.62,5
paven,4.715650802089004,0.0,4
paver,4.838415764915678,2.06,4
paves,5.182163855428083,2.5,5
pavid,4.357269005428932,0.0,5
pavie,4.81977096254053,1.02,4
pavin,4.439670048179417,1.62,4
pavis,4.92161953724849,1.14,3
pavon,4.4131564537645245,1.52,4
pavvy,3.2995204174369155,0.0,5
pawas,4.448034766075361,0.0,5
pawaw,3.1030451921662374,0.0,5
pawed,4.701217155040199,1.99,5
pawer,4.957874383989572,0.0,5
pawks,4.577567109438979,0.0,4
pawky,3.9642415315236814,0.0,5
pawls,4.943458112850146,1.2,5
pawns,4.906586049063932,2.99,3
paxes,5.024347271254322,0.0,5
payed,4.9418981996153,2.95,5
payee,4.680455894021836,2.29,4
payer,5.196116259448813,3.22,3
payor,4.939476497590461,1.83,4
paysd,4.79263484158048,0.0,4
peace,4.605768749810069,5.02,4
peach,4.676633648732446,3.77,4
peage,4.526261815588781,0.0,5
peags,5.346926331892009,0.0,5
peake,4.510230812930332,2.59,5
peaks,5.330646157989869,3.87,4
peaky,4.709671514199465,2.47,5
peals,5.705647744461382,1.87,6
peans,5.657702012187716,0.0,4
peare,4.9872531206036905,0.0,4
pearl,5.337257332037066,4.14,4
pears,5.801229321252807,3.16,3
peart,5.39076578777115,2.19,3
pease,5.050612400602399,2.8,4
peasy,5.241725091048802,2.58,3
peats,5.692199641943502,2.07,4
peaty,5.079072640124727,2.29,4
peavy,4.439406383548139,2.18,5
peaze,4.13588295104149,0.0,5
pebas,5.325465951906252,0.0,4
pecan,4.951590883975466,2.93,4
pechs,4.773581144935255,0.0,5
pecia,5.015027882697396,0.0,5
pecke,3.95356311723511,0.0,5
pecks,4.754849653895343,2.28,5
pecky,4.139121197908642,1.16,5
pects,5.129467163990267,0.0,4
pedal,5.045475407575511,3.64,4
pedes,4.811393602226643,1.98,4
pedis,5.297845384213355,2.11,4
pedon,4.81922229372597,0.0,4
pedos,5.294898757451614,2.32,4
pedro,4.958201224810952,3.75,4
peece,3.580987541248565,0.0,5
peeks,4.554663774043729,2.6,4
peeky,3.935197795171456,1.01,5
peels,4.92652806658975,2.8,4
peely,4.309046538991837,1.27,5
peens,4.884952076129184,1.31,4
peent,4.461074507857808,0.0,3
peeoy,4.370422124715571,0.0,5
peepe,3.0176547521578625,0.0,4
peeps,4.083921958402034,3.1,4
peepy,3.470411954486558,0.0,5
peers,5.024431471810993,4.02,4
peery,4.41453051339609,1.54,4
peeve,3.2071431238311576,2.8,5
peevo,3.905705106840193,0.0,4
peggy,3.590153238305432,3.57,5
peghs,4.71384152552345,0.0,5
pegma,4.620521657412621,0.0,4
pegos,5.142791772615728,0.0,5
peine,4.6626609593803705,1.72,4
peins,5.473547651063445,0.0,4
peise,4.8783484234939705,0.0,4
peisy,5.05822810785296,0.0,4
peize,3.963242108999324,0.0,4
pekan,4.836884979362269,1.37,5
pekau,4.629333768454203,0.0,4
pekea,4.451310332650645,0.0,4
pekes,4.635171833931442,0.0,4
pekid,4.527573860061525,0.0,4
pekin,4.637583581045938,2.33,5
pekoe,4.289492308463144,1.71,5
pelas,5.714887755053391,1.19,3
pelau,5.03799772975943,0.0,4
pelch,4.397033711279644,0.0,4
peles,5.042687764744861,1.33,3
pelfs,4.895666368091054,0.0,4
pells,4.697207673769289,1.52,5
pelma,4.991322750631932,0.0,4
pelog,4.71519930956549,0.0,4
pelon,5.019601686356712,1.4,4
pelsh,4.888761622056661,0.0,4
pelta,5.2366074493910135,0.0,4
pelts,5.416813998914871,2.65,6
pelus,5.264945637474999,0.0,5
penal,5.216019729448671,3.46,4
pence,4.315051738459665,3.66,5
pends,5.181891628091705,1.24,5
pendu,4.545773639534023,1.07,4
pened,4.417439031756534,0.0,4
penes,5.007527058460738,1.29,3
pengo,4.664685168355299,1.26,3
penie,4.674248997964663,0.0,4
penis,5.480582534278343,4.05,4
penks,5.019503596649162,0.0,4
penna,4.462348150132431,2.22,5
penne,3.843220383335686,2.47,5
penni,4.234024624193744,1.34,3
penny,4.027720639627805,4.07,5
pense,4.765373462021175,1.98,4
pensy,4.939419516225673,0.0,4
pents,5.3772295220548525,0.0,4
peola,5.294704504750364,0.0,4
peons,5.506978429797667,2.27,4
peony,4.894036171140198,2.57,5
pepla,4.39746181747163,0.0,5
peple,3.768870792103895,1.68,4
pepon,4.179212428877834,0.0,4
pepos,4.656351897924686,0.0,5
peppy,3.051248879618472,2.53,5
pepsi,4.35747991999217,3.44,4
pequi,3.9069023700621424,0.0,4
perae,5.053254017765301,0.0,4
perai,5.4224679709005255,1.15,3
perce,4.504528889600992,2.45,4
perch,4.54615996158801,3.29,4
percs,5.293758416818159,1.94,4
perdu,4.73444798421669,2.03,4
perdy,4.768059654244417,1.32,4
perea,5.017013025652449,1.9,3
peres,5.188190253212033,2.82,3
perfs,5.040334661087639,1.52,4
peril,5.1984493318114176,3.4,4
peris,5.660608909689121,2.0,4
perks,5.204580606816961,3.62,3
perky,4.591145251688928,2.95,4
perle,4.7496435142279525,2.2,4
perls,5.548895082919409,1.93,3
perms,5.31765193470244,2.08,4
permy,4.707727674763498,0.0,4
perne,4.734185512194977,1.02,4
perns,5.523690191324401,0.0,3
perog,4.866224864492181,0.0,3
perps,4.733017092978651,2.24,4
perry,4.261512475086823,4.22,4
perse,4.942687598035569,2.24,4
persp,4.505698597833358,1.05,3
perst,5.333442778191685,0.0,3
perts,5.562696560371967,0.0,3
perve,4.131546367870078,1.45,5
pervo,4.574138226209922,1.04,5
pervs,4.9360259090759895,2.23,5
pervy,4.324670183432993,2.37,5
pesch,4.583728308617983,1.43,4
pesky,4.594375378307153,3.1,4
pesos,4.894137053977603,3.23,5
pesta,5.413167219098094,1.55,3
pesto,5.239460263282965,2.88,3
pests,4.792726881095725,3.41,4
pesty,4.96054171510133,1.18,4
petal,5.211242652849089,3.04,4
petar,5.346325032347421,2.27,3
peter,4.66220761256812,4.88,4
petit,4.35853673597675,3.27,4
petos,5.47267318955896,0.0,4
petre,4.695361996986459,2.18,4
petri,5.088945367194907,2.98,4
petti,4.269526918013022,1.52,4
petto,4.314260133310639,1.43,4
petty,4.062684241423562,4.07,5
pewed,3.918183558578408,0.0,6
pewee,3.346717919157579,1.64,4
pewit,4.55865725423979,0.0,5
peyse,4.485697806609035,0.0,5
pfftt,2.436099440829013,1.12,4
phage,4.62755537224926,2.66,4
phang,4.192574174438241,1.86,5
phare,5.081100824634286,1.75,5
pharm,4.457842363940609,2.43,5
phase,5.14961402103191,4.64,3
phasm,4.559957765733154,0.0,4
pheer,4.319904538424596,0.0,4
pheme,3.962263987470208,1.07,4
phene,4.172848343594014,0.0,5
pheon,4.628582680529989,0.0,5
phese,4.390834664886406,0.0,4
phial,4.696391709328917,1.93,5
phies,5.253927241441073,0.0,3
phish,3.777342102112479,2.71,4
phizz,2.762372992731616,0.0,4
phlox,3.674908639793357,2.35,4
phobe,4.43352091052412,1.72,4
phoca,4.4055648100715485,1.47,4
phone,4.78031836166659,5.3,4
phono,3.772295837127742,2.29,4
phons,4.848251469891494,0.0,4
phony,4.247458111155664,3.35,4
phooh,3.003472864550784,0.0,4
phooo,3.019470632959324,0.0,5
phota,4.694990989025748,0.0,4
photo,3.8164756505181567,4.97,4
phots,4.889118422256971,1.24,3
photy,4.288715384343554,0.0,4
phpht,2.598532942921653,0.0,4
phubs,4.238170296600269,0.0,4
phuts,4.627092356137797,0.0,4
phutu,3.3362185681918444,0.0,4
phwat,4.109181367417161,0.0,4
phyla,4.3123205660907225,2.04,4
phyle,4.412809710816949,0.0,4
phyma,4.057916375783574,0.0,4
phynx,3.228240715749005,0.0,5
physa,4.488958102319759,1.28,4
piais,4.773627200757156,0.0,5
piani,4.253485897437088,1.21,4
piano,5.01613329676974,4.31,4
pians,5.440107544138394,0.0,5
pibal,4.641246500155239,0.0,5
pical,4.74115244360011,0.0,4
picas,5.199525475187031,1.21,4
piccy,3.456435355139858,0.0,5
picey,4.675929030129564,0.0,4
pichi,3.35874989578913,1.5,4
picks,4.533542436018529,4.24,4
picky,3.9163377729286832,3.34,4
picon,4.524472670667123,1.75,3
picot,4.58455634299674,2.3,4
picra,4.84525365475876,0.0,4
picul,4.298828605478739,0.0,4
piece,4.38203909097492,5.04,4
pieds,5.247712168517117,1.81,4
piend,4.834230184010457,0.0,4
piers,5.5505088377286365,3.51,4
piert,5.134150272164337,0.0,3
pieta,5.229082113450048,2.01,4
piets,5.443049439418573,0.0,4
piety,4.823601038964274,3.09,4
piezo,4.319017355094739,2.2,3
piggy,3.36133755528599,3.3,4
pight,4.052796271181573,0.0,6
pigly,4.2187484711741225,0.0,5
pigmy,3.962702927470559,1.72,4
piing,3.607099257986824,0.0,5
pikas,5.100530425767773,1.61,4
pikau,4.416048092969177,0.0,5
piked,4.5748321859597,1.41,5
pikel,4.737390920636513,0.0,5
piker,4.833616293648506,1.7,4
pikes,5.182565168531876,2.75,4
pikey,4.554001397338918,1.84,5
pikis,4.097528575053186,0.0,4
pikul,4.191956418035437,1.31,4
pilae,5.400971372109691,0.0,4
pilaf,4.519446844134824,2.17,4
pilao,5.059432694463565,0.0,4
pilar,5.151923457926129,2.82,5
pilau,4.811148732294206,1.58,4
pilaw,4.522137317570162,0.0,4
pilch,4.171544820921965,1.57,5
pilea,5.376181608266093,1.15,3
piled,4.987434350276047,3.41,4
pilei,4.407629265362269,0.0,4
piler,5.2150737314474025,0.0,4
piles,5.5918686288020405,3.59,3
piley,4.968392179523822,0.0,4
pilin,3.990880580639004,1.24,4
pilis,4.487355782953067,1.24,4
pills,4.470699319380132,4.05,4
pilon,4.800130133264831,1.92,3
pilot,4.8688660921938345,4.52,3
pilow,4.3251184089812575,0.0,4
pilum,4.331269430421692,1.29,5
pilus,5.036911529420769,1.48,4
pimas,5.24414523504108,0.0,4
pimps,4.111207403289,2.86,4
pinas,5.450396955488542,1.69,4
pinax,4.250478443705421,0.0,5
pince,4.8331191391730695,1.87,5
pinch,4.126427272475548,3.76,4
pinda,4.794793493973581,1.34,5
pinds,4.958901045291358,0.0,4
pined,4.948681679388675,2.04,4
piner,5.193445443604992,1.32,3
pines,5.547838251473765,3.44,3
piney,4.927730857662221,2.48,4
pinga,4.623053473118066,1.41,5
pinge,4.745845603124015,0.0,5
pingo,4.436567012823301,1.56,4
pings,4.796050471733835,2.93,4
pinko,4.43461377999105,2.05,4
pinks,4.794143978284455,2.8,4
pinky,4.177112442985406,3.39,5
pinna,4.231775950354171,2.1,5
pinny,3.791471213460575,1.61,5
pinol,4.80052624511964,0.0,4
pinon,4.073735421873366,1.88,4
pinot,4.832890625182801,3.09,4
pinta,4.979923660659883,2.06,4
pinto,4.792424039412281,3.12,4
pints,5.14898463666241,3.22,5
pinup,3.725785270204693,2.32,4
pions,5.284127468862163,1.7,3
piony,4.667862178878896,0.0,4
pious,5.137895483871488,3.31,3
pioye,4.914911543642639,0.0,4
pioys,4.992829170403253,0.0,4
pipal,4.177215424299859,1.36,5
pipas,4.636178805234239,0.0,5
piped,4.131604149362938,2.96,5
piper,4.387315694348192,3.68,4
pipes,4.7310452620129,3.95,5
pipet,4.313136617142493,1.17,4
pipid,3.07088613514652,0.0,5
pipis,3.633065704044459,1.09,4
pipit,3.208196283388891,1.87,4
pippy,2.822054148257824,1.59,6
pipul,3.734537635403152,0.0,5
pique,4.047555302471544,2.93,4
piqui,2.928010056314909,0.0,4
pirai,4.455298687204846,0.0,4
pirks,4.98575737760223,0.0,4
pirls,5.323616908039186,1.17,4
pirns,5.297123507755488,0.0,4
pirog,4.653076865492676,1.04,4
pirre,4.6011431717777045,0.0,4
pirri,3.466975797844021,1.68,5
pirrs,4.650212227927439,0.0,4
pisco,4.745344892771721,2.19,5
pises,4.967695123469701,0.0,4
pisky,4.378264209798166,0.0,4
pisos,4.678072900094292,0.0,3
pissy,4.163112897028169,2.72,4
piste,5.327903092782608,2.39,3
pitas,5.449493147996384,1.84,4
pitch,4.125981060216325,4.43,4
piths,4.811656970913541,0.0,5
pithy,4.200650794593724,2.61,4
piton,4.773324117239973,1.95,3
pitot,4.135411600155828,1.95,5
pitso,4.9943339246380365,1.18,4
pitsu,4.704952429476383,0.0,4
pitta,4.276532547397513,2.42,4
pittu,3.798693477586112,0.0,4
piuma,4.591181046810792,0.0,5
piums,4.8001364515957805,0.0,4
pivos,4.661718070562838,0.0,4
pivot,4.229708807719058,3.5,4
pixel,4.33785351528857,3.72,4
pixes,4.778893853236838,0.0,5
pixie,3.623659233456233,3.15,4
piyut,4.309512381376161,0.0,4
pized,4.233333296837786,0.0,6
pizer,4.488415567594542,1.5,4
pizes,4.8341702543850245,0.0,5
pizza,3.337052769628811,4.43,5
plaas,4.880139231930041,0.0,3
place,5.003114369373487,5.71,4
plack,4.259373054110632,1.41,4
plaga,4.079061173489057,1.41,4
plage,4.923390349262111,2.12,4
plaid,4.873731577425218,3.33,4
plaig,4.6343580792361845,0.0,4
plain,4.94152674001447,4.43,4
plait,5.0023872897456565,2.42,3
planc,4.552152082934557,0.0,4
plane,5.21978689041891,4.72,4
planh,4.554610343444454,0.0,4
plank,4.48759739215696,3.46,5
plans,5.286610300430755,5.01,5
plant,4.84695435233585,4.89,3
plaps,4.510792490538238,0.0,6
plash,4.803992216482818,1.31,4
plasm,4.846485313750845,1.68,4
plast,5.0945813191115255,1.84,3
plate,5.271266093122164,4.55,4
plats,5.336153862620705,2.21,4
platt,4.201863146197457,3.06,4
platy,4.734512001502748,1.71,4
plaud,4.625734638783768,0.0,5
plaur,4.850555355044281,0.0,5
plavs,4.709970196410366,0.0,5
playa,4.12805739580052,3.18,4
plays,5.025278443773515,4.84,5
plaza,3.6856585286517567,3.91,5
plead,5.00845397000581,3.63,3
pleas,5.584740711641894,3.51,3
pleat,5.154149082615949,2.19,4
plebe,4.122100388045638,1.88,4
plebs,4.906926116425354,2.62,5
pleck,4.209392685712952,1.22,4
pleep,3.701201179274997,0.0,5
plein,4.91116858642457,2.43,4
plena,5.065444951774804,1.87,4
plene,4.460200381937295,1.06,3
pleno,4.893661787746831,1.21,4
pleon,4.915132131272669,0.0,5
plesh,4.755645006313284,0.0,4
plets,5.28683054781588,0.0,4
plews,4.754438860946864,1.2,5
plexi,4.0778293172692095,1.82,5
plica,4.702974487290109,1.49,4
plied,4.950480820826464,2.56,4
plier,5.179802663836428,1.66,4
plies,5.555404132775644,2.6,3
pligs,4.794961445130883,0.0,4
plims,4.890050105876052,0.0,4
pling,4.25783204069163,1.5,4
plink,4.276202942111353,1.83,4
plips,4.31250042575174,0.0,4
plish,4.601244273296194,0.0,4
ploat,5.018723756847858,0.0,5
ploce,4.841143445892785,0.0,4
plock,4.090150563261806,1.48,4
plods,4.987484326858364,1.7,4
ploit,4.8330918586776805,0.0,3
plomb,4.074334802122808,1.07,4
plong,4.308378214832433,0.0,5
plonk,4.320713904159019,2.15,4
plook,3.754634507116214,0.0,4
ploot,4.121890740651061,0.0,4
plops,4.348170722280068,2.02,4
plore,5.197772316050113,0.0,5
plots,5.174061372954821,3.77,4
plotz,4.008003579717975,1.62,4
plouk,4.226180655348826,0.0,4
plout,4.590723191822111,0.0,4
plows,4.633558235186095,2.69,4
plowt,4.192597481980716,0.0,4
ploye,4.813828349691203,0.0,4
ploys,4.867975937077528,2.21,4
pluck,3.8278535490805727,3.13,4
pluds,4.725088225504666,0.0,4
plues,5.322721457441387,0.0,3
pluff,3.0504806142407297,0.0,4
plugs,4.566412096367514,3.47,4
pluke,4.490471167053596,0.0,4
plumb,3.802586003046681,2.92,4
plume,4.594738896789044,3.19,4
plump,3.3774067212735,3.19,4
plums,4.65928174095583,2.97,4
plumy,4.049187972995521,0.0,5
plung,4.0394195774186095,0.0,4
plunk,4.0561299881326205,2.11,4
pluot,4.593618459042334,0.0,3
plups,4.085041593274658,0.0,4
plush,4.376127823708618,3.33,4
plute,4.852812055150437,0.0,5
pluto,4.562003989318937,3.35,4
pluty,4.3045998700388015,0.0,4
plyer,4.799980419480644,0.0,4
pneus,5.047345450467307,0.0,4
poach,4.509658068592628,2.68,4
poaka,4.244352809072421,0.0,5
poake,5.055277786035015,0.0,5
poalo,4.458479599675077,0.0,4
pobby,3.4038346008243665,0.0,6
poboy,3.633112243706021,0.0,5
pocan,4.767963843180504,1.53,3
poche,4.571203150207653,1.81,4
pocho,3.556116822451766,1.52,4
pocks,4.609943633113868,1.27,4
pocky,4.001905475404133,2.02,4
podal,4.866120745676234,0.0,4
poddy,3.657470500334389,1.07,4
podex,4.241626498855071,0.0,4
podge,4.64063644199649,2.22,4
podgy,4.103895132191301,1.65,4
podia,4.901594746251342,1.38,3
podos,4.424024121880591,0.0,4
podus,4.916190279615278,0.0,4
poems,5.258534565468882,4.11,5
poena,5.22280076728108,1.34,4
poeps,4.672237813714088,0.0,5
poesy,5.058102987074033,1.66,4
poete,4.715809889958121,0.0,4
poets,5.503232487384453,3.84,4
pogey,4.673622675715671,0.0,5
pogge,3.995999735213292,1.48,5
poggy,3.444741799204156,0.0,4
pogos,4.265252221734312,0.0,4
pogue,4.670315473721336,2.42,5
pohed,4.680486647516863,0.0,4
poilu,4.694620432469219,1.29,4
poind,4.747900301073271,0.0,4
point,4.87868677557318,5.54,4
poire,5.383606294398285,1.25,4
poise,5.442828875917589,3.04,4
pokal,4.6793903533516295,1.74,4
poked,4.643544577326671,3.23,4
poker,4.90281169557577,3.97,4
pokes,5.248332468399997,2.92,4
pokey,4.6298236990132295,2.54,5
pokie,4.869912466194093,1.76,5
pokit,4.5271811307603365,0.0,4
polar,5.197922228910511,3.96,4
poled,5.060420806260479,1.62,4
poler,5.287072316385765,0.0,4
poles,5.660111826423228,3.88,3
poley,5.04525553359519,1.77,4
polio,4.276197701664224,3.27,4
polis,5.353351492869481,2.74,3
polje,4.425846724713859,1.5,4
polka,4.7086816991765295,3.2,4
polks,4.910348308444315,1.19,4
pollo,3.463317325703756,2.47,5
polls,4.541917041199384,4.1,4
polly,3.930369486010529,3.4,6
polos,4.633943981081143,2.31,3
polts,5.265548753162313,0.0,4
polyp,3.703034394227008,2.39,4
polys,4.951780926626038,1.71,4
pomas,5.290463132924192,0.0,5
pombe,4.56685300248996,1.65,4
pomes,5.408061433396332,1.03,4
pomme,4.13877311545841,1.92,4
pommy,3.584495366052284,1.7,6
pomos,4.389961520797512,0.0,4
pompa,3.9814421695882176,1.48,4
pomps,4.185021948225356,1.33,4
ponce,4.9072421858253366,2.89,4
poncy,4.353708407324347,1.45,4
ponds,5.039076230813183,3.46,4
pondy,4.438058136771932,1.48,4
pones,5.621101059696974,1.19,3
poney,5.0080287301221285,1.32,5
ponga,4.6789262016453055,1.67,5
pongo,3.7990676794164857,2.17,5
pongs,4.8765536093156205,1.51,4
pongy,4.269364888306596,0.0,5
ponks,4.872421415550921,0.0,4
ponor,4.276286964544623,0.0,4
ponto,4.153733583289836,1.93,4
ponts,5.228551473751655,1.81,4
ponty,4.622213107765054,2.27,4
ponzu,3.858558290172804,1.69,5
pooay,4.273006204201544,0.0,4
pooch,3.6102297340417566,2.97,4
poods,4.4449703103298,1.51,5
pooed,4.41492590507013,1.65,4
pooey,4.391126861456506,1.08,5
poofs,4.102055403571571,1.89,5
poofy,3.486123719234337,2.13,5
poohs,4.302979858840684,1.42,4
poohy,3.685878780591672,0.0,5
pooja,3.62436345205522,2.9,5
pooka,4.062291395797943,1.73,5
pooks,4.274031560804327,1.21,4
pools,4.640588986895207,3.87,4
pooly,4.02310089105933,0.0,4
poons,4.597481250401282,1.13,4
poopa,3.5865539006903653,0.0,5
poops,3.7994131458704623,2.57,5
poopy,3.182644066360651,2.5,5
poori,4.312293231894256,1.51,4
poort,4.320117941668696,1.49,3
poots,4.634734920160729,1.97,5
pooty,4.0215381081304695,1.31,5
poove,3.913787429009892,0.0,5
poovy,3.3848056535160214,0.0,6
popes,4.797296347144847,3.08,4
popia,4.256417724162299,0.0,4
popos,3.7793108977612615,1.02,4
poppa,3.308593925634494,2.56,5
poppy,2.899344402102177,3.59,5
popsy,3.9812686476478727,1.39,4
popup,2.939378932967505,2.78,4
porae,5.581013880892534,0.0,4
poral,5.199663210193796,0.0,5
porch,4.393832582168815,3.85,4
pored,5.207963270048567,2.2,4
porer,4.663589312626303,0.0,4
pores,5.798941617884308,3.4,3
porey,5.191695233488113,0.0,4
porge,5.013920735889587,0.0,4
porgy,4.466736394705227,2.25,3
porin,5.005074160470736,1.3,4
porks,5.057175936191412,1.25,4
porky,4.450613863438807,2.67,5
porno,4.304556937517801,3.36,4
porns,5.370436072746314,1.71,4
porny,4.773989606337202,1.48,5
porta,5.219545942443449,2.92,3
porte,5.363802989599401,3.13,4
porth,4.691042438220318,2.14,3
ports,5.414690821337707,4.07,3
porty,4.810636895243046,1.4,3
porus,5.271392551896655,1.69,4
posca,4.973188657576996,1.44,4
posed,5.237278510776649,3.81,4
poser,5.496167575648451,2.67,4
poses,5.036335106131827,3.79,4
poset,5.430870357136126,1.37,4
posey,5.198880312715127,2.92,4
posho,4.052474131765423,1.13,4
posit,5.121753303460676,2.76,4
posol,4.376335193629215,0.0,3
posse,4.806015162734619,3.18,4
poste,5.39400006924489,2.31,3
posts,4.642259596984359,4.65,4
potae,5.391523215148303,0.0,4
potai,5.034759981799196,0.0,4
potch,4.200312250513222,1.68,4
poted,5.00818970852677,0.0,4
potes,5.612119068850727,1.44,5
potin,4.82612899799219,1.08,3
potoo,3.333246473402523,1.14,5
potro,4.269341630740611,2.57,3
potsy,4.799232291862173,1.06,4
potto,3.4517161656464124,1.49,4
potts,4.52244197743468,3.14,4
potty,3.916540819112857,3.26,4
pouce,4.775077264958082,1.22,5
pouch,4.103543497748299,3.43,4
pouff,3.2722234871492524,0.0,5
poufs,4.599945606830929,1.13,4
poufy,3.983136862349572,1.09,4
pouis,5.186708324046144,0.0,4
pouke,4.6780737180991725,0.0,5
pouks,4.772787514057793,0.0,4
poule,5.048155206451709,1.56,6
poulp,3.8628863914027303,0.0,4
poult,4.699809460033434,1.25,4
pound,4.531520765021305,4.32,5
poupe,4.212526585932337,0.0,5
poupt,3.8726881435881615,0.0,4
pours,5.2388137908391945,3.22,3
pousy,4.694288048849023,0.0,4
pouts,5.134158658964298,2.06,4
pouty,4.517877057235773,2.38,4
povos,3.99689121684389,0.0,5
powan,4.505875573487646,0.0,4
power,4.770386210054069,5.52,4
powie,4.726642017249088,0.0,5
powin,4.315949794373364,0.0,4
powis,4.806033275347519,1.96,3
powlt,4.297470228509771,0.0,4
pownd,4.131868188298336,0.0,4
powns,4.696677163611103,0.0,4
powny,4.087203435334867,0.0,5
powre,4.780766358862516,0.0,5
powsy,4.294725122497948,0.0,5
poxed,4.25029774786594,0.0,5
poxes,4.8479660966907225,0.0,5
poyas,5.228235292779115,0.0,4
poynt,4.525925755093264,1.09,4
poyou,3.700148587691078,0.0,4
poyse,5.069966836332444,0.0,5
pozzy,2.978990824436096,0.0,6
praam,4.327190803977515,0.0,4
prads,5.288751199741735,0.0,4
prags,5.128390771731039,0.0,4
prahu,4.495203502280321,0.0,5
prams,5.219086010496943,2.09,5
prana,4.515571947072839,2.3,4
prang,4.61359916857131,2.1,5
prank,4.633337799398124,3.7,5
praos,5.56382024984865,0.0,4
praps,4.642860167297106,0.0,5
prase,5.571013905628036,1.01,4
prate,5.413204007869319,1.52,3
prats,5.4758984346666,1.84,4
pratt,4.354619681248007,3.59,5
praty,4.879319785536275,0.0,4
praus,5.329480492951592,0.0,5
prawn,4.454665969513971,2.87,4
prays,5.156382944277606,3.1,4
preak,4.928646881859084,0.0,5
predy,4.63082393604346,0.0,4
preed,4.495723029522339,0.0,3
preem,4.410579949597778,1.3,4
preen,4.6225553618131805,2.16,3
prees,5.086582831312651,1.24,4
preif,4.572198391755963,0.0,4
preke,4.284874703353031,0.0,5
prems,5.169970934067915,1.53,5
premy,4.5661364174549846,0.0,5
prent,4.957649160487142,1.35,4
preon,5.055614822973888,1.01,4
preop,4.278514676589866,1.41,4
preps,4.59128215431903,2.47,5
presa,5.429969633995664,1.8,4
prese,4.815063000179992,1.61,3
press,4.798189597351922,5.16,5
prest,5.185677923448955,2.01,3
preta,5.256120571450182,1.7,3
preux,4.075439839884903,1.62,5
preve,4.003804333282015,1.29,4
prexy,4.013335028735444,1.14,5
preys,5.101286769896564,2.5,4
prial,5.094092040213748,0.0,4
prian,5.096753033698493,0.0,4
price,4.956498970533223,5.23,4
prick,4.197420677024566,3.6,4
pricy,4.396518929565967,2.22,3
pride,5.026180455584105,4.49,4
pridy,4.482608619960288,0.0,4
pried,5.084765639803805,2.39,3
prief,4.727987266777834,0.0,4
prier,4.556259491104117,1.21,4
pries,5.678872702083163,1.85,4
prigs,4.924727294328744,1.43,4
prill,4.086561884362014,1.4,5
prima,4.850423654684279,3.34,4
prime,4.96853159500787,4.81,4
primi,3.841047148735553,1.76,5
primo,4.663723322461262,2.99,4
primp,3.746069567325486,1.55,5
prims,5.015332956873889,1.41,4
primy,4.408693278643864,0.0,5
pring,4.397484638826836,2.07,4
prink,4.419858703243509,1.05,4
print,4.787480145862658,4.54,3
prion,4.892201723678213,2.52,4
prior,4.287565317705817,4.85,4
prise,5.387993597309875,2.45,3
prism,4.77234865030181,3.44,4
priss,4.641761133259338,1.57,4
prius,5.123815067818557,3.05,3
privy,4.032549777064844,3.46,4
prize,4.487116647219823,4.59,4
proal,5.103285566427477,0.0,4
proas,5.588615937478,0.0,4
probe,4.864782224403816,3.99,4
probs,4.927405392784069,2.79,4
proby,4.328606927152491,1.53,4
prodd,3.9585199343698703,0.0,4
prods,5.124702894121507,2.33,3
proem,5.025298703643217,1.25,3
profs,4.782966416625019,2.52,4
progs,4.964798385561558,1.78,4
proin,4.910314198924795,0.0,4
proke,4.887677321822754,0.0,5
prole,5.229090061211078,1.79,5
proll,4.12475336060867,1.02,5
promo,3.984581612906682,3.81,5
proms,5.05718294679393,2.86,5
prone,5.202738132920962,3.93,5
prong,4.451037677709045,2.8,4
pronk,4.467073189794545,1.54,4
proof,3.7269253480825575,4.7,5
prook,3.897347428226522,0.0,5
proot,4.268358345220281,0.0,3
props,4.479056535091304,3.72,5
prora,4.42737752462866,0.0,4
prore,4.5543948586127065,0.0,5
prose,5.416508306536565,3.72,3
proso,4.433790868253161,1.07,4
pross,4.681604109837033,1.69,5
prost,5.0733713239093765,2.62,3
prosy,4.883112108440053,1.03,4
proto,4.243719262892013,3.23,3
proud,4.608001625394197,4.78,3
proul,4.687425175839969,0.0,4
prove,4.608907183125185,4.77,5
prowk,3.968389641069793,0.0,5
prowl,4.285604327905343,2.75,5
prows,4.767939712527196,1.35,5
proxy,3.9088821455006633,3.73,5
proyn,4.539656081893875,0.0,4
prude,4.797509169920929,2.58,4
prune,4.945103819840099,2.96,4
pruno,4.661955901697525,1.26,3
prunt,4.573971500741209,0.0,3
pruny,4.403554728673545,1.01,4
pruta,4.892856174884796,0.0,4
pryan,4.739255744108385,0.0,4
pryer,4.178544253665709,1.4,4
pryse,4.995048844451276,1.47,4
psalm,4.736272793339567,3.56,4
pseud,4.634572538472582,1.61,4
pshaw,4.097404763375038,1.79,4
pshut,4.175732847070142,0.0,3
psias,4.769187326520505,0.0,4
psion,4.83967973163069,1.77,4
psoae,5.4022314831175455,0.0,4
psoai,5.070671518130658,0.0,3
psoas,4.7787282486356775,1.91,5
psora,5.158239269232311,0.0,3
psych,3.795957948322573,3.48,3
psyop,3.684382024308759,2.07,3
ptish,4.502156528668238,0.0,3
ptype,3.7778077466921145,0.0,4
pubby,3.10198657357693,0.0,5
pubco,3.952667828726731,0.0,4
pubes,4.983134026447956,2.68,4
pubic,3.9177531982245513,3.07,4
pubis,4.6792332413247095,2.27,3
pubsy,4.151719105394078,0.0,4
pucan,4.510197157705246,0.0,3
pucer,4.741964798251392,0.0,4
puces,5.085107304217893,1.16,4
pucka,4.1430789107829264,0.0,4
pucks,4.3127022777134645,2.53,4
puddy,3.3580606972890363,1.91,5
pudge,4.337467619778706,2.23,4
pudgy,3.80265665895681,2.47,4
pudic,4.099929680094575,0.0,4
pudor,4.567583119715993,0.0,4
pudsy,4.32866602263146,0.0,5
pudus,3.931653697036773,0.0,4
puers,5.322532952608793,0.0,5
puffa,3.349504267960425,1.3,5
puffs,3.5280157918970056,3.08,4
puffy,2.9139085933789715,3.13,5
puggy,3.1437676951629228,1.7,4
pugil,4.248864138407708,0.0,4
puhas,4.904330037732774,0.0,5
pujah,3.744389038263401,0.0,5
pujas,4.476034294079265,1.59,5
pukas,4.888622845715855,0.0,4
puked,4.350548230653803,2.76,5
puker,4.612414300770349,1.23,4
pukes,4.964252500957917,2.19,4
pukey,4.343281277578001,1.47,4
pukka,3.5562005934637946,1.91,5
pukus,3.751122088804009,0.0,4
pulao,4.854480897191866,1.56,4
pulas,5.275954242217361,0.0,4
puled,4.761868710723046,0.0,5
puler,4.991660385442591,0.0,4
pules,5.371777133765579,0.0,4
pulik,4.26919782629753,0.0,4
pulis,5.067708651916001,2.48,3
pulka,4.434919706550046,0.0,4
pulks,4.610585505978075,0.0,4
pulli,3.821711886148313,1.22,4
pulls,4.243458191731873,4.01,4
pully,3.6287862209611736,1.58,4
pulmo,4.361764166331885,1.26,4
pulps,4.137569389673369,2.12,4
pulpy,3.5264561957974867,2.23,4
pulse,5.0888949732871325,4.06,4
pulus,4.13932959139068,0.0,5
pulut,3.699862500488973,0.0,4
pumas,5.030473435612181,2.66,4
pumie,4.742137402871999,0.0,4
pumps,3.8849046469390793,3.83,4
pumpy,3.2707453336121697,1.45,4
punas,5.242076324602631,0.0,4
punce,4.604827235486611,0.0,4
punch,3.9041425121039706,4.32,4
punga,4.405481252178577,1.12,4
pungi,4.155422920617209,0.0,5
pungo,4.22096965999625,1.25,5
pungs,4.574415001519675,0.0,4
pungy,3.9657157407634567,0.0,5
punim,4.329683196059714,0.0,4
punji,3.721009117110434,1.33,5
punka,4.403407937917222,0.0,5
punks,4.57218199365889,2.98,3
punky,3.9607248916285616,2.34,5
punny,3.5740782422269315,2.07,5
punto,4.578575123126478,2.39,4
punts,4.928965316852768,2.66,4
punty,4.321563315063308,0.0,4
pupae,4.320628796299106,2.35,5
pupal,3.962174664273861,2.15,5
pupas,4.426864695933863,0.0,5
pupil,3.766491751697836,3.81,4
puppa,3.040960506220562,1.01,5
puppy,2.6015520252036266,4.0,5
pupus,3.2896277896942205,0.0,5
purao,5.008268798270546,0.0,3
purau,4.12438318199963,0.0,4
purda,4.7672639898815685,0.0,4
purdy,4.328032231768344,2.82,4
pured,4.9110028213029775,0.0,4
puree,4.6826769133259365,2.87,4
purer,4.368334951880247,2.53,4
pures,5.511782695139154,1.55,3
purga,4.600591333011644,1.28,4
purge,4.709544477162068,3.57,4
purin,4.718188599695044,1.37,4
puris,5.208861738023664,1.47,3
purls,5.094170200371205,1.26,4
puros,5.234854491950351,1.12,4
purps,4.28173286692486,1.29,4
purpy,3.6777306458087167,0.0,5
purre,4.362200717581573,0.0,4
purrs,4.421875094324593,2.4,4
purry,3.815339407782389,1.13,5
purse,5.230745396162996,3.95,4
pursy,4.679644451958589,0.0,4
purty,4.509709795110472,2.05,3
puses,4.747997316609971,0.0,4
pushy,4.192347448140275,3.0,4
pusle,5.097268371700372,0.0,5
pussy,3.948629396767044,4.24,4
putas,5.238025052129364,1.59,4
puter,4.97848831384028,2.04,4
putid,4.450516811806792,0.0,4
putin,4.540247042380826,4.13,3
puton,4.560134306052436,1.11,4
putos,5.050756650830538,1.59,4
putti,3.809633367827389,1.9,5
putto,3.873387376834023,1.27,4
putts,4.22184282332448,2.45,4
puttu,2.9245760624202157,1.24,4
putty,3.614959647108172,2.89,4
putza,4.0177428118021705,0.0,4
puuko,3.4178097512791163,0.0,4
puyas,4.971886017105535,0.0,4
puzel,4.169547982062005,0.0,5
puzta,4.045394280399109,0.0,4
pwned,4.297156001629797,1.91,4
pyats,5.071287670740312,0.0,4
pyets,5.010958890658688,0.0,5
pygal,4.283117325964928,0.0,4
pygmy,2.938967109043908,2.72,3
pyins,4.822065234059193,0.0,3
pylon,4.42386427790416,2.67,4
pyned,4.567930857576347,0.0,4
pynes,5.137698162763779,1.02,4
pyoid,4.450691034278948,0.0,4
pyots,4.91560132297618,0.0,4
pyral,4.781338958483839,0.0,5
pyran,4.782934010830344,1.07,4
pyres,5.322776088372651,1.86,3
pyrex,4.156018467064173,2.51,4
pyric,4.2921024215204495,0.0,4
pyros,5.048418358738187,1.82,3
pyrus,4.779781971587854,1.81,4
pyuff,2.813138586555093,0.0,4
pyxed,3.7914997594683095,0.0,5
pyxes,4.367945743603855,0.0,4
pyxie,4.020112614014105,0.0,4
pyxis,4.062896906285902,1.77,4
pzazz,2.317633280368644,0.0,4
qadis,4.681983239252556,1.04,5
qaids,4.696205051395452,0.0,5
qajaq,2.1299076535944024,0.0,5
qanat,3.855804582644912,1.13,4
qapik,3.832134232446803,0.0,5
qibla,3.9781885301108577,1.92,4
qilas,4.8145915211238695,0.0,5
qipao,4.120789709421936,1.46,4
qophs,4.010263948296189,0.0,5
qorma,4.299528807136059,0.0,4
quabs,4.195310274877391,0.0,5
quack,3.4890838671853595,3.06,4
quads,4.384009519786079,2.77,5
quaff,2.7130267284508327,1.82,5
quags,4.225361731854566,0.0,4
quail,4.174366503344506,3.13,4
quair,4.3108945385642325,1.02,4
quais,4.625925814369609,1.38,5
quake,4.100102644248766,3.45,5
quaky,3.5917979056021427,0.0,4
quale,4.467167139989645,1.76,4
qualm,3.878212712322504,1.89,4
qualy,3.955618637252684,1.38,5
quank,3.7329533102246617,0.0,4
quant,4.1007410778836455,2.57,4
quare,4.570021563737808,1.71,4
quark,3.876654263703071,3.05,4
quarl,4.190948339673722,0.0,4
quart,4.245065329862556,3.01,4
quash,4.037127547778627,2.75,4
quasi,4.311265786103419,3.49,4
quass,3.955886753369352,0.0,6
quate,4.4731391611668645,1.44,4
quats,4.576415673956607,0.0,4
quawk,3.2172941101468924,0.0,6
quaws,4.020989748882954,0.0,4
quayd,3.7033797864341857,0.0,4
quays,4.241522355464968,2.53,5
qubit,3.559324325027207,2.17,4
quean,4.300672423059891,1.08,4
queck,3.435895408351647,0.0,5
queek,3.3792246348428927,0.0,4
queem,3.4862335983701853,0.0,5
queen,3.7107243702279535,4.86,4
queer,3.831494068453993,3.76,5
quell,3.3560324922109253,3.0,4
queme,3.4814933523756584,0.0,4
quena,4.271578905762369,1.03,4
quern,4.150686913637948,1.59,4
query,4.004932474292844,3.64,4
queso,4.328058632309055,2.53,4
quest,4.28186164057214,4.27,4
quete,3.7336056397697344,0.0,4
queue,2.891709014941351,3.78,5
queyn,3.7458838547938833,0.0,4
queys,4.18628266719067,0.0,5
queyu,2.908751029023838,0.0,4
quibs,3.994150918739817,0.0,5
quich,3.3387988734705965,0.0,4
quick,3.2860605682695314,4.98,4
quids,4.180825300353373,1.86,5
quies,4.745949926474737,0.0,5
quiet,4.323868543475369,4.65,3
quiff,2.508894455223956,2.06,4
quila,4.168780386801176,1.08,4
quill,3.199487963348305,3.11,5
quilt,3.937743852156791,3.25,5
quims,4.1253092393902,0.0,5
quina,4.121982649519724,1.74,4
quine,4.242304953726126,2.36,5
quink,3.521986132766981,1.01,4
quino,3.9370816062753815,1.55,4
quins,4.3257048457139735,1.96,5
quint,3.891662711231902,2.64,4
quipo,3.73640413451392,0.0,4
quips,4.12874976700869,2.62,5
quipu,2.819364804515152,1.46,4
quire,4.396787123399213,2.22,4
quirk,3.6801672083621377,3.13,4
quirl,3.999186853004964,0.0,4
quirt,4.050902514611603,1.58,4
quist,4.129715496955824,1.97,4
quite,4.293168245196342,5.29,4
quits,4.374545868249106,3.39,4
quoad,4.088859396251136,1.65,4
quods,4.229252539290155,0.0,5
quoif,3.5001475129982587,0.0,4
quoin,3.985443685673345,1.64,4
quois,4.47064689107773,0.0,4
quoit,4.039482943725696,1.51,4
quoll,3.242142845744345,1.53,5
quonk,3.5764845221753965,0.0,4
quops,4.174240553717125,0.0,4
quork,3.721447373933597,0.0,5
quorl,4.039347978584599,0.0,4
quota,4.18026655491495,3.53,4
quote,4.316772306363196,4.51,4
quoth,3.688924651773862,2.08,4
quouk,2.7699606379253314,0.0,4
quoys,4.092446660688244,0.0,5
quran,4.242895832467176,3.53,4
qursh,3.8862297280092126,0.0,4
quyte,3.922262285687187,0.0,4
raads,5.072104038822952,0.0,4
raake,4.820062079085554,0.0,4
rabat,4.48489390331927,2.6,3
rabbi,4.110614680704156,3.69,4
rabic,4.73568682698408,0.0,4
rabid,4.935218448660281,3.13,4
rabis,5.484640636621524,0.0,4
raced,5.2551838564829385,3.59,5
racer,4.71650095931571,3.45,5
races,5.840113123507423,4.38,3
rache,5.0626687628643445,1.73,4
racks,5.1105511808323,3.37,4
racon,5.06718093900872,1.11,4
radar,3.977640912839735,4.2,3
raddi,4.362469340093942,0.0,3
raddy,4.1674239281374685,0.0,3
radge,5.140897112241678,1.22,3
radgy,4.61638207616443,0.0,3
radif,4.7039661547423774,0.0,4
radii,4.464570139843317,2.55,4
radio,5.225474440879366,5.01,4
radix,4.460989460419066,2.25,5
radon,5.149697145677369,2.89,3
rafee,4.738040237564521,0.0,6
raffs,4.33619985567171,0.0,4
raffy,3.727502429884385,1.73,4
rafik,4.525233519899303,2.03,4
rafiq,4.027635718501278,2.29,4
rafts,5.226999917028634,2.88,3
rafty,4.621293243661986,0.0,4
ragas,4.917351441306553,1.86,3
ragde,5.1436935896824725,0.0,3
raged,5.17365328334588,3.06,4
ragee,4.920138057576958,0.0,4
rager,4.63397807924156,2.43,4
rages,5.761829986536902,3.06,5
ragga,3.626117498852801,1.88,4
raggs,4.567179054133759,1.03,4
raggy,3.954520649855679,1.58,4
ragis,5.497716126350558,0.0,3
ragus,5.255646127599655,0.0,3
rahed,5.159822243199375,0.0,4
rahui,4.791234360748775,0.0,4
raiah,4.655151015478505,0.0,5
raias,5.370175356910743,0.0,4
raids,5.671992933337763,3.89,4
raike,5.405578882859358,0.0,4
raiks,5.503395212150156,0.0,4
raile,5.747468012085654,0.0,4
rails,5.836523201830997,3.79,4
raine,5.718550301768471,2.68,3
rains,5.801334603071506,3.84,3
rainy,5.189567437273185,3.74,3
raird,4.622445334100216,0.0,4
raise,5.93464423772155,4.75,3
raita,4.929702891430833,1.92,3
raith,5.142218196974122,2.49,3
raits,5.863501039210343,0.0,3
rajah,3.760072655526167,2.65,4
rajas,4.48137272455776,2.1,4
rajes,5.329432001664985,0.0,5
raked,5.128276480232724,2.86,4
rakee,4.875721003356007,0.0,5
raker,4.59154321802913,1.88,6
rakes,5.722193495236648,2.71,4
rakhi,4.622309756285933,2.34,4
rakia,4.533897487521788,1.33,4
rakis,5.472262101076401,0.0,4
rakki,4.1173950228938425,0.0,5
raksi,5.160006776249352,0.0,3
rakus,5.230992825400396,0.0,4
rales,6.096830602742268,1.56,3
ralli,4.596512830245338,1.51,4
rally,4.404144156580589,4.34,4
ralph,4.779312996357059,4.1,4
ramal,4.547906617262125,1.66,4
ramee,5.038693995601343,1.26,5
ramen,5.409078017144642,3.35,5
rames,5.881820401495085,1.03,3
ramet,5.464132643443714,1.05,3
ramie,5.531418887542824,1.62,4
ramin,5.1272192808541055,2.23,4
ramis,5.617802706564875,2.24,4
rammy,4.092980082751173,1.6,4
ramon,5.101347389139102,3.35,3
ramps,5.273304111733607,3.28,4
ramse,5.632813117897132,1.04,3
ramsh,4.993557960482833,0.0,4
ramus,5.371626802867178,2.09,3
ranas,5.234069612626857,1.28,4
rance,5.394991113030859,2.63,4
ranch,4.702004531725899,4.03,3
rando,5.150267518827546,2.35,3
rands,5.52912094904977,2.13,4
randy,4.936007278214838,3.92,3
raned,5.493570957256497,0.0,4
ranee,5.24265290522403,1.56,5
ranes,6.076799032713853,0.0,4
ranga,4.437066606220403,2.16,4
range,5.30777193828662,5.12,4
rangi,4.95419983466315,2.03,3
rangs,5.368177660085814,1.19,3
rangy,4.766133625741768,1.91,3
ranid,5.266603974262851,0.0,3
ranis,5.811847900538976,1.23,3
ranke,5.298551755850967,1.78,4
ranks,5.363279144843489,4.23,4
ranns,4.97627397379169,0.0,3
ranny,4.374861743042265,1.38,4
ranse,5.829213017375373,0.0,3
rants,5.719508679759936,3.12,3
ranty,5.119398133884536,1.61,3
raped,5.269068048977159,4.08,4
rapee,5.019915450539891,1.13,5
raper,4.735178795198663,2.3,5
rapes,5.866211754961451,3.36,3
raphe,5.103128833456709,1.83,4
rapid,5.042866551425195,4.38,4
rapin,5.1147273584031145,1.78,4
rappe,4.6255682059622165,1.47,4
rapso,5.313877209958331,0.0,3
rared,4.880356237345874,0.0,5
raree,4.625825026787543,0.0,5
rarer,4.210880106371592,3.05,4
rares,5.465808588725519,2.34,4
rarks,4.7563798812949,0.0,6
rasam,4.783012638667575,1.48,3
rasas,4.65537952324594,1.19,5
rased,5.698386634133717,0.0,4
raser,5.175701076890576,1.05,4
rases,5.49937721312608,0.0,4
rasps,4.905842116243112,1.81,5
raspy,5.079912072780712,2.64,3
rasse,5.291053818319575,1.07,3
rasta,5.01029510602344,2.5,2
ratal,4.7540053259446005,0.0,4
ratan,4.765712193653654,2.32,4
ratas,5.243557517664116,1.26,4
ratch,4.709842274606735,1.31,3
rated,5.489322506058806,4.3,3
ratel,5.613956777142324,1.25,3
rater,4.956001145874557,2.3,4
rates,6.084061819641824,4.88,2
ratha,4.457622970128395,1.78,3
rathe,5.326789840705473,1.76,2
raths,5.387984656655739,1.62,3
ratio,5.390185090266448,4.37,3
ratoo,4.720723098085526,0.0,4
ratos,5.802000473040957,0.0,3
ratti,4.620131773637079,1.83,3
ratty,4.425929038056922,2.47,4
ratus,5.582640012734871,0.0,3
rauli,5.158625481361997,0.0,4
rauns,5.586298386854142,0.0,3
raupo,4.973902048355996,0.0,4
raved,4.891951115940776,2.5,5
ravel,5.016356163362149,2.71,4
raven,5.017029118989493,3.79,5
raver,4.351650015024679,2.19,6
raves,5.484200812314525,2.83,6
ravey,4.8692925746083935,1.23,3
ravin,4.743534345753603,2.01,4
rawdy,4.454700676484207,0.0,4
rawer,4.468161329675157,1.62,5
rawin,4.840595437316439,0.0,4
rawks,4.886270488964554,0.0,5
rawly,4.610728847034482,1.38,4
rawns,5.202407617174638,0.0,4
raxed,4.732451717735552,0.0,5
raxes,5.322153781236184,0.0,6
rayah,4.2833701678158205,0.0,3
rayas,4.976771395521749,1.3,4
rayed,5.24498938523007,2.41,4
rayle,5.382785638738373,0.0,3
rayls,5.441140630498095,0.0,4
rayne,5.372604847094075,2.4,3
rayon,5.06886512297757,2.99,3
razai,4.113179028687127,0.0,5
razed,4.786260385389742,2.79,5
razee,4.530252814825484,1.1,5
razer,4.2444366690394055,2.86,6
razes,5.375321749076616,1.42,6
razet,4.9647310327276815,0.0,5
razoo,4.001633974689663,0.0,4
razor,3.9878836329871934,3.72,4
reach,4.978796355186828,4.94,4
react,5.312637813007759,4.16,4
readd,4.631908820223352,0.0,3
reads,5.7992047721855045,4.25,3
ready,5.1919709347214855,5.28,3
reais,6.049569076778576,2.08,4
reaks,5.629943939887114,0.0,4
realm,5.2992440284407865,4.06,4
realo,5.546380988095286,0.0,4
reals,5.972134259703704,2.73,4
reame,4.933789935116449,0.0,4
reams,5.751193785015439,2.58,4
reamy,5.133569424276348,0.0,4
reans,5.945612573476032,0.0,4
reaps,5.754257836313671,2.34,3
reard,4.737859651684167,0.0,4
rearm,4.627384278126776,2.14,4
rears,5.303542481988537,2.6,5
reast,5.765041440642475,0.0,3
reata,5.068603050134814,1.48,4
reate,5.1795598888625545,1.17,3
reave,4.53901061909662,1.33,4
rebab,4.330075203540396,0.0,4
rebar,4.522529265759778,2.57,4
rebbe,3.680492325897647,2.35,4
rebec,4.247296787202869,1.29,5
rebel,4.502923024085326,4.08,5
rebid,4.861115403818371,1.57,4
rebit,5.016218943636339,0.0,5
rebop,4.720636681089959,0.0,4
rebud,4.606025969762015,0.0,4
rebus,5.179423068640565,2.53,5
rebut,4.755678382701637,2.6,4
rebuy,4.556936013737607,1.84,5
recal,5.242461107398444,1.37,5
recap,5.027047887018359,3.45,5
recce,3.80886043506542,2.22,3
recco,4.244372428545306,1.75,3
reccy,3.9918930634075953,0.0,4
recep,4.367254621543117,2.66,4
recit,5.107337970099206,1.25,4
recks,5.052979652800708,1.08,5
recon,5.03605152803824,3.24,4
recta,5.260125277869033,1.74,4
recte,4.633059633720529,1.05,3
recti,5.02992033267763,1.49,4
recto,5.074933745416748,2.24,4
recue,4.4686979133772,0.0,3
recur,4.162617187344224,2.65,4
recut,4.849256536556284,2.13,4
redan,5.325240011013545,1.66,4
redds,4.705014975149714,1.53,4
reddy,4.09970528353004,3.08,5
reded,3.9256869861722943,0.0,5
redes,5.102637385996893,1.66,4
redia,5.39730636498155,0.0,4
redid,4.409323398574397,2.29,4
redif,4.6547337903014085,0.0,4
redig,4.812505829363849,0.0,4
redip,4.9061117477246405,0.0,5
redly,4.877057483453052,0.0,5
redon,5.114755119504581,1.76,4
redos,5.591521352024247,1.24,4
redox,4.398625818591678,2.75,4
redry,4.212727472019509,0.0,5
redub,4.525716082348579,1.2,4
redug,4.553395879065473,0.0,4
redux,4.147037366210479,2.74,4
redye,4.409257448257019,0.0,4
reeaf,4.540089927583345,0.0,4
reech,4.197409442628592,0.0,3
reede,3.950647887329287,1.54,3
reeds,5.016995268028906,3.02,4
reedy,4.413510270500469,2.56,3
reefs,4.691928714455205,3.36,5
reefy,4.078838009181541,0.0,4
reeks,4.854288811658007,2.81,4
reeky,4.238415717596304,0.0,5
reels,5.191962731193555,3.12,4
reely,4.583032936338312,1.37,4
reems,4.973443992215611,1.37,5
reens,5.172137236520522,0.0,4
reerd,3.957268144526675,0.0,4
reest,4.981769807991267,0.0,3
reeve,3.513613894650476,2.91,4
reeze,3.41408672319822,0.0,5
refan,4.987268365302289,0.0,4
refed,4.206738605057249,0.0,5
refel,4.332410523278733,0.0,5
refer,3.669331487801804,4.45,5
reffo,3.91644062856567,0.0,4
refis,5.266330234229773,0.0,3
refit,4.848832459539379,2.67,4
refix,4.064457757714583,1.16,5
refly,4.540570189784387,0.0,4
refry,3.8758205311561857,0.0,5
regal,5.164943635731737,3.34,4
regar,4.533054375771883,1.59,5
reges,4.972055812428359,1.26,5
reget,4.562977118476522,0.0,4
regex,3.785233443653644,2.18,4
reggo,4.148790280607395,0.0,4
regia,5.239772325686023,2.29,4
regie,4.6381210265809605,1.66,4
regle,4.533553465323143,0.0,4
regma,4.934010903481353,0.0,4
regna,5.139625788586552,1.48,4
regos,5.441422858926917,0.0,4
regot,5.017463819571205,0.0,4
regur,4.08084884588204,0.0,5
rehab,4.808703427906845,3.79,4
rehem,4.2900796339715175,0.0,5
reifs,5.293011391590257,0.0,4
reify,4.669070801944016,1.55,4
reign,4.998565255573606,4.07,4
reiki,4.2834466948394345,2.59,4
reiks,5.456975370186562,0.0,4
reine,4.958882471154229,2.38,3
reing,4.960722713090111,0.0,4
reink,4.97951302901082,0.0,4
reins,5.761534016309109,3.31,4
reird,4.56436126077437,0.0,4
reist,5.585196956265844,1.48,4
reive,4.362633389938358,0.0,4
rejas,5.209275104484786,1.06,4
rejig,4.221270650338695,1.52,4
rejon,4.524698266318573,0.0,4
reked,4.34157114563112,0.0,4
rekes,4.932235781119931,0.0,4
rekey,4.32507150768716,1.14,4
relax,4.784213873948292,4.29,5
relay,5.362753119680596,3.86,4
relet,4.893660188364387,1.13,4
relic,5.043656070411498,3.37,3
relie,4.978086154009155,1.18,4
relit,5.364864107094108,1.65,4
rello,4.602436667988552,0.0,5
relos,5.78024484757431,0.0,4
reman,5.281049007361439,2.02,4
remap,5.058396450339482,1.94,5
remen,4.621592506937332,1.14,5
remet,4.679251701324883,0.0,3
remex,3.900388166815673,0.0,6
remit,5.145499347755548,3.09,4
remix,4.365888338426527,3.99,4
remou,4.895339953312892,0.0,4
renal,5.473026921724394,3.44,4
renay,5.347161037809024,1.28,4
rends,5.4674501374049145,1.5,4
rendu,4.841104249027373,1.84,4
renew,4.353052680563781,3.73,4
reney,4.68904593478031,0.0,4
renga,5.147720325586579,1.59,4
rengs,5.313861748678549,0.0,4
renig,4.968733734153795,0.0,4
renin,4.596713354422249,2.09,4
renks,5.3061089855195895,0.0,4
renne,4.135503118744633,1.79,4
renos,5.755900037952664,1.78,4
rente,4.872504382131169,0.0,3
rents,5.662384026616739,3.58,3
reoil,5.430002496079185,0.0,4
reorg,4.366419376991924,1.6,4
repas,5.748609312966472,1.33,3
repat,5.33352804448278,0.0,3
repay,5.126681745384219,3.66,5
repeg,4.291501037981316,0.0,5
repel,4.612967461869651,3.2,4
repen,4.607552898233083,0.0,4
repin,5.069215895378739,1.87,4
repla,5.261557743325236,0.0,4
reply,4.824053864444214,4.5,4
repos,5.548426495886469,2.43,4
repot,5.127957016926866,1.82,4
repps,4.634782942510902,0.0,4
repro,4.412326911056144,2.25,4
repun,4.818213648977173,0.0,4
reput,4.875274549283195,0.0,4
reran,4.88154552815029,1.53,4
rerig,4.368269209290308,0.0,3
rerun,4.431168367788254,2.9,5
resam,5.510824209316494,0.0,3
resat,5.777375481641361,0.0,3
resaw,5.238130496648527,0.0,3
resay,5.532156518406446,0.0,4
resee,4.356142507314514,0.0,4
reses,4.709283520631056,0.0,4
reset,5.114707206020236,3.83,3
resew,4.577339968427196,0.0,4
resid,5.404378186654267,1.51,4
resin,5.5011309632541705,3.61,4
resit,5.576784587477523,1.89,3
resod,5.405243518434571,0.0,4
resol,5.511141318211091,1.33,4
resow,5.027176789451713,0.0,4
resto,5.53321970320197,2.55,3
rests,5.086723150909182,3.64,3
resty,5.251132327238225,0.0,3
resue,4.931290396081001,0.0,4
resus,4.935699397781225,1.4,5
retag,5.176708801154835,0.0,4
retam,5.284191196497003,0.0,4
retax,4.773284594872357,0.0,4
retch,4.654116280052406,2.04,4
retem,4.622410856643265,0.0,3
retia,5.569562124701983,0.0,4
retie,4.968106043535383,1.34,3
retin,5.294557403227576,1.93,3
retip,5.0821926686656855,0.0,4
retox,4.57048948207503,1.23,4
retro,4.636827570924528,3.73,4
retry,4.384789350912356,2.57,4
reune,4.736065075747034,0.0,4
reups,5.344105794237251,0.0,5
reuse,4.951411339545877,3.37,4
revel,4.230869615375122,3.11,5
revet,4.282757499762611,0.0,4
revie,4.354199828183631,2.16,4
revow,4.202062200981391,0.0,5
revue,4.107660279047986,3.07,4
rewan,5.004559483563531,0.0,5
rewax,4.278707748647864,0.0,5
rewed,4.2215471821584805,0.0,5
rewet,4.403448547499159,0.0,5
rewin,4.79801262127408,0.0,5
rewon,4.787410716886537,0.0,5
rewth,4.466499138996543,0.0,4
rexes,4.528308562818046,1.53,5
rezes,4.5849451029190735,0.0,5
rhabd,4.426949546042216,0.0,4
rheas,5.584755184106797,1.48,4
rheid,4.825935454892304,0.0,4
rheme,4.268696479842814,0.0,4
rheum,4.450842523221128,1.79,5
rhies,5.550382218682508,0.0,4
rhime,4.851923344567668,0.0,4
rhine,5.042124400653926,3.28,4
rhino,4.740980917111879,3.57,4
rhody,4.412191733390579,1.57,4
rhomb,4.113762308279182,1.44,4
rhone,5.07677548180027,2.66,5
rhumb,3.843248626823311,1.39,4
rhyme,4.471601756748446,3.56,5
rhymy,3.3006173590626706,0.0,4
rhyne,4.671741454037221,1.81,5
rhyta,4.619341540658048,0.0,4
riads,5.601466207254519,1.18,3
rials,5.763981808143325,2.07,4
riant,5.3190155275762,1.19,3
riata,4.877300866399897,1.46,3
riato,5.373701968167831,0.0,3
ribas,5.415185573936413,1.92,3
ribby,3.64022735435814,1.23,4
ribes,5.509824221836801,1.96,3
riced,5.007339769610615,1.43,4
ricer,4.46991249744517,1.8,6
rices,5.594453016291054,1.89,4
ricey,4.976973147640751,1.03,4
riche,4.799039885088661,2.48,3
richt,4.424449104366187,2.14,4
ricin,4.018081128198071,2.4,4
ricks,4.838021923166197,2.65,5
rider,4.537078562192959,4.02,4
rides,5.65324120710316,4.06,5
ridge,4.887475173279723,4.12,4
ridgy,4.338326781092444,1.06,4
ridic,3.8372736382507697,1.89,4
riels,5.726220332305508,1.12,4
riems,5.5042853985738684,0.0,4
rieve,4.314325372876763,0.0,4
rifer,4.210580857730375,0.0,4
riffs,4.063145984753647,3.1,5
riffy,3.447363113224429,0.0,5
rifle,4.886406531039758,4.18,4
rifte,4.911715044770653,0.0,3
rifts,4.956818088597034,2.75,3
rifty,4.342805654974857,0.0,3
riggs,4.293515487668503,3.09,5
right,4.362910523181714,5.96,3
rigid,3.871776950845035,3.75,3
rigmo,4.53581417487822,0.0,5
rigol,4.76673544364764,1.07,4
rigor,4.136387899793364,3.07,5
rikka,4.092617230086855,1.67,4
rikwa,4.397134317072864,0.0,5
riled,5.265375105338519,2.84,4
riles,5.857244997754546,2.21,5
riley,5.241403760503916,3.9,4
rille,4.695581482567715,1.34,4
rills,4.742250207034892,1.47,4
rilly,4.128468731459661,1.33,4
rimae,5.4605844934846,0.0,5
rimed,5.04628611150948,1.03,4
rimer,4.508249924398448,1.72,5
rimes,5.639053370624422,2.4,5
rimon,4.864808751161056,1.07,4
rimus,5.093206091075487,0.0,4
rince,5.132727219116609,1.56,3
rinds,5.253474583695876,2.32,3
rindy,4.6533539079353,1.1,4
rines,5.831423149492001,1.38,4
ringe,5.047237101677595,1.58,4
rings,5.092685675634764,4.33,4
ringy,4.483660843603327,1.17,4
rinks,5.0881973448963,2.56,4
rinse,5.571701912352484,3.48,3
rioja,4.592295566811796,2.42,4
rione,5.496548307089272,1.06,4
riots,5.629632700765462,3.87,3
rioty,5.013644456663562,0.0,3
riped,5.023384230934944,1.22,3
ripen,5.148819123292207,2.64,3
riper,4.490484828466295,1.95,4
ripes,5.622718838717982,0.0,6
ripps,4.418034147397157,1.03,3
riqqs,3.6606601742089615,0.0,5
risen,5.586058818504981,3.86,4
riser,4.933806989592641,2.88,4
rises,5.258896621622006,4.07,5
rishi,4.1534798683557055,2.75,3
risks,4.518662584881528,4.35,5
risky,4.676831186729811,3.94,3
risps,4.635820366610105,0.0,4
rists,4.871880618043033,0.0,3
risus,4.714530829939619,1.49,4
rites,5.840408833833591,3.44,2
rithe,5.067470076150897,0.0,4
ritts,4.751907512803151,1.67,4
ritzy,4.1123023380743815,2.23,4
rival,4.672501082466773,4.18,4
rivas,5.159545778704851,2.55,4
rived,4.644247124702402,1.21,4
rivel,4.77109988224033,0.0,5
riven,4.768043104703539,2.72,4
river,4.10481748396087,5.03,6
rives,5.238914691953425,2.23,4
rivet,4.822212742521953,2.69,4
riyal,5.013774274225808,1.69,5
rizas,5.042445046975668,0.0,4
roach,4.814648698790258,3.44,5
roads,5.645897416839639,4.55,3
roady,5.045691467441048,1.5,5
roake,5.358859457149105,0.0,4
roaky,4.864503864433983,0.0,4
roams,5.587153531035032,2.52,5
roans,5.78285060598701,1.44,4
roany,5.1812845104628895,0.0,5
roars,5.143320841311659,2.91,5
roary,4.53292656991676,1.36,5
roast,5.595620771714482,3.87,4
roate,5.729541882142037,0.0,5
robbo,3.253997591005335,2.44,3
robed,4.98860190337338,2.43,4
rober,4.448912783926133,1.88,6
robes,5.575660770091695,3.39,3
robin,4.788542904141244,4.33,3
roble,5.119576274342647,1.72,4
robot,4.130862132379262,4.24,3
robug,4.252118900820683,0.0,4
robur,3.948885797676944,1.68,3
roche,4.869153070494787,3.32,4
rocks,4.909802953642148,4.38,4
rocky,4.304461653973209,4.16,4
roded,4.53393025380185,0.0,4
rodeo,4.668903805677576,3.47,4
rodes,5.7171950725357465,1.89,5
rodny,4.727574988158281,0.0,3
roers,5.118469789349189,0.0,4
rogan,4.985158227725083,2.83,4
roger,4.459447364771743,4.39,5
rogue,4.974889357390432,3.89,4
roguy,4.445894487116185,0.0,4
rohan,4.973248955796404,3.2,5
rohes,5.572675468686756,0.0,5
rohun,4.563601965495812,0.0,3
rohus,5.051812966416677,0.0,3
roids,5.465664213032729,2.05,3
roils,5.628212356612208,1.42,4
roily,5.012417965552818,0.0,4
roins,5.59677243246013,0.0,4
roist,5.418076386691808,0.0,4
rojak,4.245887842437336,1.38,5
rojis,4.85116920905055,0.0,4
roked,4.951332329952106,0.0,5
roker,4.415823750692148,2.23,5
rokes,5.544714959417855,0.0,4
rokey,4.9318960940542285,0.0,4
rokos,4.543347159273608,1.19,4
rolag,5.01930918765176,0.0,4
roleo,4.856901022966899,0.0,5
roles,5.923358169325319,4.44,4
rolfs,5.019678131284488,1.22,5
rolls,4.81227441080527,4.23,4
rolly,4.207652019314267,2.27,4
romal,5.10395431142014,0.0,4
roman,5.100588380556915,4.5,4
romeo,4.635340776011733,3.71,5
romer,4.576227578221382,2.48,5
romps,5.07234871144379,1.99,3
rompu,4.432230428669544,0.0,4
rompy,4.464144975670161,0.0,5
ronde,5.272054094433892,2.29,4
rondo,4.26844031241754,3.03,4
roneo,4.835296628164029,1.07,5
rones,5.901997585742927,0.0,4
ronin,4.423964378184008,2.77,4
ronne,4.727123840433252,1.42,5
ronte,5.47205533447811,0.0,3
ronts,5.519026332484015,0.0,4
ronuk,4.595112344903292,0.0,4
roods,4.75079162286219,1.44,4
roofs,4.412289753479337,3.58,5
roofy,3.798904872056158,0.0,5
rooks,4.577569077354863,2.56,5
rooky,3.9633554649434175,1.13,4
rooms,4.69287781758061,4.56,4
roomy,4.078842096513507,2.67,5
roons,4.890387864107737,0.0,5
roops,4.696882901922296,0.0,3
roopy,4.083731952807017,0.0,5
roosa,4.91208544539538,1.68,3
roose,5.031882502149056,2.33,4
roost,4.704416424142449,3.0,4
roots,4.936938765912541,4.34,4
rooty,4.326736535391852,2.03,4
roped,5.093853257991469,2.83,3
roper,4.560946519190549,3.07,4
ropes,5.688646626893662,3.66,4
ropey,5.074860779706017,1.92,4
roque,4.436819193189854,2.56,4
roral,4.6993649195516864,0.0,5
rores,5.293020820106428,0.0,6
roric,4.24988804682538,0.0,5
rorid,4.445667957625583,0.0,4
rorie,4.917511986692945,1.44,4
rorts,4.916533962116456,1.45,5
rorty,4.309544578372184,1.96,4
rosal,5.5264205898844905,1.41,4
rosco,4.407721172979626,2.11,4
rosed,5.524875936573419,0.0,4
roses,5.323933145775663,4.01,5
roset,5.720357739002556,1.38,3
rosha,5.20419094029909,0.0,3
roshi,4.987677859439732,2.3,3
rosin,5.337295359005311,2.53,3
rosit,5.41718315273371,0.0,4
rosps,4.707208780394645,0.0,4
rossa,4.969256816079245,2.26,4
rosso,4.106593783311161,2.83,4
rosti,5.333549984158743,1.54,3
rosts,4.940542034949404,0.0,3
rotal,5.307722526425112,0.0,4
rotan,5.3137417520613415,1.44,3
rotas,5.797313117230162,1.72,3
rotch,4.507688534473665,1.6,4
roted,5.314057328389719,0.0,4
rotes,5.906417082702033,1.53,3
rotis,5.613550708458116,1.69,3
rotls,5.501617511880857,0.0,3
roton,4.409623187898819,1.23,4
rotor,3.7943585970979448,3.42,4
rotos,4.896023368010157,0.0,4
rotta,4.634867117849674,1.26,4
rotte,4.777475920262349,0.0,4
rotto,3.7592067081584384,1.24,3
rotty,4.223480531486057,1.18,4
rouen,5.317611481285665,2.77,4
roues,5.788488063571804,0.0,3
rouet,5.3755349499121525,0.0,3
roufs,4.909246673094518,0.0,4
rouge,4.999357492194356,3.66,4
rough,4.359240400554758,4.49,4
rougy,4.473960700095659,0.0,4
rouks,5.075807152182916,0.0,5
rouky,4.458263084543434,0.0,4
roule,5.324453283179038,1.39,4
rouls,5.409730597939837,0.0,5
roums,5.1863667632932735,0.0,5
round,4.8362283005763125,5.14,3
roups,5.1955464758425896,0.0,3
roupy,4.579755760852274,0.0,4
rouse,5.521968249849665,3.1,3
roust,5.200955102275741,1.59,3
route,5.353231397427886,4.67,3
routh,4.707246408181269,2.12,4
routs,5.437290682627449,2.09,4
roved,4.71680333816038,1.59,4
roven,4.836688012946886,1.4,4
rover,4.1780065445573324,3.76,6
roves,5.30785540239105,1.44,5
rowan,4.807689526946842,3.32,5
rowdy,4.24335809492782,3.21,4
rowed,4.820870762680533,2.78,4
rowel,4.947988251336943,1.27,5
rowen,4.9403116527857085,2.03,5
rower,4.282288540893957,3.11,5
rowet,5.000790818446987,0.0,4
rowie,5.030002517867233,0.0,4
rowme,4.726416221387174,0.0,5
rownd,4.439346761038372,0.0,3
rowns,4.990467970525682,0.0,5
rowth,4.30670689614818,0.0,4
rowts,5.034047902460781,0.0,4
royal,5.065582012808493,4.85,4
royet,5.244321894590906,0.0,4
royne,5.183126345668279,0.0,5
royst,5.03249259612963,0.0,4
rozes,5.1982105840657225,1.05,5
rozet,4.788550598158209,0.0,4
rozit,4.481643131580954,0.0,4
ruach,4.551343985727116,1.65,4
ruana,4.60464581028264,1.09,4
rubai,4.75890841611248,0.0,3
ruban,4.720730970309318,1.63,4
rubby,3.421026490162673,1.53,4
rubel,4.824386092414748,1.96,5
rubes,5.295110434437139,2.22,3
rubin,4.506406143886052,3.35,3
rubio,4.609039836560472,3.46,4
ruble,4.819887827979521,2.62,4
rubli,4.463395558954858,0.0,4
rubor,3.9123782523232142,0.0,4
rubus,4.06869408965,2.02,4
ruche,4.569610224437167,1.32,4
ruchy,4.02181296765007,0.0,4
rucks,4.617477615297801,1.93,4
rudas,5.3752760310370205,1.24,3
rudds,4.27727982934427,1.14,4
ruddy,3.67165152998876,3.01,4
ruder,4.316414858612568,2.13,5
rudes,5.438375890951174,1.28,5
rudie,5.0855834764264864,1.63,4
rudis,5.166307870632036,1.48,4
rueda,5.123263067191735,2.04,4
ruers,4.835203897333098,0.0,4
ruffe,3.779721649767234,1.12,4
ruffs,3.8391969420334897,1.72,4
ruffy,3.2274864348910826,1.44,4
rufus,3.900979861655889,3.31,4
rugae,5.115330942469436,1.56,5
rugal,4.728592728147961,1.34,4
rugas,5.21704621935155,0.0,3
rugby,3.930337263156212,4.4,4
ruggy,3.457273069028984,0.0,5
ruice,5.027631479642473,0.0,4
ruing,4.502452438320179,1.64,4
ruins,5.314381036672231,4.02,4
rukhs,4.550591490334292,0.0,5
ruled,5.041482956323288,4.3,4
ruler,4.504745616599975,3.84,5
rules,5.640667382419007,5.06,4
rully,3.908373257907747,1.14,4
rumal,4.842764010535054,1.1,4
rumba,4.472276862482177,2.63,4
rumbo,4.288190530338632,1.43,4
rumen,4.9412103857908605,2.3,4
rumes,5.422919623817881,0.0,4
rumly,4.395286738753845,0.0,4
rummy,3.59415404457902,2.37,4
rumor,4.044169209646776,3.73,5
rumpo,4.422384909943015,0.0,4
rumps,4.77727137153483,1.71,4
rumpy,4.166573567513318,1.18,4
runce,4.9050289275626735,0.0,4
runch,4.203383608712789,0.0,4
runds,5.035723780664674,0.0,4
runed,5.02646621982894,1.1,4
runer,4.491267846284088,0.0,4
runes,5.619119765134447,2.89,4
rungs,4.873401687065978,2.55,4
runic,4.576961006181671,2.39,4
runny,3.8754363645990506,2.94,3
runos,5.3428770856915655,0.0,4
runts,5.225235902534939,1.79,3
runty,4.621024515092749,1.39,3
runup,3.6923321388711248,1.95,4
ruote,5.322418941460684,0.0,3
rupee,4.576173089025223,3.04,4
rupia,4.912367601766613,0.0,4
rural,4.437701165375585,4.59,4
rurps,4.382420108430874,0.0,4
rurus,3.7875648291774096,0.0,5
rusas,4.954186546314135,0.0,4
ruses,5.042585849906688,1.84,4
rushy,4.4813858908299045,1.48,4
rusks,4.292273940920621,1.5,5
rusky,4.462201087791947,1.09,3
rusma,5.032044009150303,0.0,4
russe,4.804359380292713,2.3,4
rusts,4.647036543185209,2.06,3
rusty,4.824566078174711,3.61,3
ruths,4.893023240771944,1.43,3
rutin,4.845240987191376,1.56,3
rutty,3.927096453692171,1.5,3
ruvid,4.178777204985948,0.0,3
ryals,5.353471193051905,1.11,4
rybat,4.610913412643148,0.0,3
ryiji,3.223510059038381,0.0,4
ryijy,3.175093865987157,0.0,4
ryked,4.497293566236757,0.0,5
rykes,5.069321591285639,0.0,4
rymer,4.121019485845996,1.9,5
rymme,3.978299592626618,0.0,5
rynds,4.822781258464304,0.0,4
ryoti,4.816639837762711,0.0,3
ryots,5.21882748823819,0.0,3
ryper,4.104791348929118,0.0,4
rypin,4.4429396451778445,0.0,4
rythe,4.6678392677891205,0.0,4
ryugi,4.199792379627697,0.0,4
saags,4.256143831787703,0.0,5
sabal,4.696546546265847,1.75,4
sabed,5.398740719769126,0.0,4
saber,5.655468655568524,3.18,3
sabes,5.100844969521059,1.79,6
sabha,4.370604347333964,3.1,4
sabin,5.259597091310473,2.49,4
sabir,5.41696584332608,1.9,3
sabji,4.436968115307986,1.02,5
sable,5.573552329121054,2.99,4
sabos,4.802834418884295,0.0,4
sabot,5.291150947228272,2.06,4
sabra,4.810165339522169,2.51,4
sabre,5.672012075743639,3.02,3
sabzi,4.488841504285347,1.68,4
sacks,4.458767214010545,3.59,5
sacra,4.902607283191283,2.68,3
sacre,5.7648748737933895,2.36,3
saddo,4.628335642047327,1.23,4
saddy,4.3916618506418414,0.0,5
sades,5.252970933811787,0.0,6
sadhe,5.392951595477751,0.0,3
sadhu,4.844249428808683,2.2,4
sadic,5.160432662717512,0.0,4
sadis,5.002247789725454,0.0,5
sadly,5.19368740844534,4.18,4
sados,4.973669155712414,0.0,5
sadza,4.130898092246154,1.01,4
saeta,5.292981020452482,0.0,3
safed,5.232529562767273,1.95,5
safer,5.491207287673725,4.09,4
safes,4.933748623518707,2.77,5
sagar,4.848600372473899,2.57,4
sagas,4.262721195275405,2.61,5
sager,5.667016388985618,2.49,4
sages,5.11174134344438,2.92,6
saggy,4.189374689488985,2.7,4
sagos,4.816348995966434,0.0,5
sagum,4.816506090650367,0.0,4
sahab,4.338582340975468,2.17,5
saheb,5.190717035727815,2.56,3
sahib,4.912680244904977,3.01,4
saice,5.731994140236787,0.0,4
saick,5.032565305914607,0.0,4
saics,4.934200191455305,0.0,4
saids,5.014579706770864,1.64,4
saiga,4.819132465917316,2.01,4
sails,5.2087347732894695,3.52,5
saims,4.962123777366387,0.0,4
saine,5.960623390002739,1.51,4
sains,5.158808559823069,1.73,4
saint,5.646794884913547,4.41,3
sairs,5.301371709840958,0.0,4
saist,5.090319071971823,0.0,3
saith,5.403271197382044,2.94,3
sajou,4.623977644515191,0.0,4
sakai,4.728363181786799,2.5,4
saker,5.6264004963577605,2.04,3
sakes,5.070187418481941,2.9,5
sakia,4.778656806308497,0.0,4
sakis,4.816588619429102,1.28,4
sakti,5.224370384867488,1.96,3
salad,4.959772792816853,4.15,4
salal,4.3527042195175145,1.59,5
salas,4.620258511211159,2.65,5
salat,5.110820406006558,2.22,4
salep,5.700432620934684,1.2,3
sales,5.475733848506824,5.02,4
salet,5.969929559916999,0.0,3
salic,5.367358472566661,1.8,4
salis,5.203509552225811,2.0,4
salix,4.919838458894468,2.34,3
salle,5.21320562966815,3.17,4
sally,4.662691415474074,3.97,4
salmi,5.365680977455513,1.59,3
salol,4.920310532652377,0.0,5
salon,5.593238935554054,3.87,3
salop,5.393729977178697,2.01,4
salpa,4.842538281035839,1.29,3
salps,4.874564626969846,1.44,4
salsa,4.492501425406294,3.53,4
salse,5.338465204271726,0.0,3
salto,5.630336783714692,2.03,4
salts,5.106561411564332,3.41,4
salty,5.39589118128782,3.74,3
salud,5.293636145518834,2.44,5
salue,5.76230015952785,0.0,3
salut,5.443441069168791,2.32,4
salve,5.3072458866566325,2.81,4
salvo,4.995584906268095,2.86,5
saman,4.816217457317428,2.01,3
samas,4.387542381240951,1.55,5
samba,4.451854095601395,3.18,4
sambo,4.998892516296917,2.51,4
samek,5.35799946280039,1.04,4
samel,5.702079631716842,1.19,3
samen,5.675070226224021,1.55,3
sames,5.239006347977712,1.66,4
samey,5.507198579449908,1.76,3
samfi,4.840656438946599,0.0,4
samfu,4.615222932970376,0.0,4
sammy,4.336637772007554,3.6,4
sampi,5.119173712016008,0.0,4
samps,4.626123574243904,0.0,6
sanad,4.936019912057602,1.73,4
sands,4.888408409522496,3.81,5
sandy,5.166526748366041,4.19,3
saned,5.743879944123342,0.0,4
saner,5.9872625041090695,2.25,4
sanes,5.444115282956689,1.25,6
sanga,4.691764655878095,2.04,4
sangh,4.916804098480263,2.53,4
sango,5.237880433449107,2.15,4
sangs,4.725746494144735,1.37,5
sanko,5.235707152954404,1.55,5
sansa,4.465123645841768,2.95,4
santo,5.598805948122921,3.36,3
sants,5.079513716897256,1.96,4
saola,5.163094052794462,1.22,4
sapan,4.805057671483643,1.26,4
sapid,5.282686181996221,1.02,4
sapor,5.514830600352287,1.05,3
sappy,4.319188805894751,2.68,4
saran,5.195116323721293,2.6,3
sards,5.068361126868092,0.0,5
sared,5.910407426630246,0.0,3
saree,5.668026172696252,2.63,2
sarge,5.7410259977630025,2.54,3
sargo,5.427310598715524,0.0,3
sarin,5.766612642228979,2.79,3
sarir,5.133888753163463,0.0,3
saris,5.344587996249088,2.4,4
sarks,4.899539745780409,1.1,5
sarky,5.176233953238791,1.43,3
sarod,5.66383266109197,1.36,3
saros,5.321620233394487,1.81,5
sarus,5.1018783955560005,1.09,5
sarvo,5.14118967001782,0.0,4
saser,5.394531371022282,0.0,3
sasin,5.003045483251963,1.09,4
sasse,4.499079922891881,2.27,3
sassy,3.9568533054797377,3.21,5
satai,5.083509559873859,0.0,4
satay,4.87131911761598,2.24,4
sated,5.727573337122309,2.43,3
satem,5.669195528904711,1.25,3
sater,5.98938850459553,2.06,2
sates,5.434386484867044,2.1,3
satin,5.600679366236963,3.39,3
satis,5.168784382883117,1.94,5
satyr,5.3490342440816,2.47,3
sauba,4.554449304374767,0.0,4
sauce,5.50111568187855,4.3,3
sauch,4.864791414750848,0.0,4
saucy,4.979725375578613,2.9,5
saugh,4.819793688961036,0.0,4
sauls,4.975238920360663,1.56,5
sault,5.462023199266772,2.65,4
sauna,4.901825339297581,3.25,4
saunf,4.890221667026732,0.0,4
saunt,5.426760499042449,0.0,3
saury,5.349279974116244,1.51,4
saute,5.778910467363359,2.46,3
sauts,4.9764669439601805,0.0,5
sauve,5.129187145464465,1.7,4
saved,5.130475210667829,4.67,5
saver,5.387837513751028,3.27,5
saves,4.831985563738413,4.07,6
savey,5.099042605020255,0.0,4
savin,5.003480250668091,2.56,3
savor,5.137718769119468,2.98,3
savoy,4.821753938103639,3.09,4
savvy,3.8434446297290856,3.56,5
sawah,4.292044137987413,1.33,4
sawed,5.247323921851809,2.8,5
sawer,5.502144088202959,1.55,4
saxes,4.67065497949653,1.66,6
sayas,4.322630947106029,0.0,6
sayed,5.460514467728964,2.61,3
sayee,5.1996238156778265,0.0,3
sayer,5.7157461583713145,2.5,4
sayid,5.226278144760164,2.24,3
sayne,5.596846138579225,0.0,4
sayon,5.307581512583596,1.12,3
sayst,4.698757941338664,0.0,3
sazes,4.723963315419954,0.0,7
scabs,4.297215537613069,2.58,5
scads,4.486974575945777,1.88,5
scaff,3.7447968203478585,1.1,4
scags,4.322680157958528,0.0,5
scail,5.226374213047073,0.0,4
scala,4.668905115892254,3.01,5
scald,5.015735662118059,2.17,4
scale,5.503797040138634,4.83,4
scall,4.426342564945476,0.0,4
scalp,4.894569115188682,3.48,3
scaly,4.964852337550342,2.81,4
scamp,4.636747499791509,2.32,4
scams,4.435447882911827,3.37,4
scand,4.974054547883161,1.45,4
scans,4.639383247058899,3.62,5
scant,5.126784912101533,3.1,4
scapa,4.427909702910191,2.04,4
scape,5.263874638218346,2.71,4
scapi,4.931807625832346,0.0,3
scare,5.593685105745243,4.07,4
scarf,4.725256254963044,3.68,5
scarp,4.986605040840582,2.28,5
scars,4.772382051434412,3.76,4
scart,5.263568052751019,1.76,4
scary,5.058738826452874,4.37,4
scath,4.85975542230686,0.0,4
scats,4.679124877257047,1.79,3
scatt,4.469009098943398,1.08,3
scaud,4.861109917591758,0.0,4
scaup,4.737107652595902,1.74,4
scaur,5.111493617189834,0.0,4
scaws,4.13588531980613,0.0,5
sceat,5.40211931220129,0.0,4
scena,5.308468400918914,1.63,4
scend,4.913518829096881,0.0,4
scene,4.708460927666773,4.97,3
scent,5.076779728969941,3.82,4
schav,4.149490269092066,0.0,4
schif,4.043414821262017,0.0,4
schmo,4.323757977955825,1.8,4
schul,4.3058214064594615,1.28,4
schwa,4.197615240834731,1.86,4
scifi,3.684130786638186,2.83,4
scind,4.766661525809021,0.0,4
scion,5.010875175611634,3.03,4
scire,5.421045517448669,1.15,4
sclim,4.708975895057673,0.0,4
scobe,4.966404560386298,0.0,4
scody,4.615643595465386,0.0,4
scoff,3.583997324620241,2.78,5
scogs,4.160256651786646,0.0,5
scold,4.855632392704156,2.81,4
scone,5.309049778007261,2.74,4
scoog,3.997882989892244,0.0,4
scoop,4.10567889779299,3.69,4
scoot,4.384738364135364,2.79,5
scopa,4.982316867534682,1.63,3
scope,5.10963667701829,4.26,4
scops,4.279162441739933,1.48,5
score,5.444379938145223,4.83,4
scorn,5.03937511863536,3.13,4
scorp,4.831797169577385,1.68,4
scote,5.350510503679423,0.0,4
scots,4.518409022265673,3.74,3
scoug,4.470369689985955,0.0,5
scoup,4.577660681917339,0.0,4
scour,4.955544445835384,2.97,4
scout,4.856207344417953,3.97,4
scowl,4.428902695835015,2.51,4
scowp,4.1783974506162345,0.0,5
scows,3.970940164833271,1.31,5
scrab,4.924982889554595,0.0,5
scrae,5.669590493903381,0.0,3
scrag,4.948233574456165,1.48,4
scram,5.065677733774767,2.35,4
scran,5.265667590723985,1.7,4
scrap,5.057297974552278,3.9,3
scrat,5.336554098978948,1.66,4
scraw,4.793606136419529,0.0,4
scray,5.127155705897054,1.02,3
scree,5.010414496533793,2.31,3
screw,4.890355704453606,4.25,4
scrim,4.852464366353555,2.5,4
scrip,4.843521222264624,2.6,3
scrob,4.734475727519495,0.0,4
scrod,4.990225599113256,1.16,4
scrog,4.7588107972528775,0.0,3
scroo,4.505217051117824,0.0,4
scrow,4.597318135138934,0.0,4
scrub,4.465453961452604,3.69,3
scrum,4.598562198132744,3.25,4
scuba,4.6041731553779615,3.31,4
scudi,4.555554045274201,1.56,4
scudo,4.628088630603173,1.47,5
scuds,4.0588250724270045,1.7,4
scuff,3.314099697663188,2.45,4
scuft,4.213605633101379,0.0,4
scugs,3.892357773332333,0.0,5
sculk,4.363699735568269,0.0,4
scull,3.997934909457293,2.29,4
sculp,4.465271547309459,1.23,4
sculs,4.2514333692724815,0.0,4
scums,4.004057492951866,1.94,4
scups,4.010120179206901,0.0,4
scurf,4.302061717823683,1.23,4
scurs,4.348000105809158,0.0,4
scuse,4.475767450511889,2.08,4
scuta,4.994399629720019,0.0,4
scute,5.09313087597366,1.59,4
scuts,4.251463167667114,0.0,4
scuzz,3.0788038408409277,1.53,5
scyes,4.476601253866944,0.0,5
sdayn,4.863146115858303,0.0,4
sdein,5.213099664848725,0.0,4
seals,5.347739902978941,3.85,4
seame,5.176582242138047,0.0,4
seams,5.100712912378337,3.32,4
seamy,5.357962247139895,1.82,3
seans,5.304044339806512,1.29,5
seare,5.51174841651049,0.0,3
sears,5.436147805926436,3.49,3
sease,4.807669691362294,1.25,4
seats,5.337366642884722,4.53,4
seaze,4.676377193285822,0.0,5
sebum,4.746940716984132,2.15,4
secco,4.500615973257674,1.73,4
sechs,4.425517003253467,1.62,5
sects,4.784039748985864,3.14,4
sedan,5.583464299556648,3.55,4
seder,5.012780851369927,2.55,4
sedes,4.464846021736642,1.46,5
sedge,4.593185585967237,2.39,4
sedgy,4.77657213790253,0.0,4
sedum,4.91657819443101,2.0,4
seeds,4.366861706801727,4.28,5
seedy,4.633384817540674,2.83,4
seeks,4.202890618973191,4.13,5
seeld,4.891795244954937,0.0,4
seels,4.568900453674085,0.0,5
seely,4.834956725372064,2.21,4
seems,4.324597084664823,5.24,5
seeps,4.326224630678855,2.67,5
seepy,4.594442565612058,0.0,4
seers,4.662533435079362,2.42,5
sefer,4.708067947987283,2.11,5
segar,5.5682156112603804,1.81,3
segas,4.992781419659964,1.01,5
segni,5.169763665289822,1.36,3
segno,5.215348639222182,1.45,3
segol,5.25440818418517,0.0,4
segos,4.790858365394301,0.0,5
segue,4.635106180059919,2.56,4
sehri,5.297676480341045,0.0,3
seifs,4.6410752102159,0.0,5
seils,5.173263412958123,0.0,5
seine,5.211490276866411,3.17,2
seirs,5.269003705692976,0.0,4
seise,4.639200207701443,0.0,4
seism,4.81159897634811,0.0,3
seity,5.428152206086048,0.0,3
seiza,5.108556612576074,1.33,5
seize,4.509701297231435,3.8,3
sekos,4.757141127121005,0.0,4
sekts,4.663861674510848,0.0,5
selah,5.548746771913786,2.44,4
seles,4.688401124837644,1.87,5
selfs,4.546272756692384,1.87,4
selfy,4.821262844631421,1.07,4
selky,4.973984341375296,0.0,5
sella,5.058512740715846,2.29,3
selle,4.437391364968947,1.81,4
sells,4.342211250144211,4.09,6
selva,5.155708066604018,2.19,4
semas,5.120863987805082,0.0,4
semee,4.193606367075976,0.0,5
semen,4.888022697998804,3.38,5
semes,4.451596440783811,1.08,5
semie,5.01559804935852,0.0,3
semis,4.927505993099255,3.06,5
senas,5.32987382461345,0.0,4
sends,4.837415620369412,4.15,5
senes,4.659341658093677,0.0,5
senex,4.382701238301298,1.88,4
sengi,5.179696935977835,1.26,4
senna,5.013127955261349,2.94,5
senor,5.687585238640562,2.61,4
sensa,5.172164726189109,1.75,5
sense,4.531818838266269,5.19,3
sensi,4.957699064741584,1.97,4
sensu,4.725718530034062,2.21,3
sente,5.13768818443037,1.74,4
senti,5.541334651755054,1.79,3
sents,5.03161103884139,1.34,3
senvy,4.674117323825751,0.0,4
senza,5.019907701116332,2.17,5
sepad,5.42153843920747,0.0,4
sepal,5.553930119320803,1.81,3
sepia,5.58959858049524,2.78,4
sepic,5.0711230154814,0.0,3
sepoy,5.164907444867697,2.1,4
seppo,4.5367104500017,1.74,4
septa,5.534149954530887,2.7,3
septs,4.81199872913473,1.47,4
serac,5.6888102894016415,1.1,3
serai,5.973076156387565,1.77,3
seral,5.9252473731369895,1.2,3
sered,5.129700214477875,1.07,3
serer,4.595982588247314,1.23,3
seres,4.831613679852585,1.73,4
serfs,4.690368659497466,2.7,4
serge,4.96652941877126,3.22,4
seria,5.988829301629272,2.14,3
seric,5.474798346088031,0.0,4
serif,5.267468974332665,2.64,4
serin,5.728594704364298,1.62,4
serir,5.093226375899578,0.0,4
serks,4.851819965182915,0.0,5
seron,5.721860905268223,1.37,3
serow,5.254823580702682,1.2,4
serra,5.22709763362561,2.91,3
serre,4.604379081898117,1.94,4
serrs,4.509114827555758,0.0,5
serry,4.784142605186946,1.72,4
serum,5.27385695037185,3.74,3
serve,4.676847431216778,4.85,4
servo,5.127326532512091,2.9,3
sesey,4.323003084166507,0.0,4
sessa,4.364501942900996,1.7,4
setae,5.40897530413369,2.23,4
setal,5.76544606174588,0.0,4
seter,5.203715304559027,0.0,3
seths,4.686086169894363,1.18,3
seton,5.549054203577232,2.84,4
setts,4.323113501737508,1.82,4
setup,5.087726121765137,4.09,4
sevak,4.838030372152029,1.64,4
seven,4.488626401255572,5.08,5
sever,4.602718299681326,3.15,5
sevir,5.1031879808388245,0.0,4
sewan,5.266602559663301,0.0,4
sewar,5.405502976095079,0.0,2
sewed,4.462411223399715,2.89,5
sewel,4.628299155297612,1.28,4
sewen,4.6062227319590505,0.0,5
sewer,4.717370793340155,3.64,4
sewin,5.061894756417446,1.28,4
sexed,4.180523959079916,2.48,5
sexer,4.437391371002792,0.0,5
sexes,3.8818548349102304,3.43,6
sexor,4.927616294694031,0.0,4
sexto,4.812336330301625,1.45,3
sexts,4.262386233351019,1.81,4
seyen,4.826086524113555,0.0,4
sezes,3.9371759715497854,0.0,5
shack,4.507575030794462,3.43,4
shade,5.310701703939626,4.16,5
shads,4.502305021704833,1.21,5
shady,4.788077105987722,3.71,5
shaft,4.658007755735751,3.9,4
shags,4.346531707567696,1.99,5
shahs,3.828506444762879,1.86,5
shaka,4.326484714122666,2.63,5
shake,5.1534776819176455,4.33,4
shako,4.869775595211182,1.69,5
shakt,4.827055442977691,0.0,5
shaky,4.620145234972872,3.45,5
shale,5.517521481555004,3.69,4
shall,4.44022009576065,5.03,4
shalm,4.925458932830688,0.0,4
shalt,5.182505900937072,3.34,4
shaly,4.979657104553699,1.13,4
shama,4.433414792364417,2.04,5
shame,5.2714180762799865,4.55,4
shams,4.449218008553857,2.65,4
shand,4.989105001524099,2.46,4
shank,4.767849156157076,3.07,4
shans,4.649568098118311,1.41,5
shape,5.280255773801304,4.72,3
shaps,4.454041886180107,0.0,5
shard,5.121128094853416,3.0,4
share,5.603356239921057,5.2,4
shark,4.902497675077452,4.1,4
sharn,5.209793110018213,1.41,3
sharp,4.999132937375624,4.48,4
shart,5.274171402810806,1.96,4
shash,3.7511418460929393,1.15,5
shaul,5.001729484133205,2.15,4
shave,4.874759390324729,3.83,4
shawl,4.609975424248044,3.17,4
shawm,4.377544832192769,1.18,5
shawn,4.590689701575663,3.81,4
shaws,4.150797402369799,1.94,5
shaya,4.365995472112836,1.64,5
shays,4.373683565348872,2.04,5
shchi,3.735401598190759,0.0,4
sheaf,4.881062033189417,2.6,4
sheal,5.37838611849442,0.0,4
shear,5.503593756032071,3.4,4
sheas,4.92607321343411,0.0,4
sheds,4.439729894059298,3.48,4
sheel,4.770171583143852,1.29,4
sheen,4.746557561662847,3.34,4
sheep,4.525608089779808,4.19,4
sheer,4.858261466920013,4.01,5
sheet,4.800330960176147,4.4,4
sheik,4.853258948150485,3.1,4
shelf,4.600005207750535,4.02,4
shell,4.391253645286505,4.39,5
shend,4.9248972503830135,0.0,4
sheng,4.698068101902617,2.87,4
shent,5.086900107809251,0.0,5
sheol,5.212704964075891,2.07,4
sherd,5.055230405882516,1.44,4
shere,4.846359605508602,2.38,4
shero,5.290509050341299,2.11,3
shets,4.633833494929806,0.0,5
sheva,4.723393367003919,2.37,4
shewn,4.537685396657167,1.65,4
shews,4.096419990456496,1.39,4
shiai,4.529402412149665,0.0,4
shied,5.19508566966183,2.51,4
shiel,5.362193782799336,2.12,4
shier,5.44858766831827,1.45,4
shies,4.896187276086659,1.96,4
shift,4.457191209575071,4.57,3
shill,4.239990782505006,2.68,4
shily,4.773667322877082,0.0,4
shims,4.248426010258866,2.08,5
shine,5.288527773472156,4.17,4
shins,4.44089436640292,2.68,4
shiny,4.726038366592504,3.88,4
shiok,4.7205644640678,1.17,4
ships,4.253172375423351,4.55,4
shire,5.428989875137183,3.47,4
shirk,4.705251909188034,2.66,3
shirr,4.379869723066123,0.0,4
shirs,4.5836386761088885,0.0,4
shirt,5.0785727270235,4.63,4
shish,3.5465436055858817,2.04,4
shiso,4.458618331161268,1.69,4
shist,4.374994957797592,0.0,4
shite,5.342992828144325,3.31,4
shits,4.490959948495734,3.64,4
shiur,4.930161748249442,1.27,3
shiva,4.594313658150985,3.33,4
shive,4.694350537658384,1.65,5
shivs,3.8582579320914743,1.49,5
shlep,5.030386740760798,0.0,3
shlub,4.339935796966887,0.0,4
shmek,4.688552951521898,0.0,4
shmoe,5.124026320431042,0.0,4
shoal,5.254215185228649,2.93,3
shoat,5.298733636196251,1.1,4
shock,4.345568892701677,4.46,5
shoed,5.2219459412263545,1.51,3
shoer,5.476070159003481,0.0,3
shoes,4.9217800576282364,4.67,4
shogi,4.67573406795719,1.96,4
shogs,4.183978426598385,0.0,5
shoji,4.228224314559812,2.27,4
shojo,3.5784836805732545,1.89,4
shola,5.240032167119742,2.07,4
shone,5.3218303507266524,3.23,4
shonk,4.607034733416563,1.34,4
shook,4.027744016079314,4.05,4
shool,4.36842375177098,1.6,4
shoon,4.3370750679341095,1.31,5
shoos,3.907051807124271,1.53,4
shoot,4.400000939172293,4.73,3
shope,5.126343172702566,1.62,5
shops,4.291697781803724,4.34,4
shore,5.455356793378146,4.33,4
shorl,5.053641090924604,0.0,4
shorn,5.048950480252556,2.53,3
short,5.118369397238676,5.33,4
shote,5.36567856113439,0.0,4
shots,4.528688510760321,4.63,4
shott,4.323169227495804,1.43,4
shoud,4.724229272272025,2.13,5
shout,4.873806508033882,4.06,2
shove,4.721829481705187,3.66,5
showd,4.325937149908919,0.0,5
shown,4.420237458094513,4.9,4
shows,3.984350979437505,5.23,5
showy,4.278865532856016,2.79,4
shoyu,4.502880489975903,1.73,4
shred,5.241185122391338,3.32,4
shrew,4.909920814131863,2.75,4
shris,4.642978008931443,0.0,4
shrow,4.617543802030464,0.0,4
shrub,4.487835848086347,3.19,3
shrug,4.518591537913487,3.3,4
shtar,5.261439395714,0.0,4
shtik,4.579894940153847,0.0,3
shtum,4.434651346634664,1.03,3
shtup,4.429628684798304,0.0,4
shuba,4.628407685557448,1.01,5
shuck,4.086749563873414,2.37,4
shule,5.106804962926634,1.15,4
shuln,4.693913741535212,0.0,4
shuls,4.267273712182055,1.1,5
shuns,4.2260157386084645,2.32,5
shunt,4.716987873226103,2.82,3
shura,5.1006692637751225,2.51,4
shush,3.3245237168290886,2.75,4
shute,5.112488497733042,2.34,4
shuts,4.269498445508832,3.49,4
shwas,4.183504834650492,0.0,5
shyer,5.054998639372694,1.72,4
shyly,3.779601201045818,2.42,4
sials,5.132677927040758,0.0,4
sibbs,3.6014355214651275,0.0,5
sibia,4.481944333633357,0.0,4
sibyl,4.6081819724333615,2.45,4
sices,4.950782775632685,0.0,6
sicht,4.6892720613372525,1.37,4
sicko,4.737244243764908,2.55,4
sicks,4.186996732565839,1.52,5
sicky,4.454452479641239,1.42,4
sidas,4.931903875506871,0.0,6
sided,4.710113145881796,3.94,5
sider,5.556877480263146,2.36,4
sides,5.0133468464768205,4.73,6
sidey,5.276361568949743,1.55,3
sidha,5.027735275599921,0.0,4
sidhe,5.138996592606686,1.93,4
sidle,5.481263851229005,2.0,3
siege,4.850396680090802,3.93,3
sield,5.424274978158316,0.0,4
siens,5.055531740383746,0.0,5
sient,5.549108750685987,0.0,4
sieth,5.28912273134386,0.0,4
sieur,5.486179149229344,2.18,4
sieve,4.553691656264129,3.0,4
sifts,4.302134799589778,1.85,5
sighs,4.138834104486821,3.38,5
sight,4.623299363354623,4.54,3
sigil,4.230743927878277,2.37,4
sigla,5.213815393702627,1.12,4
sigma,4.962268504710476,3.51,4
signa,5.171634611449371,1.96,4
signs,4.443014270045892,4.71,5
sigri,4.312932542902455,0.0,3
sijos,4.144623312282418,0.0,5
sikas,4.748023575432346,0.0,5
siker,5.384048389893378,0.0,4
sikes,4.832193923887819,2.45,5
silds,4.65474812849908,0.0,5
siled,5.534180897611061,0.0,3
silen,5.665955607643414,1.22,4
siler,5.760402576970986,2.11,3
siles,5.238702866866355,1.61,4
silex,4.955596393466083,1.87,3
silks,4.4864798576833245,2.79,5
silky,4.757058821021908,3.26,3
sills,4.115209823805105,2.79,5
silly,4.38884750859812,4.39,3
silos,4.945267163681166,2.94,4
silts,4.841737197269007,1.73,4
silty,5.122915358784624,2.11,4
silva,4.94012024652036,3.77,3
simar,5.483405995755095,1.41,4
simas,4.899527457658718,1.67,4
simba,4.945107419229378,2.94,4
simis,3.896249143102205,0.0,4
simps,4.356451502515616,1.86,4
simul,4.905553495325927,1.84,4
since,5.381128275325297,5.75,3
sinds,4.614822687599241,1.09,5
sined,5.498487177498103,0.0,4
sines,5.200291714425704,2.09,5
sinew,5.163726471256165,2.33,3
singe,5.296500930059162,2.43,4
sings,4.450294632781331,3.89,6
sinhs,4.470224574519013,0.0,5
sinks,4.449560022285609,3.47,6
sinky,4.717735889809778,0.0,4
sinsi,3.9527196450901134,0.0,4
sinus,4.649896866110068,3.28,4
siped,5.271078426962027,0.0,4
sipes,4.980983285452187,1.69,4
sippy,4.043935335456123,2.49,4
sired,5.67022456309127,2.65,4
siree,5.442558151623627,1.67,4
siren,5.811307323360496,3.46,4
sires,5.376594325970116,2.52,4
sirih,4.466975347272964,0.0,3
siris,4.275685754843381,1.6,4
siroc,5.269373524145911,0.0,3
sirra,5.016096321169762,0.0,4
sirup,5.04532694610972,1.3,3
sisal,4.951090377091916,2.19,3
sises,4.339960587694628,0.0,6
sissy,3.6778227174095695,3.23,4
sista,4.94277108957678,2.2,4
sists,3.948056013408572,0.0,5
sitar,5.684869535705826,2.41,3
sitch,4.693527589665669,2.11,4
sited,5.484287310705685,2.75,4
sites,5.193210738717523,4.74,5
sithe,5.315255047462953,1.06,3
sitka,5.175162432797245,2.65,4
situp,4.861416758060981,0.0,3
situs,4.6446570681545305,2.0,5
siver,5.142043865666851,1.83,4
sixer,4.9785233482097375,2.05,4
sixes,4.427383383568701,2.91,6
sixmo,4.351487958600172,0.0,4
sixte,4.892542603951294,1.08,3
sixth,4.242824502953073,4.38,4
sixty,4.3231611301995,3.93,4
sizar,4.973389345416969,1.14,4
sized,4.781197334783552,4.27,4
sizel,4.949294534013418,0.0,4
sizer,5.035044898177411,1.94,5
sizes,4.484187881736723,4.18,6
skags,4.224950879841067,1.07,5
skail,5.128614458572839,0.0,4
skald,4.916143097823431,1.55,4
skank,4.178460023276131,2.68,4
skarn,5.103171800663879,1.44,3
skart,5.160318073230123,0.0,5
skate,5.40310882808392,3.74,3
skats,4.572235318293405,0.0,4
skatt,4.363895323744315,0.0,4
skaws,4.038279611575131,0.0,5
skean,5.249241149859668,0.0,4
skear,5.3908028583602325,0.0,4
skeds,4.322122227213912,0.0,5
skeed,4.482794311258768,0.0,4
skeef,4.150533670412889,0.0,6
skeen,4.633269685893786,1.99,4
skeer,4.745800546872651,0.0,5
skees,4.184086906289,1.24,5
skeet,4.679678792075859,2.7,4
skeev,4.032405219681776,0.0,5
skeez,3.951688747372717,1.03,5
skegg,3.798933440423546,0.0,4
skegs,4.166385339432775,0.0,5
skein,5.059849898635038,2.34,3
skelf,4.484128091346659,0.0,4
skell,4.276767037378059,1.8,4
skelm,4.753930539338054,0.0,5
skelp,4.745832120641242,1.22,4
skene,4.610591277190467,2.07,4
skens,4.487331209182903,0.0,4
skeos,4.630526033784036,0.0,4
skeps,4.282418043665084,0.0,5
skerm,4.847539706789148,0.0,4
skers,4.619534815962947,0.0,5
skets,4.515867184498438,0.0,4
skews,3.984216862524464,2.28,5
skids,4.182820477380196,2.72,4
skied,5.080284496333371,2.46,4
skier,5.338609437460649,3.2,4
skies,4.784276933010562,3.91,4
skiey,5.053830752583712,0.0,4
skiff,3.444944752799107,2.63,4
skill,4.126586640056049,4.42,4
skimo,4.683972300071244,1.05,4
skimp,4.336119287206525,2.52,5
skims,4.12971271820224,2.1,4
skink,3.9680922507031022,2.14,5
skins,4.330599061065389,3.79,4
skint,4.816758020006773,2.42,4
skios,4.4836506169840025,0.0,4
skips,4.136817958957242,3.15,4
skirl,4.909581963087141,1.31,3
skirr,4.271440037754357,0.0,4
skirt,4.967946743019763,3.96,4
skite,5.224344854870595,1.03,4
skits,4.372805416046624,2.88,5
skive,4.576248183296486,1.64,5
skivy,4.023383017356356,0.0,4
sklim,4.607323223168886,0.0,4
skoal,5.135622747453267,1.82,4
skobe,4.867653639401631,0.0,5
skody,4.514993803297294,0.0,4
skoff,3.482216005057348,0.0,5
skofs,3.8854790642295214,0.0,5
skogs,4.060834469475587,0.0,5
skols,4.415402453630363,0.0,5
skool,4.251792243812132,2.34,4
skort,5.0035522705816815,1.51,4
skosh,4.014768260134043,0.0,5
skran,5.169869107337644,0.0,5
skrik,4.174309632975453,0.0,4
skroo,4.404564344988916,0.0,4
skuas,4.456147931192386,1.61,4
skugs,3.7940051021314942,0.0,5
skulk,3.792662042620066,1.89,4
skull,3.896701383926754,4.09,4
skunk,3.751376751430573,3.1,4
skyed,4.67993790188595,0.0,4
skyer,4.938340084031338,0.0,4
skyey,4.073355554809312,0.0,4
skyfs,3.444272971928111,0.0,4
skyre,4.918808046916873,0.0,4
skyrs,4.070369905604028,0.0,4
skyte,4.8166133407480896,0.0,4
slabs,4.608084825148549,3.2,4
slack,4.817461341898556,3.71,4
slade,5.609336968249567,3.25,4
slaes,5.36757470918049,0.0,4
slags,4.640731191445974,2.4,5
slaid,5.41977335812517,0.0,4
slain,5.497893125173793,3.54,3
slake,5.452316473643443,2.01,4
slams,4.74168475249924,3.63,4
slane,5.761658301997254,1.91,4
slang,5.035400921750918,3.55,4
slank,5.04754468114831,1.36,5
slant,5.414980475247896,3.18,4
slaps,4.748357927477253,3.17,5
slart,5.53768247736344,0.0,3
slash,4.582107585153683,3.65,4
slate,5.817681007428861,3.82,3
slats,4.981523849849898,2.68,4
slaty,5.275548209557362,2.04,3
slave,5.175279582212072,4.31,4
slaws,4.446322654322282,0.0,5
slays,4.668414294369893,2.53,5
slebs,4.561081246238216,0.0,5
sleds,4.740586466446382,2.57,3
sleek,4.7235112786115945,3.34,4
sleep,4.829261237221273,5.05,4
sleer,5.1323850510852775,0.0,3
sleet,5.095347551118625,2.83,3
slept,5.185396796912849,4.18,4
slews,4.398949912882685,1.12,5
sleys,4.616067916414337,0.0,5
slice,5.365043701085983,4.0,4
slick,4.619669093861546,3.71,4
slide,5.42889152020904,4.3,4
slier,5.722596148349105,1.11,3
slily,4.347629917428036,0.0,4
slime,5.393524932135114,3.38,4
slims,4.544190406691388,2.21,5
slimy,4.826478218221162,3.08,3
sling,4.825051155798107,3.34,4
slink,4.841494448866712,2.38,4
slipe,5.4031022383191765,0.0,4
slips,4.552727615149903,3.61,4
slipt,5.038319040236744,0.0,4
slish,4.380534401084507,0.0,4
slits,4.78586424178307,2.88,4
slive,4.998021129980086,1.49,5
sloan,5.513479948944451,3.44,4
slobs,4.444028384132492,2.24,5
sloes,5.220533631269141,1.45,4
slogs,4.474301433223294,1.56,5
sloid,5.250478178673196,0.0,4
slojd,4.369089277669444,0.0,5
sloka,5.171629990168172,1.43,4
slomo,4.413651196706764,1.71,4
sloom,4.425767545048447,0.0,4
sloop,4.411965528369843,2.8,4
sloot,4.6824712340325245,2.14,4
slope,5.421727109363729,3.9,4
slops,4.585320048553588,1.86,4
slopy,4.8780815005316205,0.0,3
slorm,5.120348095706103,0.0,4
slosh,4.416988269348624,2.1,4
sloth,5.009122863274241,3.1,3
slots,4.8168387291440204,3.83,4
slove,5.01861870957404,0.0,4
slows,4.276504582718795,3.39,5
sloyd,4.853207129491453,1.22,3
slubb,3.789603485330066,0.0,5
slubs,4.183235898033007,0.0,4
slued,5.26165685931446,0.0,3
slues,4.966365467932063,0.0,5
sluff,3.6278099580760816,1.02,4
slugs,4.2134570443554376,3.05,5
sluit,5.146223958035902,0.0,4
slump,4.519503430796264,3.36,4
slums,4.313634742813892,3.2,5
slung,4.609058491909193,2.85,4
slunk,4.623673962410628,1.97,5
slurb,4.719779564269794,0.0,4
slurp,4.849576756492538,2.56,4
slurs,4.630996691324355,3.12,4
sluse,4.793008114323095,0.0,4
slush,4.154426059194436,2.99,4
sluts,4.558519812327847,3.19,4
slyer,5.33016241218426,0.0,3
slyly,3.3584867262353755,2.46,4
slype,5.005864282215343,0.0,4
smaak,4.371064546440602,0.0,4
smack,4.550895193331973,3.64,4
smaik,4.928117325375486,0.0,4
small,4.4686203388000685,5.51,4
smalm,4.38986067365727,0.0,4
smalt,5.204683463186662,0.0,4
smarm,4.477837235264464,1.35,4
smart,5.2999166466422585,4.83,4
smash,4.320904835518429,4.09,4
smaze,4.806384447264447,0.0,4
smear,5.533229344913135,3.46,4
smeek,4.4509810438951805,0.0,5
smees,4.33267365363061,0.0,5
smeik,4.881216665543393,0.0,4
smeke,4.426787512211752,0.0,4
smell,4.422517521353849,4.49,5
smelt,5.152295874077237,2.99,4
smerk,4.875924497648006,0.0,4
smews,4.128207154416767,0.0,5
smick,4.34661426689883,0.0,5
smile,5.368628812850642,4.64,4
smily,4.801731935279374,1.35,4
smirk,4.732600499428942,3.04,3
smirr,4.408504159414997,0.0,4
smirs,4.616826974856863,0.0,5
smite,5.36931488462471,2.93,4
smith,4.713764971402544,4.89,4
smits,4.518366841411876,2.1,4
smize,4.6249747233208005,1.04,4
smock,4.387232821077194,2.57,5
smogs,4.211348861811033,0.0,5
smoke,5.024964989484731,4.67,5
smoko,4.034873215816475,1.55,4
smoky,4.484095186263887,3.33,4
smolt,5.041041856256043,1.52,4
smoor,4.520735318542217,0.0,4
smoot,4.42210872450413,2.39,5
smore,5.485800301661048,1.42,4
smorg,4.769727765710797,0.0,4
smote,5.390907108628346,2.3,4
smout,4.893379925382519,1.56,4
smowt,4.497720045577344,0.0,4
smugs,3.9436221581636217,0.0,4
smurs,4.387885444609873,0.0,4
smush,3.889558382033993,1.95,4
smuts,4.290687857116765,2.41,4
snabs,4.523449355257036,0.0,5
snack,4.734904310433954,3.9,4
snafu,4.6454121449520205,2.54,4
snags,4.554838394687319,2.65,4
snail,5.4430693945628175,3.67,4
snake,5.365576303710275,4.23,4
snaky,4.830460494285589,1.72,4
snaps,4.661983435411048,3.66,4
snare,5.809790990178241,3.25,4
snarf,4.940199428318865,1.62,4
snark,5.106246571570941,2.65,4
snarl,5.394537824312876,2.62,4
snars,4.98365565949777,0.0,4
snary,5.273367816601585,0.0,4
snash,4.5009565920808745,0.0,4
snath,5.101634698253757,0.0,4
snaws,4.366867611486628,0.0,4
snead,5.470424173810932,2.38,4
sneak,5.256453068919682,3.99,4
sneap,5.354569469018971,0.0,4
snebs,4.469809733246639,0.0,5
sneck,4.67807538845174,0.0,4
sneds,4.654689369069124,0.0,3
sneed,4.817190914093299,2.24,4
sneer,5.064305210910536,2.7,5
snees,4.512855109060606,0.0,5
snell,4.59389745428673,2.89,4
snibs,4.322500653394071,0.0,5
snick,4.531969258476693,1.71,4
snide,5.342013420129845,2.59,4
snied,5.410243718097316,0.0,4
snies,5.110602902242476,0.0,3
sniff,3.771242303320311,3.44,4
snift,4.666761263487307,0.0,4
snigs,4.3513915383821615,0.0,4
snipe,5.308794059604872,3.04,4
snips,4.459674023729051,2.25,4
snipy,4.74351028517088,0.0,4
snirt,5.278948959924106,0.0,4
snits,4.702029416627861,0.0,5
snive,4.908579522500035,0.0,4
snobs,4.359802572022918,2.6,5
snods,4.552358476860981,0.0,5
snoek,5.255093877321945,1.43,3
snoep,5.352135528495094,0.0,4
snogs,4.390155565495625,1.24,4
snoke,5.207856157055212,1.97,4
snood,4.458431015739533,1.8,4
snook,4.235580194837095,2.48,4
snool,4.563860337796465,0.0,5
snoop,4.326820032528526,3.4,4
snoot,4.605317458214691,1.94,5
snore,5.655991197583365,2.76,4
snort,5.3157984363455695,3.01,4
snots,4.740174727925868,1.27,4
snout,5.078006568412643,3.08,4
snowk,4.316540529456227,0.0,4
snows,4.196945912260209,2.97,5
snowy,4.492064963398259,3.46,4
snubs,4.088413905722538,2.33,5
snuck,4.302212692781349,3.27,4
snuff,3.537831523019559,3.15,4
snugs,4.118800494050918,1.45,5
snush,4.063837626684873,0.0,4
snyes,4.704136721157908,0.0,4
soaks,4.813881432486919,2.58,4
soaps,4.933423441893264,3.19,4
soapy,5.206309306008493,2.75,4
soare,6.0437229761310105,1.2,4
soars,5.264414182223353,2.87,4
soave,5.310690427029831,1.74,5
sobas,4.804312718621815,0.0,5
sober,5.48200805115972,3.94,4
socas,4.897890317940517,0.0,4
soces,5.019569703775681,0.0,5
socia,5.370603314299174,1.75,3
socko,4.099946737123307,1.44,4
socks,4.260257108781072,4.03,6
socle,5.475343791506682,1.43,4
sodas,4.974241242867111,2.91,5
soddy,4.191851073691779,1.76,4
sodic,4.952076688861749,1.33,4
sodom,4.296727025460666,2.86,4
sofar,5.223309436789685,1.9,4
sofas,4.63187279252335,2.86,5
softa,5.0722510769590645,0.0,4
softs,4.369148838698107,1.78,4
softy,4.655796042608147,2.21,4
soger,5.491786732600118,0.0,4
soggy,3.991013478792892,3.14,4
sohur,4.98664079125481,0.0,3
soils,5.000167917666507,3.57,5
soily,5.267341028143136,0.0,2
sojas,4.377907325739508,0.0,6
sojus,3.9685957041839943,0.0,5
sokah,4.987050566979221,0.0,5
soken,5.33530293001136,1.4,3
sokes,4.894721956280304,0.0,6
sokol,4.3474837767114,2.17,4
solah,5.372917095349076,1.11,4
solan,5.593355068640384,1.91,4
solar,5.736462200461788,4.53,4
solas,5.1765011613588925,2.3,4
solde,5.550364798432143,1.32,5
soldi,5.21845911129833,1.74,4
soldo,4.568176445082732,1.69,4
solds,4.725537660040079,0.0,5
soled,5.602867257496336,2.28,3
solei,5.77449204067166,0.0,3
soler,5.829014381830245,2.36,3
soles,5.3045487263488535,3.18,5
solid,5.335789845449916,4.73,3
solon,4.692286769799515,2.66,4
solos,4.276402632457121,3.33,4
solum,4.991278828420322,1.75,4
solus,4.769642859504968,2.3,5
solve,5.120424333912497,4.42,5
soman,5.367048975502686,1.84,4
somas,4.942624630825006,1.28,5
sonar,5.723976458575241,3.3,3
sonce,5.451315404303077,1.11,4
sonde,5.515992260632864,1.41,4
sones,5.270951373666875,1.92,6
songo,4.363354249807713,1.36,4
songs,4.526993062909593,4.84,6
songy,4.809123828491968,1.64,4
sonic,5.131816010737664,3.93,4
sonly,5.155189385427297,0.0,3
sonne,4.981353908249536,2.32,4
sonny,4.419896343570977,3.64,4
sonse,5.117137461234178,0.0,4
sonsy,4.574256506434128,0.0,4
sooey,4.917070557461018,0.0,4
sooks,3.917740206905,1.13,6
sooky,4.188892245169949,1.2,5
soole,5.10122756533681,0.0,4
sools,4.281145859141549,0.0,5
sooms,4.036206943572065,0.0,6
soops,4.038989307417261,0.0,5
soote,5.103020999959352,0.0,4
sooth,4.4745046429192366,2.37,4
soots,4.277273088700789,1.08,5
sooty,4.557440205300163,2.51,4
sophs,4.327499448486396,1.26,4
sophy,4.610078817166204,2.06,5
sopor,4.610645351636831,1.32,4
soppy,4.120615902627799,2.3,4
sopra,5.459952516251698,2.02,3
soral,5.73930738088994,0.0,3
soras,5.320233516022728,1.16,4
sorbi,5.171424201179237,1.02,3
sorbo,4.523601335403378,1.88,3
sorbs,4.68382725379095,1.24,4
sorda,5.573227346251386,0.0,4
sordo,4.714908991727082,1.61,4
sords,4.871072635688203,0.0,5
sored,5.738449089508968,1.14,3
soree,5.489207967892525,0.0,3
sorel,5.881191235852881,2.31,4
sorer,5.205827517099895,1.4,4
sores,5.440226145077838,3.03,4
sorex,5.164306311083497,1.49,4
sorgo,4.552540706034293,0.0,3
sorns,5.0148345963296,0.0,5
sorra,5.054784612400641,0.0,4
sorry,4.642338461187564,5.18,3
sorta,5.763662750829015,3.29,3
sorts,5.057398788911597,4.21,4
sorus,4.911998284352177,0.0,4
soths,4.53812923576639,0.0,4
sotol,4.696681515835559,0.0,4
sotto,4.01744357740462,2.4,4
souce,5.314552126861816,1.36,4
souct,4.994166015841726,0.0,3
sough,4.618779072216437,1.59,4
souks,4.415858032374693,1.92,5
souls,4.778100779079484,4.21,5
souly,5.053364478736954,0.0,4
soums,4.53003062274145,0.0,5
sound,5.080078854345052,5.15,4
soups,4.538060620672471,3.1,4
soupy,4.815742215989242,2.28,4
sours,4.871329065739288,2.35,4
souse,4.975619092739729,1.73,4
south,4.969492346045262,5.4,3
souts,4.776001967063605,0.0,4
sowar,5.225708887217306,0.0,4
sowce,4.942104509349029,0.0,5
sowed,5.062276934084417,2.59,3
sower,5.316281419476128,2.17,4
sowff,3.443081428243812,0.0,4
sowfs,3.848293158604454,0.0,6
sowle,5.219102864658007,1.02,5
sowls,4.380490924323149,0.0,6
sowms,4.133823304825015,0.0,5
sownd,4.686953015164427,0.0,4
sowne,5.185629145958473,0.0,4
sowps,4.136340867265834,0.0,4
sowse,4.606316855759917,0.0,5
sowth,4.57348780539271,0.0,3
soxes,4.4936219224048415,0.0,7
soyas,4.8705054268613495,0.0,5
soyle,5.439775130889642,0.0,5
soyuz,4.227884923953543,2.9,3
sozin,4.673099817034102,1.35,4
space,5.267005475157267,5.23,4
spack,4.545916842541828,1.28,4
spacy,4.726229589615442,1.69,4
spade,5.333230357799538,3.33,4
spado,5.052151116624065,0.0,4
spads,4.522874662741279,1.49,5
spaed,5.38621112735784,0.0,3
spaer,5.645964305589611,0.0,3
spaes,5.09466226514707,0.0,4
spags,4.367022003562984,0.0,5
spahi,4.871167630644736,0.0,3
spail,5.26509010602526,0.0,2
spain,5.233662782197705,4.59,3
spait,5.296967203640104,0.0,3
spake,5.177510575826523,2.55,4
spald,5.051921535536925,0.0,3
spale,5.545922040405293,0.0,2
spall,4.463107469349438,2.21,4
spalt,5.203335288173376,0.0,3
spams,4.4683457237999455,2.32,4
spane,5.502651590606972,0.0,4
spang,4.772403098831955,1.84,4
spank,4.790456081314589,3.08,4
spans,4.675779950995942,3.48,5
spard,5.143523219467331,0.0,4
spare,5.63433093749249,4.28,4
spark,4.929714894411057,3.99,5
spars,4.8097102017654425,2.46,5
spart,5.299542955143326,1.32,4
spasm,4.354784563496362,2.83,5
spate,5.5493727369773,2.79,3
spats,4.7157726153666575,2.45,4
spaul,5.023065542356534,0.0,4
spawl,4.632516362844918,0.0,4
spawn,4.610486716726226,3.38,4
spaws,4.175418425646427,0.0,5
spayd,4.734781882727137,0.0,4
spays,4.397341564368446,1.12,5
spaza,3.9582794284847473,1.22,5
spazz,3.544384787466967,1.77,5
speak,5.064988610568287,5.03,3
speal,5.402869946676375,1.02,3
spean,5.384720947398837,1.62,4
spear,5.52988464144827,3.7,4
speat,5.441972170052356,0.0,3
speck,4.490816531531748,3.02,4
specs,4.390467339389913,3.54,5
spect,4.877075141111938,2.33,4
speed,4.6205620170493535,5.0,4
speel,4.796175105968928,1.36,4
speer,4.884889011628016,2.68,4
speil,5.231164349050189,0.0,4
speir,5.347259160791319,1.36,3
speks,4.303291620289696,0.0,5
speld,4.98960147646421,0.0,4
spelk,4.782761548146983,0.0,5
spell,4.417941047777932,4.37,4
spelt,5.154755245713862,3.18,4
spend,4.948662424649637,4.97,4
spent,5.114263132372747,5.02,4
speos,4.772424967063253,0.0,5
sperm,4.985197954046487,3.84,3
spesh,4.2613950761687445,1.35,5
spets,4.662658662066059,0.0,4
speug,4.621004683218325,0.0,5
spews,4.124427905457534,2.45,5
spewy,4.405475766149864,0.0,5
spial,5.267979968141791,0.0,3
spica,4.972842195132702,2.32,4
spice,5.084663971396749,3.94,4
spick,4.3429998879343366,1.92,4
spics,4.24006838038749,1.46,4
spicy,4.521414179850846,3.8,4
spide,5.149427900530727,1.17,5
spied,5.215618445578599,3.08,4
spiel,5.389541437255006,2.66,4
spier,5.475469624815011,1.85,4
spies,4.924843056056983,3.7,3
spiff,3.572081848928339,1.85,5
spifs,3.978987507257731,0.0,5
spike,4.998672521032117,3.96,5
spiks,4.157577670211184,0.0,4
spiky,4.432506288303752,2.75,4
spile,5.365665545833892,1.22,4
spill,4.262908311955011,3.84,4
spilt,5.003008628989888,2.91,4
spims,4.266017985985626,0.0,5
spina,5.200721818289781,2.67,3
spine,5.314384879569156,3.93,4
spink,4.579799339825649,2.26,5
spins,4.465387777186281,3.51,3
spiny,4.750469714990064,2.64,4
spire,5.457390800561851,3.11,3
spirt,5.102529448222065,1.84,3
spiry,4.89409862897393,0.0,4
spite,5.367122683262382,4.04,2
spits,4.51481122846808,3.08,5
spitz,4.274850658052189,2.54,5
spivs,3.878075888532573,1.33,5
splat,5.216607576700461,2.7,3
splay,5.019274214388609,2.09,3
split,5.0073451814568,4.65,4
splog,4.65223791587331,0.0,4
spode,5.1759939859275175,1.98,5
spods,4.360988938023665,0.0,4
spoil,5.100819549599255,3.81,3
spoke,5.022626679597243,4.61,5
spoof,3.872539988721173,3.1,4
spook,4.04676937420891,2.88,4
spool,4.389330045171969,2.84,4
spoom,4.1541509025572845,0.0,5
spoon,4.355332832128725,3.88,4
spoor,4.517930531865664,2.1,4
spoot,4.419193372430765,0.0,4
spore,5.483846449574532,3.0,3
spork,4.77123572874213,2.13,3
sport,5.143341028220016,4.73,3
sposa,4.671057926819875,1.31,3
sposh,4.151443652674801,0.0,4
sposo,3.804908594175028,0.0,4
spots,4.55320650000343,4.33,4
spout,4.891478829169161,3.11,5
sprad,5.216573355738388,0.0,4
sprag,4.9938794887293305,1.15,3
sprat,5.37455047891399,1.98,3
spray,5.167509825240852,4.18,3
spred,5.257213502061264,1.45,3
spree,5.050590379651262,3.56,3
sprew,4.930677381236636,0.0,3
sprig,4.7784791088711325,2.43,3
sprit,5.15954126207337,2.03,3
sprod,5.02369422036287,0.0,4
sprog,4.802297859531082,1.71,3
sprue,5.266651044200838,2.05,4
sprug,4.534915254665976,0.0,4
spuds,4.092748401563017,2.47,4
spued,4.980563264691184,0.0,4
spuer,5.243368352230793,0.0,5
spues,4.688085695891437,0.0,4
spugs,3.9355078235981735,0.0,4
spule,5.128828848690402,0.0,4
spume,4.874866726128326,1.43,4
spumy,4.325122107134671,0.0,4
spunk,4.36320135704334,2.66,5
spurn,4.807773027998935,2.36,4
spurs,4.382757012778557,4.0,3
spurt,4.876076280503866,2.84,3
sputa,5.031870162732326,0.0,3
spyal,4.8835098326257285,0.0,3
spyre,5.058451945037617,0.0,3
squab,4.066500666447555,1.97,5
squad,4.323475951551267,4.67,4
squat,4.481267129170312,3.48,4
squaw,3.928651145509821,2.68,4
squee,4.143739133619671,2.04,4
squeg,4.194941360902023,0.0,5
squib,3.8500243738427176,2.29,4
squid,4.108634807737883,3.44,4
squit,4.264113280104541,0.0,4
squiz,3.5226973983247456,1.23,5
srsly,4.430723815334687,2.53,4
stabs,4.490391589194229,3.05,5
stack,4.701988960705607,4.05,4
stade,5.483723338138624,2.71,5
staff,3.941873822604396,5.08,4
stage,5.345366068120016,5.1,4
stags,4.5204399455976745,2.57,4
stagy,4.810209847337838,1.35,4
staid,5.294857086118099,2.58,4
staig,5.072479785668233,0.0,4
stain,5.397042856133981,3.7,4
stair,5.551702440433044,3.26,3
stake,5.329629301988771,4.15,4
stale,5.69708356400903,3.43,3
stalk,4.984602220721488,3.46,4
stall,4.616543000025068,3.79,3
stamp,4.82835888811042,4.11,3
stand,5.164100758758856,5.14,4
stane,5.661788197572935,1.92,4
stang,4.93209961949646,2.33,4
stank,4.947144139431267,2.76,4
stans,4.833897432587736,2.74,4
staph,4.825674796970612,2.57,4
staps,4.632282065320368,0.0,5
stare,5.7916842362818,3.91,3
stark,5.082820074403547,4.01,4
starn,5.396024306244506,1.31,4
starr,4.758400419673634,3.41,4
stars,4.965236151840955,4.86,3
start,4.780760937379122,5.56,3
stary,5.25495564759662,1.87,4
stash,4.46596130131024,3.54,5
state,5.01698732148703,5.78,3
stats,4.183283437527482,4.33,3
statu,4.463158576536363,1.72,3
staun,5.164896813014274,0.0,4
stave,5.055783186535246,3.04,4
staws,4.334114769458334,0.0,4
stays,4.552736166539643,4.26,5
stead,5.427745520513553,3.19,4
steak,5.219250945526293,3.97,4
steal,5.55501747950345,4.41,4
steam,5.3336718145396285,4.52,4
stean,5.545749871188417,0.0,4
stear,5.687887772792377,1.33,3
stedd,4.339141902382905,0.0,5
stede,4.721262427372039,1.43,4
steds,4.611149991040319,0.0,4
steed,4.772822731421081,2.95,4
steek,4.59957612056243,1.28,5
steel,4.946053403778666,4.71,3
steem,4.7157278920039145,1.71,4
steen,4.929358604883728,2.74,3
steep,4.705727457893054,3.99,4
steer,5.040481288085544,3.72,3
steez,4.248264416235289,1.69,4
steik,5.03389103225882,0.0,4
steil,5.383511701855815,1.48,4
stein,5.358016212354531,3.65,4
stela,5.5400989873203095,2.11,4
stele,4.936779111244054,2.34,4
stell,4.5701094403987215,2.08,5
steme,4.692592296218814,0.0,4
stems,4.57130185122518,3.83,4
stend,5.102211243706905,0.0,4
steno,5.3452609535371405,2.14,4
stens,4.782859194589577,1.39,3
stent,4.598139799646143,2.82,4
steps,4.578346851229582,4.73,4
stept,4.395231629475469,1.36,4
stere,5.035600466692225,1.2,3
stern,5.34764246167297,3.9,4
stets,4.130231875658261,1.43,4
stews,4.281456835334035,2.65,4
stewy,4.5650191081149085,1.26,5
steys,4.494123677241581,0.0,4
stich,4.556086324243831,2.06,4
stick,4.49923078201107,4.76,4
stied,5.3691222532641385,0.0,4
sties,5.079339817716153,1.51,3
stiff,3.741157283120806,3.9,4
stilb,4.754483862042501,0.0,5
stile,5.518369459975618,2.39,4
still,4.417738572590936,5.92,4
stilt,4.484412418817427,2.37,4
stime,5.27076125763388,0.0,4
stims,4.423119164719656,1.56,4
stimy,4.70653778197894,0.0,4
sting,4.719518642613585,3.8,4
stink,4.737606272631331,3.46,4
stint,4.437873800403343,3.61,4
stipa,5.170863467420636,1.64,4
stipe,5.2803287910431305,2.73,3
stire,5.617942705732543,0.0,4
stirk,4.887515082110738,1.64,3
stirp,4.985848632670769,0.0,3
stirs,4.7711248085990405,2.99,3
stive,4.874885456352454,1.13,4
stivy,4.318369082572753,0.0,5
stoae,5.754568599703157,0.0,4
stoai,5.432946500266474,0.0,4
stoas,4.979873604932294,0.0,4
stoat,4.794812723724706,2.04,3
stobs,4.327211432794178,0.0,5
stock,4.535470480504752,4.93,4
stoep,5.322118044050246,1.22,3
stogs,4.355950261520169,0.0,5
stogy,4.6503687945594265,0.0,5
stoic,4.963147938082985,3.15,5
stoit,4.610704463759948,0.0,4
stoke,5.172871766485759,3.73,5
stole,5.5400667887985,4.21,4
stoln,5.127667889153034,0.0,5
stoma,5.161373600663898,2.21,4
stomp,4.666523546819525,3.25,5
stond,5.0021927909922,0.0,4
stone,5.504976205975935,4.8,5
stong,4.768861109193538,1.92,4
stonk,4.781397025447787,1.17,4
stonn,4.41091451391371,0.0,5
stony,4.966993970441599,3.3,4
stood,4.416678205246961,4.57,4
stook,4.198680331059177,1.35,4
stool,4.540557749372967,3.52,4
stoop,4.299537115220348,3.14,5
stoor,4.673203847740958,0.0,4
stope,5.302119265260895,1.46,3
stops,4.46783041378355,4.4,4
stopt,4.283097029713626,1.45,4
store,5.638389928168665,5.02,3
stork,4.922113023133391,2.88,4
storm,5.031427199274315,4.66,4
story,5.100093591945261,5.45,4
stoss,3.830042610445004,1.45,5
stots,4.02027976528477,0.0,5
stott,3.713730127218268,2.55,4
stoun,4.996832807291401,0.0,4
stoup,4.773068695577748,1.57,3
stour,5.149401801383151,2.2,3
stout,4.372856745348121,3.45,4
stove,4.8980332151586525,3.71,5
stown,4.599862318590137,0.0,5
stowp,4.376403305440554,0.0,5
stows,4.165021957198066,1.68,5
strad,5.368413493170425,1.76,4
strae,5.8673069766337225,0.0,2
strag,5.149778235719002,0.0,4
strak,5.154937382071688,0.0,3
strap,5.255682657742139,3.79,3
straw,4.993744188441703,3.99,4
stray,5.324132546897901,3.74,4
strep,5.349493381756028,2.73,2
strew,5.088188962343962,1.63,3
stria,5.561769805231822,1.64,3
strig,4.934389600060584,0.0,4
strim,5.047132207352895,1.13,3
strip,5.040922775379424,4.36,3
strop,5.062566544521518,2.22,4
strow,4.79491441244735,1.08,3
stroy,5.134091542925374,1.5,4
strum,4.79144480805047,2.48,3
strut,4.394591067886762,3.16,4
stubs,4.0605685030178185,2.83,4
stuck,4.27325474770244,4.68,4
stucs,4.170536849942798,0.0,4
stude,5.066995358604809,1.53,4
studs,4.242385338398075,3.34,5
study,4.533410091249871,5.26,4
stuff,3.510518716839714,5.14,4
stull,4.186801997392967,1.89,4
stulm,4.661136941467606,0.0,4
stumm,3.849170312667479,1.62,5
stump,4.397983768006426,3.45,4
stums,4.192224119696095,0.0,5
stung,4.502973887124596,3.28,5
stunk,4.519928904583684,2.39,5
stuns,4.404696842558086,2.89,4
stunt,4.217774342437735,3.86,4
stupa,4.946697596668992,2.3,3
stupe,5.046359930383392,1.11,4
sture,5.38027563053947,1.7,3
sturt,4.356837338355036,2.64,3
stush,4.034639550467379,0.0,3
styed,4.966448499799309,0.0,4
styes,4.670422226215196,1.35,5
style,5.108700094587716,5.11,4
styli,4.775796972929597,1.55,4
stylo,4.845787651524484,1.96,4
styme,4.868464106047548,0.0,4
stymy,3.708297284727325,0.0,4
styre,5.212762477349237,0.0,3
styte,4.427172178074603,0.0,5
suave,5.058531102968289,2.9,4
subah,4.736826565293699,1.63,4
subak,4.664825007339062,1.27,5
subas,4.544624404796539,0.0,5
subby,3.65639850159592,1.55,4
suber,5.195144545157945,1.62,4
subha,4.640135249656031,1.75,4
succi,4.005714980472953,1.01,4
sucks,3.962353442878112,4.38,6
sucky,4.241308980864336,2.61,4
sucre,5.278040855836214,2.45,4
sudan,5.149566662835195,3.9,4
sudds,3.615806246375064,0.0,5
sudor,5.117589484885711,0.0,4
sudsy,4.10905780695771,1.67,4
suede,4.766663549834138,3.25,4
suent,5.315059904759764,0.0,4
suers,4.957072263004816,0.0,5
suete,4.9795482552804256,0.0,5
suets,4.858513275688274,0.0,4
suety,5.1356674681119285,0.0,4
sugan,4.989461817504369,1.05,4
sugar,5.14803640548515,4.68,4
sughs,3.9163088215833968,0.0,5
sugos,4.370970864617218,0.0,5
suhur,4.006494746364208,0.0,3
suids,4.523525410071709,0.0,5
suing,4.761197951076854,3.5,4
suint,5.155178995508106,0.0,4
suite,5.539157279921435,4.18,4
suits,4.715488712890608,4.25,5
sujee,4.282423438166282,0.0,4
sukhs,3.896788785992818,0.0,5
sukis,4.325555591903209,0.0,4
sukuk,3.0345514859523663,2.06,4
sulci,4.845193800599597,1.76,4
sulfa,4.824465625198899,1.93,4
sulfo,4.651838548003146,1.15,4
sulks,4.256062464008363,1.98,4
sulky,4.539847406735798,2.33,3
sulls,3.886616563061809,0.0,4
sully,4.171565754732151,3.11,4
sulph,4.5746605994905405,0.0,4
sulus,3.781416130035785,0.0,5
sumac,4.862934306270528,2.34,4
sumis,4.475316811541774,0.0,4
summa,4.285720271591987,2.82,4
sumos,4.497785960982903,1.34,4
sumph,4.323613930348765,0.0,4
sumps,4.127560197109978,1.61,6
sunis,4.681974098969786,0.0,4
sunks,4.225179258726118,0.0,4
sunna,4.573270290212062,2.09,4
sunns,3.836306621004946,0.0,4
sunny,4.122555366855196,4.07,4
sunts,4.582394964786271,0.0,4
sunup,3.9678180286882,1.78,4
suona,5.387954668142533,0.0,4
suped,5.050067138137755,1.1,4
super,5.313549225773209,5.08,4
supes,4.759739448922544,2.02,4
supra,5.198809506614066,3.08,4
surah,5.257117889161317,2.54,3
sural,5.4820744914420985,1.39,3
suras,5.060552552379828,1.7,4
surat,5.560569232379748,2.86,3
surds,4.570563356072065,1.02,4
sured,5.447449734637011,1.03,4
surer,4.916067936952656,2.18,4
sures,5.1532394053445545,1.51,4
surfs,4.233061838955704,2.22,5
surfy,4.520976101533024,1.15,4
surge,5.251738263462464,3.82,4
surgy,4.696602778212093,0.0,3
surly,5.017054999860517,2.85,4
surra,4.790460236589273,1.35,4
sused,4.676688458071407,0.0,4
suses,4.119872876127475,0.0,5
sushi,4.147021245687713,3.68,4
susus,2.8907501712059105,0.0,4
sutor,5.28659169660162,1.41,3
sutra,5.417335649159444,2.91,3
sutta,4.61598617796853,2.23,3
swabs,4.087517819210152,2.64,5
swack,4.295745371949503,0.0,5
swads,4.2789035213169,0.0,5
swage,4.942130899189713,1.57,5
swags,4.120163289120306,1.98,4
swail,5.012618595450401,1.32,4
swain,4.98432576361036,3.0,3
swale,5.296438084557845,2.16,4
swaly,4.755719244179855,0.0,4
swami,4.7077958676661735,3.04,3
swamp,4.422535144321802,3.84,4
swamy,4.505681729669512,2.61,4
swang,4.528009760725348,1.67,4
swank,4.544869873115439,2.66,5
swans,4.430627201412452,3.33,4
swaps,4.226530135857757,3.15,5
swapt,4.716242943675503,0.0,4
sward,4.899440097691181,1.93,4
sware,5.383489190276526,1.83,3
swarf,4.514231974885435,1.53,4
swarm,4.781752671638016,3.44,4
swart,5.050489339722927,2.16,4
swash,4.065186307270417,2.21,5
swath,4.663412411791931,2.83,4
swats,4.46641857348304,2.02,5
swayl,4.6093899108920375,0.0,4
sways,4.148200165313424,2.43,5
sweal,5.154725289809783,0.0,4
swear,5.281949348834679,4.51,3
sweat,5.195527390519156,4.14,4
swede,4.328726864294337,3.05,4
sweed,4.3779766955718245,1.32,5
sweel,4.545633702611453,0.0,4
sweep,4.298768981757718,3.97,4
sweer,4.6347139581656975,0.0,4
swees,4.07592565462517,0.0,5
sweet,4.57529631884107,4.91,4
sweir,5.095933647699892,0.0,4
swell,4.170401442918298,3.64,5
swelt,4.908333919167105,0.0,5
swept,4.665879431372122,3.94,4
swerf,4.468876791814664,0.0,4
sweys,4.092002294557768,0.0,4
swies,4.673365139895429,0.0,5
swift,4.229918560129553,4.15,4
swigs,3.917722969975957,1.72,5
swile,5.1148207509935615,0.0,4
swill,4.012709904171278,2.32,4
swims,4.018223352351162,3.01,4
swine,5.067863130378822,3.46,4
swing,4.3145935310475245,4.34,4
swink,4.335592676950052,1.64,5
swipe,4.870528523733185,3.58,5
swire,5.206365890198077,2.27,4
swirl,4.7944348301272495,3.16,4
swish,3.8588175117813135,2.89,4
swiss,3.382194083287892,4.21,5
swith,4.459202576888378,1.36,4
swits,4.266559465565564,0.0,5
swive,4.467092322124691,0.0,5
swizz,3.092768908596588,2.27,4
swobs,3.9271749178636552,0.0,5
swole,5.140179439089291,2.37,4
swoll,4.052862668469535,1.52,4
swoln,4.731325845502333,0.0,4
swoon,4.109543348129651,2.88,4
swoop,3.8928067705598433,3.2,5
swops,4.065519549691814,0.0,5
swopt,4.553838803014135,0.0,4
sword,4.745227705519907,4.37,4
swore,5.231843267585327,3.53,4
sworn,4.827327804452695,3.9,4
swots,4.305268445153756,1.22,4
swoun,4.583006902481773,0.0,5
swung,4.092504267932701,3.47,4
sybbe,4.027334581062099,0.0,4
sybil,4.605830033535685,2.91,3
syboe,4.997608070960551,0.0,5
sybow,4.123774561259952,0.0,4
sycee,4.615120544618808,0.0,4
syces,4.539495839400296,0.0,5
sycon,4.695505612650354,0.0,4
syeds,4.464128453755632,0.0,4
syens,4.630000918885621,0.0,5
syker,4.9807750314640105,0.0,4
sykes,4.420040006860725,3.29,5
sylis,4.517428491440833,0.0,4
sylph,4.381074271302857,1.98,3
sylva,4.544328243562572,2.08,4
symar,5.09063062679863,0.0,4
synch,4.27949884153041,2.53,3
syncs,4.107526384228007,2.44,4
synds,4.1840708178874495,0.0,4
syned,5.093568203793679,0.0,4
synes,4.790065055972558,0.0,5
synod,4.8551353532708905,3.32,4
synth,4.576033585197799,3.35,4
syped,4.865917710955848,0.0,4
sypes,4.568411024916904,0.0,4
syphs,3.82444710186166,0.0,4
syrah,5.084002502346528,2.44,3
syren,5.406733958032483,1.78,4
syrup,4.650786464632795,3.76,4
sysop,4.135041899007937,1.46,4
sythe,4.894509683066612,1.04,4
syver,4.741899405303766,0.0,4
taals,5.14476521191615,0.0,3
taata,3.253519823536052,0.0,4
tabac,4.06347224713427,1.71,4
tabby,3.803503088557586,2.79,4
taber,5.301264669696575,2.4,3
tabes,5.641756380134593,1.68,3
tabid,4.808597821479564,1.15,4
tabis,5.3735414489604585,0.0,4
tabla,4.340172952969838,2.17,4
table,5.214741405828447,5.05,3
tabls,5.277360955283505,0.0,4
taboo,4.2644729469165865,3.47,4
tabor,5.040843066005884,2.78,3
tabos,5.346116166769543,0.0,4
tabun,4.657330268089019,1.5,4
tabus,5.1258352658849295,1.16,4
tacan,4.424170674119123,1.45,4
taces,5.736511245895781,0.0,3
tacet,4.63359204644291,1.12,3
tache,4.958132982231209,2.03,3
tachi,4.604278159016573,2.07,4
tacho,4.630025892299734,1.57,4
tachs,5.013622808758354,0.0,4
tacit,4.353546435606224,2.94,4
tacks,4.9958151637856,2.66,4
tacky,4.389798324061159,3.18,3
tacos,5.441510390822008,3.43,4
tacts,4.6639647690515,1.09,4
tadah,4.23887016009639,1.07,4
taels,5.882106208620599,2.19,2
taffy,3.614720987118492,2.71,4
tafia,4.268058176093803,0.0,4
taggy,3.834370432620346,0.0,5
tagma,4.103456377745625,0.0,5
tagua,4.192972837272139,1.51,5
tahas,4.801270833844225,0.0,4
tahrs,5.387988090068238,0.0,2
taiga,4.461225348013142,2.62,4
taigs,5.397988328613196,0.0,4
taiko,4.9553522047021845,2.23,3
tails,5.748195275092316,3.68,3
tains,5.705942869408788,1.01,4
taint,4.587967881934478,2.98,4
taira,4.9195781002120444,1.91,3
taish,5.221787711320959,0.0,3
taits,5.038319690600466,0.0,4
tajes,5.220732588856614,0.0,4
takas,4.77752353269541,1.25,4
taken,5.147877594317372,5.33,3
taker,5.264120275092516,3.23,4
takes,5.6078704578385,5.18,4
takhi,4.508503436046006,0.0,4
takht,3.8096648739113705,1.75,3
takin,4.881787215834307,3.21,3
takis,5.3569919963888415,2.12,3
takky,3.804461037203809,0.0,4
talak,4.367036113117816,1.38,4
talaq,3.878151992912433,1.99,4
talar,4.822126399190985,1.56,3
talas,5.160322046634323,1.72,4
talcs,5.377798237886077,0.0,4
talcy,4.778091372752635,0.0,4
talea,5.071439001171467,1.02,4
taler,5.641956203606942,1.51,3
tales,6.014181323903092,4.1,3
talik,4.946738546676481,0.0,3
talks,5.284298093115038,4.61,3
talky,4.678206963233264,2.05,3
talls,4.916779832852401,1.49,4
tally,4.311601840529811,3.62,3
talma,4.460396744854465,1.64,4
talon,5.228906036488344,2.97,3
talpa,4.473997262051887,1.58,4
taluk,4.695442684272165,2.26,3
talus,5.497393851144276,2.38,3
tamal,4.45819595783007,1.63,4
tamas,4.925718463254667,2.21,5
tamed,5.169482070219634,3.01,3
tamer,5.427204808066324,2.74,3
tames,5.775288144512202,2.07,3
tamin,5.027426319550894,1.34,3
tamis,5.509064120048518,1.21,4
tammy,3.978542076944645,3.35,4
tamps,5.16111948562575,1.32,4
tanas,5.142493305929349,1.2,5
tanga,4.330670158215183,2.27,4
tangi,4.8480220379784615,1.87,4
tango,4.872776445044001,3.58,4
tangs,5.263925661047219,1.93,4
tangy,4.662114463400054,2.64,4
tanhs,5.289141491599528,0.0,4
tania,4.786295431381386,3.0,3
tanka,4.32665557094327,2.18,3
tanks,5.2612537046849885,4.27,4
tanky,4.656234466478041,1.51,3
tanna,3.943461872505485,2.2,4
tansu,5.1895665543800265,1.15,3
tansy,5.198511219550862,2.17,3
tante,4.859645943523882,2.25,3
tanti,4.502276614055208,1.75,4
tanto,4.525549302951118,2.6,4
tanty,4.310906991290089,1.16,4
tapas,4.914580664046599,2.86,3
taped,5.149702378627286,3.5,3
tapen,5.293596214312185,0.0,3
taper,5.414605516927986,3.3,3
tapes,5.758578936145505,3.82,4
tapet,4.64870091791786,0.0,3
tapir,5.181750060166756,2.29,3
tapis,5.494180631951617,1.61,3
tappa,3.638766032057056,1.45,5
tapus,5.248949728253585,0.0,3
taras,5.313555307380532,2.33,4
tardo,5.227979425083307,1.03,3
tards,5.603182185779625,2.07,3
tardy,5.011407093417721,2.69,3
tared,5.565096088186969,0.0,2
tares,6.15937645579267,1.9,1
targa,4.5212349492745005,2.15,3
targe,5.3915295666075504,1.78,3
tarka,4.508304691159089,1.87,4
tarns,5.7611195505536505,1.69,3
taroc,5.152798757186647,0.0,4
tarok,5.083100499167682,1.29,3
taros,5.8705340025329456,1.05,3
tarot,4.762144293914148,3.12,3
tarps,5.565117097373647,2.36,3
tarre,5.046850068190177,0.0,3
tarry,4.506387508583284,2.43,3
tarse,5.912729383520452,0.0,2
tarsi,5.589074685496588,1.85,2
tarte,5.0419285124834,2.59,3
tarts,5.088018444648106,2.98,3
tarty,4.496876914731585,1.45,3
tarzy,4.464645016366672,0.0,4
tasar,5.046174994797788,0.0,2
tasca,4.6356477922351695,1.73,3
tased,5.596551740436649,2.23,2
taser,5.860580473331333,3.15,2
tases,5.3967318988607245,1.16,5
tasks,4.672006209490408,4.23,4
tassa,4.333280386419104,1.01,3
tasse,5.186636248909638,1.46,3
tasso,4.8833836642415465,2.22,3
taste,5.069471860818921,4.73,3
tasto,4.748400185016408,0.0,3
tasty,4.505292448543536,3.84,3
tatar,4.115494631006869,2.79,3
tater,4.932938646183354,2.6,4
tates,5.271959256317011,1.99,5
taths,4.5782513788999495,0.0,4
tatie,4.926205472352738,0.0,3
tatou,4.320290425083331,1.19,4
tatts,4.07289939697881,2.41,4
tatty,3.4827821751082437,2.19,4
tatus,4.765498134901173,0.0,4
taube,5.04354282608144,1.77,3
tauld,4.944221460642213,0.0,4
taunt,4.361996974266062,2.96,4
tauon,5.090262303412243,0.0,4
taupe,5.183356551561812,2.54,3
tauts,4.809830133674526,0.0,4
tauty,4.2021503032591285,0.0,4
tavah,3.816388077210592,0.0,4
tavas,4.535241584780137,1.21,5
taver,5.0295583148157466,0.0,4
tawaf,3.68059065155979,1.24,4
tawai,4.217963014152496,0.0,4
tawas,4.642261105874066,1.65,5
tawed,4.890621423435224,0.0,4
tawer,5.149388466058468,0.0,4
tawie,5.129950445886463,0.0,4
tawny,4.497191819408251,2.77,4
tawse,5.2415784838129085,1.29,3
tawts,4.4185170039358495,0.0,5
taxed,4.611729993259506,3.52,3
taxer,4.869926612535837,0.0,5
taxes,5.211518077048338,4.65,5
taxis,4.948758154867677,3.44,4
taxol,4.469969990389022,1.82,4
taxon,4.449532151064932,2.5,4
taxor,4.615620568350491,0.0,3
taxus,4.705784630763442,1.7,4
tayra,4.548121168657412,0.0,3
tazza,3.0394887743087904,1.57,5
tazze,3.9141903284937833,0.0,4
teach,4.871776590819072,4.67,3
teade,4.86273329089254,0.0,3
teads,5.682642271458289,0.0,3
teaed,4.904154906302193,0.0,3
teaks,5.51669804628927,0.0,4
teals,5.887598080298597,1.61,3
teams,5.641960323578119,4.97,3
tears,5.989259549402051,4.47,2
teary,5.37809328140048,2.84,3
tease,5.243419471552542,3.59,3
teats,5.172866839053369,2.27,3
teaze,4.331957645107678,0.0,4
techs,4.963866303591448,2.92,3
techy,4.359414579244865,2.2,3
tecta,4.447664841274431,1.16,3
tecum,4.470588739660111,1.69,3
teddy,3.982834570915312,3.88,4
teels,5.104203036458849,0.0,4
teems,4.860648608107394,2.0,4
teend,4.498289081639348,0.0,4
teene,4.015009299597121,0.0,4
teens,5.07413321460745,4.16,3
teeny,4.467959236260995,3.05,4
teers,5.2090468826421645,1.28,3
teeth,3.6842111400124,4.58,4
teets,4.392434348094596,1.53,3
teffs,4.174459513143125,0.0,4
teggs,4.397830755651566,0.0,4
tegua,4.870979219021089,0.0,4
tegus,5.078827194807441,1.16,3
tehee,3.6979038011899465,0.0,4
tehrs,5.33919956833192,0.0,3
teiid,4.423497086201879,0.0,4
teils,5.711406154136138,0.0,4
teind,5.091719950264333,0.0,4
teins,5.667551320397079,0.0,4
tekke,3.556435980085461,1.19,4
telae,5.087032550494477,0.0,3
telco,4.977239546987716,2.59,3
teles,5.223769802765828,1.91,3
telex,4.031988545141612,2.34,4
telia,5.49502696768279,1.71,3
telic,4.958450561633519,1.61,3
tells,4.876102417523989,4.78,4
telly,4.264872959948082,3.2,4
teloi,5.258405091066448,0.0,4
telos,5.698581485006457,2.32,4
temed,4.385032007613054,0.0,4
temes,4.985435683923215,1.01,3
tempi,4.705197416043431,1.91,4
tempo,4.74790735471014,3.74,3
temps,5.111932459192195,3.33,4
tempt,3.9962105277430298,3.22,4
temse,4.744582709222975,0.0,4
tench,4.559520889968904,2.23,3
tends,5.36751755283764,4.12,3
tendu,4.737523491770238,1.59,4
tenes,5.200538299230754,1.22,4
tenet,4.105328050443658,3.0,3
tenge,4.420683757559998,1.86,4
tenia,5.4717988656196095,1.47,4
tenne,4.042523301460866,1.39,4
tenno,4.477561404936289,1.91,3
tenny,4.226617082127442,1.73,4
tenon,4.499837507925949,2.19,3
tenor,5.340649983431743,3.4,3
tense,4.962327302591948,3.95,3
tenth,4.148777507086754,3.92,3
tents,4.861618092662238,3.6,3
tenty,4.258877652306674,0.0,4
tenue,4.62494258924157,1.52,4
tepal,5.184151214340516,0.0,4
tepas,5.6432746655153485,0.0,4
tepee,3.809181754151871,2.03,4
tepid,4.856070378977877,2.71,4
tepoy,4.81922921922053,0.0,4
terai,5.616844901694302,2.0,3
teras,6.047397415697384,1.58,2
terce,4.698574133418783,1.23,3
terek,4.601542038011414,1.81,3
teres,5.376250513091626,1.99,3
terfe,4.442725710132405,0.0,4
terfs,5.233765651282707,1.81,3
terga,5.23575469125158,1.01,3
terms,5.509430505029517,5.1,3
terne,4.92990170422834,1.1,3
terns,5.716077606691316,2.51,3
terra,4.8873973620211695,3.44,3
terre,4.263503010614189,3.07,3
terry,4.453248413622048,4.24,3
terse,5.133948736604398,2.67,2
terts,5.042259049206208,0.0,3
terza,4.849038883073335,1.49,3
tesla,5.610056680238666,3.77,3
testa,4.901637160493406,2.5,3
teste,4.285317018099152,1.86,3
tests,4.275086405429359,4.67,3
testy,4.447533840212639,2.54,3
tetes,4.4836360434752605,1.04,4
teths,4.529406290738959,0.0,4
tetra,4.807550954596475,2.72,3
tetri,4.582327858618716,0.0,4
teuch,4.44908815753038,0.0,4
teugh,4.391077549519839,0.0,4
tewed,4.108578731544766,0.0,3
tewel,4.263633187179546,0.0,3
tewit,4.061931626910393,0.0,4
texas,5.096137138604539,4.89,3
texes,4.4217237867084025,0.0,4
texta,3.922978506311241,1.26,4
texts,4.0929761926516965,4.34,4
thack,4.143150214616969,1.28,3
thagi,4.472047602084314,0.0,4
thaim,4.644568917719052,0.0,4
thale,5.165991668746325,1.39,3
thali,4.821522818040579,1.91,4
thana,4.287967454989485,2.21,4
thane,5.132516470834453,2.88,3
thang,4.386900630336604,2.82,4
thank,4.402535941470847,5.48,3
thans,5.199022043551203,1.29,3
thanx,4.005950262752022,2.41,4
tharm,4.64833588458564,0.0,4
thars,5.333577214580818,0.0,4
thaws,4.700169156124332,2.19,3
thawt,3.579459786789166,0.0,4
thawy,4.097989771277343,0.0,3
thebe,4.027084613867402,1.69,5
theca,4.728979575896936,1.46,3
theed,4.2482327190230205,1.47,4
theek,4.057215413574939,1.01,4
thees,4.842143958558274,1.47,4
theft,3.540586343224484,4.13,4
thegn,4.367079085632623,1.21,3
theic,4.535117746629852,0.0,3
thein,4.818675360694922,2.35,3
their,4.971821502145572,6.33,4
thelf,4.229482271461351,0.0,4
thema,4.761091344140396,2.02,4
theme,4.1563705286932,4.62,4
thens,5.140984503660519,1.22,3
theor,4.9764921422239325,1.72,4
theow,4.330747155693085,0.0,4
there,4.506696465022188,6.31,4
therm,4.600046798162449,2.0,4
these,4.58053001903204,6.04,3
thesp,4.691612347724155,0.0,3
theta,4.309489207359262,3.16,3
thete,3.7035863945126297,1.55,4
thews,4.642886298225011,0.0,3
thewy,4.040137631611245,0.0,4
thick,3.939094516414183,4.46,4
thief,4.491409548806175,3.88,4
thigh,3.42150920826556,3.73,4
thigs,4.682820050950794,1.35,4
thilk,4.2331335372782535,0.0,4
thill,3.868342845039022,1.64,4
thine,4.942984825135291,3.31,3
thing,4.1704296867184825,5.72,4
think,4.1909817892517705,6.08,4
thins,4.987515081967446,2.57,4
thiol,4.697746313502264,2.1,4
third,4.574633925578605,5.32,4
thirl,4.658717498218456,0.0,4
thoft,3.429574532750482,0.0,4
thole,5.008873820423504,1.96,3
tholi,4.652259982735482,0.0,3
thong,4.225571920702217,3.16,3
thorn,4.699336200263391,3.48,3
thoro,4.106062723454222,1.2,4
thorp,4.478011090160544,2.53,3
those,5.185709372674639,5.9,3
thots,4.365243031192316,2.37,4
thous,4.932896042185432,1.84,4
thowl,4.0761338690573705,0.0,4
thrae,5.347830538722952,0.0,3
thraw,4.448572778825571,0.0,3
three,4.6777652313336535,5.78,3
threw,4.54414243217331,4.46,3
thrid,4.632171170819125,1.62,3
thrip,4.49491496862117,1.03,3
throb,4.392251949726802,2.68,3
throe,5.160260630759793,1.24,3
throw,4.247922487808684,4.83,3
thrum,4.249887093787178,1.97,3
thuds,4.616663524631366,1.99,5
thugs,4.460368513994198,3.56,4
thuja,3.857117219238636,1.74,4
thumb,3.723018260685948,4.01,3
thump,3.846944140267842,2.97,3
thunk,3.976209388152262,2.6,3
thurl,4.429652261522879,1.47,3
thuya,4.351446600079625,0.0,3
thyme,4.356391432743496,3.07,4
thymi,4.001576035941237,0.0,3
thymy,3.1841746547446714,0.0,4
tians,5.63588635023311,0.0,3
tiara,4.860894981064196,2.98,3
tiare,5.695196230092344,1.35,3
tiars,5.775789871861879,0.0,3
tibia,4.125388868551748,2.9,4
tical,4.931625624303842,1.44,4
ticca,4.099742949410279,0.0,4
ticed,4.889467331173315,0.0,4
tices,5.4896883499266576,0.0,4
tichy,4.13118483009786,1.71,4
ticks,4.722801891771868,3.38,4
ticky,4.109201324335834,2.08,4
tidal,5.000465786888624,3.7,4
tiddy,3.766085385628239,2.06,5
tided,4.350800611258757,1.21,4
tides,5.542879099052962,3.47,4
tiefs,5.110654602400968,0.0,4
tiers,5.739533185676974,3.25,3
tiffs,3.948845723367777,1.88,4
tifos,4.9470754962855175,0.0,3
tifts,4.129822116779553,0.0,4
tiger,5.065962767954224,4.3,4
tiges,5.403521355765373,1.27,4
tight,3.555192089277289,4.57,4
tigon,4.639398208999312,0.0,4
tikas,5.286646128783529,0.0,4
tikes,5.367664840509522,1.81,4
tikia,4.108214222268995,0.0,4
tikis,4.284104610547825,1.3,4
tikka,3.970647490196933,2.53,3
tilak,4.877316528396813,2.33,3
tilde,5.127762937081792,2.19,4
tiled,5.168359217424443,3.0,4
tiler,5.401222539757834,1.91,4
tiles,5.774513824372281,3.71,3
tills,4.6518179655289424,2.46,4
tilly,4.037351825244722,2.94,4
tilth,3.953516979278558,1.54,4
tilts,4.668986169379734,2.79,3
timbo,4.392854521545663,1.94,3
timed,4.92607717779529,3.62,4
timer,5.185122899657119,3.68,4
times,5.534112144762865,5.56,3
timid,3.8625391303622703,3.25,4
timon,4.763490533258048,2.68,4
timps,4.891182876045411,1.03,4
tinas,5.648187190127298,1.01,3
tinct,3.962990918148953,1.11,4
tinds,5.146658329019779,0.0,4
tinea,5.53884330953433,2.2,3
tined,5.142867757279915,1.18,4
tines,5.741620438315375,2.33,3
tinge,4.941133607948961,2.83,3
tings,4.987547891566816,2.28,4
tinks,4.986376467838902,1.4,4
tinny,3.993900267884136,2.38,3
tinto,4.286408815449287,2.63,4
tints,4.632817043352993,2.6,4
tinty,4.027693681444221,0.0,3
tipis,4.418191029995493,1.75,3
tippy,3.690410398322871,2.49,3
tipsy,4.692554534617328,2.87,3
tipup,3.69138389048945,0.0,3
tired,5.324781450277877,4.71,3
tires,5.921597723214083,4.03,3
tirls,5.504626773036868,0.0,3
tiros,5.639225955389664,1.69,3
tirrs,4.841308514349716,0.0,3
tirth,4.110369432585798,0.0,3
titan,4.4676207325086565,3.69,3
titar,4.627412652232185,0.0,3
titas,4.937171424099487,1.53,4
titch,3.620643227810421,1.78,4
titer,4.687954901662538,2.0,4
tithe,4.256674553390055,2.88,3
tithi,3.118381943497545,1.65,4
titin,3.4613571206018605,1.56,3
titir,3.623073558984456,0.0,4
titis,3.932822012783153,1.38,4
title,4.602562442718831,5.1,4
titre,4.714541836352908,1.9,4
titty,3.2057447476747547,3.01,4
titup,3.784103660425628,0.0,4
tiyin,3.917097748267671,0.0,3
tiyns,5.048440346386882,0.0,3
tizes,5.025395963318998,0.0,5
tizzy,3.0948724370751624,2.27,4
toads,5.522000377807916,2.9,4
toady,4.921421181622823,2.14,4
toast,4.79278152527144,3.96,3
toaze,4.87794996455837,0.0,4
tocks,4.79736094938072,1.54,5
tocky,4.191930616223532,0.0,4
tocos,4.541759211978433,0.0,4
today,4.900270083795485,5.55,3
todde,4.379894755816252,0.0,4
toddy,3.844344636767632,2.55,5
todea,5.379141083322798,0.0,3
todos,4.6073899463767765,2.61,4
toeas,5.899253773223408,0.0,3
toffs,4.021047352733988,1.91,4
toffy,3.4155548055790006,0.0,5
tofts,4.2015868173123785,1.34,4
tofus,4.772625689135719,0.0,4
togae,5.248201942723342,0.0,4
togas,5.356646101473299,1.84,4
toged,4.8723994078532495,0.0,4
toges,5.471644090075325,0.0,4
togue,4.861034665211081,0.0,4
tohos,4.451701903087689,0.0,4
toidy,4.735475820138101,0.0,4
toile,5.46534144082204,1.86,3
toils,5.542980495229736,2.16,3
toing,4.688837716888398,1.31,3
toise,5.636247453028961,0.0,3
toits,4.832063970091282,1.17,3
toity,4.221867455595371,1.82,3
tokay,4.716570588782897,1.89,3
toked,4.825376835787675,1.2,5
token,4.968420681874737,3.82,4
toker,5.087164166086845,1.72,4
tokes,5.432507661593009,1.75,4
tokos,4.426190271354833,0.0,4
tolan,5.23096299800281,1.8,4
tolar,5.3814075211525365,1.56,4
tolas,5.719048523021371,1.07,3
toled,5.238787194549055,0.0,4
toles,5.841455042425487,1.76,3
tolls,4.723479079182844,3.3,4
tolly,4.116898749607496,1.95,4
tolts,4.742769483301964,0.0,4
tolus,5.312337162629931,0.0,4
tolyl,3.991690538271155,0.0,3
toman,5.000696084861949,1.86,4
tombo,3.7493725759939913,1.83,4
tombs,4.826882119790331,3.34,5
tomen,5.12883174629716,1.06,4
tomes,5.598817112857523,2.61,3
tomia,5.060093071543263,0.0,3
tomin,4.813153738473455,1.41,4
tomme,4.336674976143629,1.51,4
tommy,3.780837922141151,4.16,5
tomos,4.581222800029022,1.87,5
tomoz,3.417507745645489,0.0,4
tonal,5.224712996482612,3.09,4
tondi,4.818925562359882,0.0,4
tondo,4.165089266217858,1.95,3
toned,5.219645228240789,3.48,3
toner,5.465278026647847,3.07,3
tones,5.814939169176118,3.76,3
toney,5.206200824788294,2.29,4
tonga,4.874932818339188,3.1,3
tongs,5.068607614227726,2.8,4
tonic,4.768660688997276,3.39,4
tonka,4.871366648937201,2.35,3
tonks,5.0640956438192495,2.38,4
tonne,4.633949267119961,3.21,3
tonus,5.291052573368044,1.52,4
tools,4.824284594407998,4.59,4
tooms,4.580370598698596,1.56,5
toons,4.792517822021166,2.52,4
tooth,3.3989449733515884,4.08,4
toots,4.112608897050117,2.61,4
topaz,4.30188311103571,2.87,4
toped,4.975240554694813,0.0,3
topee,4.726912568349268,0.0,3
topek,4.789058824489774,0.0,4
toper,5.237743139380612,1.14,4
topes,5.582312700561871,1.55,4
tophe,4.808140730101771,0.0,3
tophi,4.438657846897286,1.12,4
tophs,4.864839557620779,0.0,3
topic,4.529900240733749,4.49,4
topis,5.283897620004768,0.0,3
topoi,4.137101104105286,1.4,4
topos,4.564173679478157,2.07,4
toppy,3.767035865185792,1.76,3
toque,4.327089095610423,2.13,4
torah,5.154725664067429,3.41,3
toran,5.395064893074362,1.65,3
toras,5.869814025098189,1.09,2
torch,4.586848324209666,3.74,3
torcs,5.332076995677731,0.0,4
tores,5.984705612775612,1.06,3
toric,4.943335034060833,1.94,3
torii,4.502720586867887,2.21,3
toros,4.9662600154526295,2.28,4
torot,3.854363508119617,0.0,4
torrs,4.910020264219606,0.0,3
torse,5.721771750243907,1.07,3
torsi,5.385808614730593,0.0,3
torsk,5.013468658831071,0.0,3
torso,4.735488792449351,3.41,3
torta,4.705688856620197,2.04,3
torte,4.84856435956689,2.11,3
torts,4.890060203973721,2.66,4
torus,5.461424702801855,2.57,3
tosas,5.108157106928424,0.0,4
tosed,5.424465688597902,0.0,2
toses,5.223297755758994,0.0,5
toshy,4.68471092258542,0.0,3
tossy,4.443630029206917,0.0,3
tosyl,4.882688911685815,1.03,3
total,4.520658805749172,5.21,4
toted,4.499944671170815,1.75,4
totem,4.420256125066146,3.09,3
toter,4.754641008793956,1.12,4
totes,5.095407021059176,2.94,5
totty,3.283258314373952,1.97,4
touch,4.297182107132415,4.91,4
tough,4.240197956601595,4.77,4
touks,4.958057153003735,0.0,4
touns,5.289633820736041,0.0,4
tours,5.426403004467908,4.14,3
touse,5.4147663830286215,1.23,3
tousy,4.891950728126898,0.0,3
touts,4.611336493316775,2.7,4
touze,4.498992132837681,0.0,4
touzy,3.970128796952038,0.0,4
towai,4.7195301704415655,0.0,4
towed,4.70522574309378,3.38,3
towel,4.862933440645654,3.94,3
tower,4.96259976155562,4.5,4
towie,4.923833291085781,2.21,4
towno,3.818396949960192,0.0,3
towns,4.892917546766802,4.39,4
towny,4.2873326729068575,1.37,3
towse,5.041950594037736,1.17,4
towsy,4.494650562419255,0.0,4
towts,4.210717421603138,0.0,5
towze,4.12633185867663,0.0,4
towzy,3.572841069253141,0.0,4
toxic,3.987468759566652,4.24,3
toxin,4.261484514586681,3.3,4
toyed,4.953196363089676,2.68,4
toyer,5.208859033352641,0.0,3
toyon,4.066703149421619,1.24,3
toyos,4.523157619321985,0.0,4
tozed,4.492218231688133,0.0,4
tozes,5.091922765986962,0.0,5
tozie,4.716197059303265,0.0,4
trabs,5.289129178532927,0.0,4
trace,5.335648307119369,4.19,3
track,4.5926508117192855,5.02,4
tract,4.286893748936186,3.71,4
trade,5.395711819176316,5.12,3
trads,5.468156266572943,1.39,3
trady,4.879569852677468,0.0,4
traga,4.40719561708262,0.0,3
tragi,4.904769658574289,1.73,3
trags,5.313491933782307,0.0,4
tragu,4.675995832242327,0.0,4
traik,4.973104685034804,0.0,4
trail,5.282914577387952,4.45,3
train,5.285590596051564,4.96,3
trait,4.650771266419015,3.69,3
tramp,4.705201214262916,3.21,4
trams,5.4130740026337,3.05,4
trank,4.825182525172743,1.77,4
tranq,4.342190228607552,1.98,3
trans,5.613758873129278,4.41,5
trant,4.502873655330161,2.05,3
trape,5.36134512585238,0.0,4
trapo,5.055175258698069,1.34,4
traps,5.425971914848394,3.76,3
trapt,4.312069236401618,1.36,4
trash,5.128577611527832,4.42,2
trass,5.036934519157768,0.0,5
trats,4.95493638272587,0.0,5
tratt,3.719799534330944,0.0,4
trave,4.960680218021477,1.8,3
trawl,4.64124152308049,2.65,4
trayf,4.417489259587523,0.0,4
trays,5.344514565024728,3.24,3
tread,5.336885216818784,3.52,3
treat,4.8010782364055,4.75,4
treck,4.538956369700682,1.4,3
treed,4.682418922762428,1.92,4
treen,4.8198605108463335,1.77,3
trees,5.272125599274641,4.69,3
trefa,4.921046381472781,0.0,4
treif,4.7729953034128085,0.0,3
treks,5.245799577996029,2.53,4
trema,5.191786582504146,1.17,4
trems,5.360679519667489,0.0,3
trend,4.99726238522161,4.51,3
tress,4.986668591883581,2.35,4
trest,4.681591495101176,0.0,2
trets,4.901837928183996,0.0,4
trews,5.07373591254924,1.82,4
treyf,4.370047853426405,0.0,4
treys,5.286192611852785,1.72,3
triac,5.0365558960998325,1.48,4
triad,5.212701366436051,3.23,4
trial,5.281374400379291,4.87,4
tribe,5.04427647543655,4.12,4
trice,5.154111967573683,2.4,4
trick,4.388954580712831,4.48,3
tride,5.210709915635461,0.0,4
tried,5.271724193698296,5.16,3
trier,4.7478038681534365,2.85,4
tries,5.867421225646744,4.53,3
trifa,4.779105350387915,0.0,4
triff,3.625777101619252,0.0,4
trigo,4.765493499899105,1.72,3
trigs,5.111408217077262,1.04,3
trike,5.0554328129852255,2.42,3
trild,4.874213694392127,0.0,3
trill,4.2726114824574815,2.73,3
trims,5.210255461189784,2.77,4
trine,5.369700363215747,2.46,3
trins,5.4038206408478535,0.0,3
triol,5.098118137356352,1.13,3
trior,4.481597975379346,0.0,4
trios,5.575888585914517,2.54,3
tripe,5.1785436011069566,2.71,3
trips,5.222314453519534,4.23,3
tripy,4.617865592440246,0.0,3
trist,4.52836615771458,2.03,3
trite,4.719352402215294,2.8,4
troad,5.218830984035744,1.34,4
troak,4.984787332617467,0.0,4
troat,4.666620465791612,0.0,3
trock,4.422627863530771,0.0,4
trode,5.232758398587461,0.0,4
trods,5.304855255024423,0.0,4
trogs,5.148211766319366,1.22,3
trois,5.593432684276798,2.81,3
troke,5.072573415066769,0.0,3
troll,4.30794675041841,3.73,3
tromp,4.538383732001232,2.06,4
trona,5.269641561895862,1.77,3
tronc,4.730938507378179,1.52,4
trone,5.397734626344546,1.45,4
tronk,4.658677622383591,0.0,4
trons,5.450441657508193,1.39,3
troop,4.180619293795247,3.69,4
trooz,3.723706827760331,0.0,4
trope,5.199364124937445,3.1,3
tropo,4.19133347072667,1.24,4
troth,4.073065535676755,2.14,4
trots,4.790659225732923,2.42,4
trout,4.236117666082193,3.78,3
trove,4.79898048915324,3.04,4
trows,4.957508792156487,1.27,4
troys,5.184619419400783,1.24,3
truce,4.9196167492960985,3.52,4
truck,4.164493425678672,4.64,4
trued,5.040108099564418,1.55,4
truer,4.515477606656131,2.97,4
trues,5.642255687624853,1.43,3
trugo,4.548068641296197,0.0,3
trugs,4.891497952432197,0.0,3
trull,4.047448212159495,1.77,3
truly,4.612715735682066,4.87,3
trump,4.275429527389983,4.93,3
trunk,4.398527988873564,4.03,4
truss,4.6170513520621626,3.29,3
trust,4.310861780247848,5.13,3
truth,3.811143615414182,5.05,4
tryer,4.366482468367449,0.0,3
tryke,4.669296411638066,0.0,4
tryma,4.68280053689792,0.0,4
tryps,4.82259160417825,0.0,3
tryst,4.129637428413839,2.56,3
tsade,5.318335970218438,0.0,3
tsadi,4.998399439428365,0.0,3
tsars,4.953299223467927,2.22,4
tsked,4.685318024288167,0.0,3
tsuba,4.632647411214543,1.51,3
tsubo,4.460979438038866,1.24,3
tuans,5.425670434923719,0.0,3
tuart,4.444794737743564,1.17,4
tuath,4.033043232753859,1.05,4
tubae,4.988789511269692,0.0,4
tubal,4.619833754865906,2.56,4
tubar,4.777246245042353,0.0,4
tubas,5.089939819450352,1.84,3
tubby,3.3037534942092037,2.66,4
tubed,4.5736134785147255,2.01,4
tuber,4.835777989434214,2.64,3
tubes,5.180808929567904,3.94,4
tucks,4.501287198000076,2.63,4
tufas,4.92492535911739,0.0,4
tuffe,3.6671187508122256,0.0,4
tuffs,3.7231269151714215,1.8,4
tufts,3.904449425730272,3.1,4
tufty,3.298895647117722,1.58,4
tugra,4.735348050199539,0.0,3
tuile,5.180367358622661,1.37,4
tuina,5.021981263257959,0.0,4
tuism,4.768523216896896,0.0,3
tuktu,2.7619637375670365,0.0,4
tules,5.553952436324641,1.11,4
tulip,4.546233495148294,3.18,3
tulle,4.367037107590807,2.62,4
tulpa,4.744393076813584,1.53,4
tulps,4.917430608786168,0.0,3
tulsi,4.944775211433791,2.65,3
tumid,4.438579096591426,1.3,5
tummy,3.477902476019185,3.43,4
tumor,4.716987699539858,3.97,3
tumps,4.663782071085047,0.0,4
tumpy,4.051226817695892,0.0,3
tunas,5.440503355424088,2.06,3
tunds,4.926071597821801,0.0,3
tuned,4.922703112073598,3.87,4
tuner,5.173070007392853,2.91,3
tunes,5.526111769945905,3.82,4
tungs,4.76757897045267,0.0,4
tunic,4.478100202253751,3.08,3
tunny,3.776685966932606,1.86,3
tupek,4.49998753687501,0.0,4
tupik,4.198918690645941,0.0,4
tuple,4.841962342260217,2.44,4
tuque,3.363545955905664,1.46,4
turbo,4.579714418473813,3.74,3
turds,5.109412083733597,2.55,4
turfs,4.783004637149925,1.7,4
turfy,4.177840862151276,0.0,4
turks,4.943245421883711,3.66,4
turme,5.002919700452159,0.0,3
turms,5.056834004992221,0.0,3
turns,5.265057519606628,4.76,3
turnt,4.148778551095741,1.99,3
turon,4.9417653782991895,1.6,3
turps,5.068785732698621,1.67,4
turrs,4.613709932934055,0.0,3
tushy,4.385072400644548,1.78,3
tusks,4.1771980297929465,2.8,4
tusky,4.354695791776936,1.06,3
tutee,3.978497790248536,1.06,4
tutes,4.80989542363087,1.08,5
tutor,4.224959124661051,3.67,4
tutti,3.1809890278150976,2.66,4
tutty,2.9845868774330926,1.34,4
tutus,3.589118167361264,2.11,5
tuxes,4.751982977675179,1.88,4
tuyer,4.923299548770379,0.0,4
twaes,5.3887563893747705,0.0,2
twain,4.629160934153252,3.39,3
twals,5.010055254391925,0.0,3
twang,4.161127118581475,2.56,4
twank,4.178684868096782,0.0,3
twats,4.2999743824781245,2.62,4
tways,4.69431026848446,0.0,4
tweak,4.4555798123425605,3.27,3
tweed,4.024828958844226,3.25,3
tweel,4.181453394543384,1.28,4
tween,4.169433792339234,2.84,3
tweep,3.930536469262363,1.89,3
tweer,4.286846171530942,0.0,4
tweet,3.516262271742284,4.17,3
twerk,4.2700299792811744,2.54,3
twerp,4.367721844562516,2.11,3
twice,4.48949720441229,4.84,3
twier,4.875503908528367,0.0,4
twigs,4.456255459290286,3.12,4
twill,3.6410614281481553,2.66,4
twilt,3.688434329169344,0.0,4
twine,4.721450592143627,2.93,3
twink,3.967073179435961,2.93,4
twins,4.765568041697833,4.15,3
twiny,4.158687872790732,0.0,3
twire,4.867856889192644,0.0,3
twirk,4.119622150867984,0.0,4
twirl,4.435481375352805,2.69,3
twirp,4.2119844927654375,1.14,3
twist,3.8768735052567735,4.22,3
twite,4.058319772246074,1.35,4
twits,4.09691887773429,2.27,4
twixt,2.8864416763062537,2.08,4
twocs,4.579284892621376,0.0,4
twoer,4.904157095396871,0.0,3
twonk,4.018439818991048,1.2,4
twyer,4.49050675900225,0.0,4
tyees,4.86535493015488,0.0,4
tyers,5.3083043226160775,1.88,3
tying,4.225433030747427,3.68,3
tyiyn,3.7300098173387775,0.0,3
tykes,4.953151180989648,2.01,5
tyler,5.012381224995971,4.17,4
tymps,4.456505906779192,0.0,4
tynde,4.6975289515940055,0.0,4
tyned,4.759966796412321,0.0,4
tynes,5.328954822823422,1.8,4
typal,4.574672336906533,0.0,3
typed,4.516054747719256,3.52,3
types,5.101149512499432,4.85,4
typey,3.901778618469247,0.0,4
typic,4.068324346123244,1.46,3
typos,4.828305222149465,3.01,3
typps,3.871303680903007,0.0,4
typto,3.6796502953343873,0.0,3
tyran,4.980455362445524,1.5,3
tyred,4.938610515093354,1.62,3
tyres,5.507472036554333,3.52,3
tyros,5.235855595716146,1.59,4
tythe,3.8556638535644736,0.0,4
tzars,4.897051466917661,0.0,4
ubacs,4.667526182722011,0.0,5
ubity,4.127513560301957,0.0,4
udals,5.093545898621405,0.0,5
udder,4.022204250596714,2.29,4
udons,4.89580302796709,0.0,5
udyog,3.833380180331845,1.58,4
ugali,4.501612623185856,1.43,4
ugged,3.595930003273761,0.0,5
uhlan,4.567664164707473,1.29,4
uhuru,2.738851122902171,2.63,4
ukase,4.9995055513236055,1.4,5
ulama,4.1616671366784725,2.25,5
ulans,5.282114484369355,0.0,4
ulcer,4.793483023087943,3.03,4
ulema,4.828038794235331,2.15,4
ulmin,4.401825628432855,0.0,4
ulmos,4.939601925672755,0.0,4
ulnad,4.74508614585319,0.0,4
ulnae,5.209439469575684,0.0,4
ulnar,4.948897993018358,2.39,5
ulnas,5.307335265469398,0.0,4
ulpan,4.596376693539772,1.1,4
ultra,4.921494996277495,4.23,4
ulvas,4.724353251377552,0.0,4
ulyie,4.762374446272588,0.0,5
ulzie,4.316487014149789,0.0,5
umami,3.798491900952655,2.38,5
umbel,4.34466364783618,1.72,4
umber,4.443749160397646,2.39,5
umble,4.332000078398644,1.25,4
umbos,4.515384636731361,0.0,4
umbra,4.330323704927261,2.39,5
umbre,4.440344136005781,0.0,4
umiac,4.3970146171635776,0.0,4
umiak,4.347703990343548,1.25,4
umiaq,3.8307912961877375,0.0,4
ummah,3.538593500016016,2.49,4
ummas,4.270535451891707,0.0,4
ummed,3.7583168696838656,0.0,4
umped,4.298477513918129,0.0,4
umphs,4.179927290122103,0.0,4
umpie,4.52492344190912,0.0,5
umpty,3.900718038729498,0.0,4
umrah,4.504531993106202,2.09,4
umras,5.2302511380967305,0.0,4
unagi,4.438555699652817,1.81,4
unais,5.299972314879862,0.0,4
unapt,4.56372343514977,0.0,3
unarm,4.632044571354395,0.0,4
unary,4.720808861046639,1.93,4
unaus,4.433445135526079,0.0,5
unbag,4.061212672326621,0.0,4
unban,3.7090631668792926,1.84,4
unbar,4.548191529724152,1.06,4
unbed,4.365235011256098,0.0,4
unbid,4.096894700715531,0.0,4
unbox,3.474544538807186,2.01,4
uncap,4.252750200379921,1.37,4
unces,5.049848871865938,0.0,4
uncia,4.552962341168595,1.13,4
uncle,4.58304293842776,4.45,4
uncos,4.775557946028907,0.0,4
uncoy,4.1652759153526375,0.0,4
uncus,3.8483580099475616,1.21,4
uncut,3.421258048496093,3.25,3
undam,4.344314883002749,0.0,5
undee,4.288033049972863,0.0,4
under,4.760416431786722,5.73,4
undid,3.647412615369663,2.53,4
undos,4.853379404598186,0.0,4
undue,3.860343621048093,3.29,4
undug,3.11817399558926,0.0,4
uneth,4.45751770500321,0.0,4
unfed,4.195598600999192,1.63,4
unfit,4.057309794542851,3.52,4
unfix,3.278134712763193,1.12,4
ungag,3.5824584068394016,0.0,4
unget,4.540097946526043,0.0,4
ungod,4.131688649533165,0.0,4
ungot,4.257540870901775,0.0,4
ungum,3.06152658317835,0.0,4
unhat,4.442360630534257,0.0,4
unhip,3.942374491441561,1.32,5
unica,4.571798944662315,1.82,4
unify,3.88998417653252,3.07,4
union,3.955567129286628,5.08,4
unios,5.124203198973114,0.0,4
unite,4.96048992889821,3.9,4
units,5.03646325139875,4.77,4
unity,4.422320631927794,4.22,4
unjam,3.7469007019908056,1.11,5
unked,4.328006624550822,0.0,4
unket,4.501486885970726,0.0,4
unkey,4.318119984522781,0.0,4
unkid,4.073403564773737,0.0,5
unkut,3.3056063043882102,0.0,4
unlap,4.525640622257839,0.0,4
unlaw,4.256000214162473,0.0,4
unlay,4.623765156093526,0.0,4
unled,4.727073658940355,0.0,3
unleg,4.522974425643335,0.0,3
unlet,4.896268827537822,0.0,4
unlid,4.461811155032492,0.0,3
unlit,4.588337223749652,2.44,3
unmad,4.443611117078266,0.0,5
unman,3.840154618168567,1.11,4
unmet,4.6652087603686425,2.73,4
unmew,4.118133739782683,0.0,4
unmix,3.584039113883348,0.0,4
unode,4.788318230570735,0.0,4
unold,4.511865237767296,0.0,4
unown,3.3601770590570474,1.62,4
unpay,4.374622693043273,0.0,5
unpeg,4.267433413701637,0.0,4
unpen,3.921590905138352,0.0,4
unpin,3.605698189670593,1.44,4
unply,4.06233543117588,0.0,4
unpot,4.368017291698476,0.0,4
unput,3.4403543767137044,0.0,4
unred,4.883378646069723,0.0,4
unrid,4.620612670721994,0.0,4
unrig,4.370541280324739,0.0,3
unrip,4.467379048084187,0.0,4
unsaw,4.463295083495002,0.0,4
unsay,4.797661106494111,1.51,4
unsee,4.683172084465894,2.61,4
unset,5.103679376286372,1.82,4
unsew,4.557269995006753,0.0,5
unsex,4.32488244581803,1.23,4
unsod,4.675714156670798,0.0,4
unsub,3.492195167786406,2.45,4
untag,4.397356313032411,1.61,4
untax,4.005153553307644,0.0,4
untie,4.920950590964612,2.51,4
until,4.528225088829405,5.61,3
untin,3.830214236884967,0.0,4
unwed,4.20100180963556,2.52,4
unwet,4.375715373201231,0.0,5
unwit,4.057387329710528,0.0,4
unwon,3.343998129927937,0.0,4
unzip,3.571463706479282,2.55,4
upbow,3.516608874359395,0.0,4
upbye,4.031097780639604,0.0,4
updos,4.686940940886672,1.32,4
updry,4.078876480462902,0.0,4
upend,4.400268053156146,2.26,4
upful,2.96527401382203,0.0,4
upjet,3.954650781337912,0.0,4
uplay,4.475969711289238,1.91,4
upled,4.577775590430846,0.0,4
uplit,4.444169870571013,0.0,3
upped,3.7430996984391567,3.07,5
upper,4.001059357234388,4.72,4
upran,4.750233728073623,0.0,4
uprun,3.641082250783092,0.0,4
upsee,4.526090250434154,1.15,4
upset,4.946458126903703,4.61,4
upsey,4.727725591698813,0.0,4
uptak,4.250537528633864,0.0,4
upter,4.791590672789385,0.0,4
uptie,4.764351813051789,0.0,4
uraei,5.343509903698817,0.0,3
urali,5.009454661685386,0.0,3
uraos,5.5356265658164086,0.0,5
urare,4.660811228161036,0.0,4
urari,4.321059605237039,0.0,4
urase,5.530720230582282,0.0,5
urate,5.37664366191327,1.8,4
urban,4.63276293315649,4.65,3
urbex,4.010169309908429,1.6,5
urbia,4.7141251687301375,0.0,3
urdee,4.536531450823525,0.0,4
ureal,5.194812823894865,0.0,5
ureas,5.672471099669434,1.34,4
uredo,4.865799712869239,0.0,4
ureic,4.751135534679128,0.0,4
ureid,4.9254148865516365,0.0,4
urena,5.163850965965101,1.75,4
urent,4.945109754585142,0.0,4
urged,4.621791541934848,4.01,4
urger,4.087194684777738,0.0,5
urges,5.215707645450494,3.69,4
urial,5.059417946536453,0.0,4
urine,5.130444808469092,3.84,4
urite,5.198581271332094,0.0,4
urman,4.759424668914956,1.15,4
urnal,4.939784589172188,0.0,4
urned,4.940811379270287,0.0,4
urped,4.720440528316731,0.0,3
ursae,5.566443709729973,1.22,3
ursid,4.904029308967307,0.0,3
urson,4.994805345127476,0.0,3
urubu,2.688998924370809,0.0,4
urupa,3.9884964392795546,0.0,4
urvas,4.861541448124638,0.0,4
usage,4.94753399321984,4.23,4
usens,4.568860158279914,0.0,4
users,4.709574068754391,4.8,5
useta,5.139579251476364,0.0,4
usher,4.783743665406599,3.51,4
using,4.342166421579587,5.47,4
usnea,5.2619017808438215,1.24,3
usnic,4.425057091283933,1.12,4
usque,3.3338926451276816,1.58,5
ustad,4.806209223181332,2.0,4
uster,5.120392952610308,1.26,3
usual,4.17393806967602,4.62,3
usure,4.369236956767309,0.0,4
usurp,3.743919472528086,2.7,4
usury,3.815931054081625,2.54,4
uteri,4.866315712261142,1.73,4
utero,4.931158761003874,2.7,4
utile,4.961993890950028,1.66,3
utter,4.279341044206508,3.85,4
uveal,4.442831793599588,1.68,4
uveas,4.89833180308102,0.0,4
uvula,3.4494460701262195,1.98,5
vacas,4.277096009627282,1.2,5
vacay,3.666690969917165,2.07,4
vacua,3.6587963876193648,1.31,4
vacui,4.1574681274938765,0.0,4
vacuo,4.18579058476033,1.57,4
vadas,4.35471597729713,1.43,5
vaded,3.982740017610328,0.0,6
vades,5.180411578427148,0.0,6
vadge,4.408013873345927,0.0,5
vagal,3.733346143307412,2.11,5
vague,4.416388264418867,3.87,4
vagus,4.528197266681939,2.39,4
vaids,4.94929357856127,0.0,5
vails,5.143884470922153,1.23,6
vaire,5.14262933933801,0.0,5
vairs,5.243250131140737,0.0,5
vairy,4.622797885883768,0.0,4
vajra,3.4127218675262325,2.08,4
vakas,4.170170181906691,0.0,5
vakil,4.2929684740844944,1.85,4
vales,5.404576290850263,2.06,6
valet,4.976901399988473,3.17,4
valid,4.579635365553627,4.38,5
valis,5.136409869804476,1.58,5
valli,3.8913748677738456,2.53,5
valor,4.77641471812198,3.23,4
valse,5.148275220481728,1.87,4
value,4.782695385115924,5.15,5
valve,4.048569476819892,4.13,5
vamps,4.55347009821482,2.59,5
vampy,3.93939243421248,1.84,5
vanda,3.891269471800781,2.3,6
vaned,4.778878625686401,0.0,5
vanes,5.372063528486279,2.3,5
vanga,3.719898210788327,1.48,4
vangs,4.6601307023481136,0.0,6
vants,5.012138954270554,0.0,6
vaped,4.538767250997125,1.56,5
vaper,4.796079349084789,1.64,4
vapes,5.144125849030535,2.21,6
vapid,4.3127309364473865,2.5,4
vapor,4.543977629598767,3.56,5
varan,4.233813883924981,1.6,4
varas,4.70510263940734,1.8,5
varda,4.0816180629237095,1.95,5
vardo,4.627467237205413,1.18,5
vardy,4.4128401909397095,2.69,4
varec,4.831473860501522,0.0,4
vares,5.547479061857766,1.3,5
varia,4.344331167350449,2.23,4
varix,4.083371367815992,1.5,4
varna,4.225405201089541,2.78,4
varus,5.040081273599052,2.41,4
varve,4.200657841321147,1.05,5
vasal,4.2850987703358685,1.09,4
vases,4.785156716709257,3.11,6
vasts,4.423702991260886,0.0,6
vasty,4.598134097558239,1.23,4
vatas,4.52025299423615,0.0,4
vatha,3.72981277600138,0.0,5
vatic,4.345452808432883,1.18,5
vatje,4.145095127027719,0.0,4
vatos,5.07734145936331,1.75,4
vatus,4.85412688967411,0.0,4
vauch,3.881206561905572,0.0,4
vault,4.468783263525568,3.9,5
vaunt,4.4375878309659935,1.39,5
vaute,4.802349392294127,0.0,4
vauts,4.909947278914973,0.0,5
vawte,4.447193005378789,0.0,4
vaxes,4.59765375860025,0.0,6
veale,4.450295232534123,1.79,3
veals,5.278757162984991,0.0,6
vealy,4.65667172798933,0.0,4
veena,4.269006423537671,2.2,3
veeps,4.249881727870612,0.0,6
veers,4.598722904014339,2.54,5
veery,3.982571804356533,1.47,5
vegan,4.445274884985703,3.95,4
vegas,4.9169976605633865,4.42,4
veges,4.247422893819207,1.56,7
veggo,3.416548689873274,0.0,4
vegie,3.900822439299884,1.38,5
vegos,4.718717978443788,0.0,5
vehme,3.5690584667940204,0.0,5
veils,5.099439392667086,2.85,5
veily,4.469217501921041,0.0,4
veins,5.049758117538713,3.76,5
veiny,4.424626119743189,2.08,5
velar,4.931118741210288,2.3,5
velds,4.800773486348932,0.0,5
veldt,4.364629703793834,1.91,4
veles,4.612128542221005,1.61,5
vells,4.269756333361406,1.03,7
velum,4.1332712537328185,1.66,5
venae,4.446165460742279,0.0,4
venal,4.792571832598089,2.34,4
venas,5.255625701644544,0.0,4
vends,4.7653941770500925,1.29,6
vendu,4.125625206852377,0.0,4
veney,3.9751419562823647,0.0,4
venge,3.8048035109341103,1.62,5
venin,3.881584353512964,0.0,5
venom,4.368054968324957,3.57,4
venti,4.551093786531282,2.41,4
vents,4.958741677416597,3.32,6
venue,3.997521398968166,4.25,5
venus,4.805486613935292,3.81,4
verba,4.590259919057277,1.87,4
verbs,4.771739434757772,3.44,5
verde,4.144473277303989,3.29,3
verge,3.996134832749292,3.67,4
verra,4.266329085075901,1.64,4
verre,3.641485572477418,1.94,5
verry,3.8337966037035023,2.09,6
versa,5.14705583630412,3.72,3
verse,4.51567663933147,4.18,4
verso,4.972608911500092,2.72,3
verst,4.90843334820691,1.31,2
verte,4.34020100589597,2.24,3
verts,5.1415870431042086,1.96,3
vertu,4.498156700974295,2.02,3
verve,3.418847595272043,2.85,5
vespa,4.747672117196039,2.59,3
vesta,4.986391825357972,2.59,4
vests,4.37135908901536,3.19,6
vetch,3.9256604649068114,2.18,5
veuve,3.116414455750612,2.25,5
veves,3.677232102288156,0.0,6
vexed,3.2127974704673368,2.81,5
vexer,3.464321404169868,0.0,6
vexes,3.80489170428984,1.81,6
vexil,3.834965004699896,0.0,5
vezir,4.014917045712222,0.0,5
vials,5.067639430682018,3.0,4
viand,4.468631935155568,0.0,5
vibed,4.18504998132475,1.53,4
vibes,4.784637827565791,3.55,4
vibex,3.578887587742164,0.0,4
vibey,4.156838546949236,1.38,4
vicar,4.469967213608757,3.37,5
viced,4.275878071189305,0.0,5
vices,4.871969958147196,3.01,5
vichy,3.5105201401801955,2.74,4
vicus,4.323030456214902,1.36,4
video,4.5619371864523055,5.43,3
viers,5.121655755548625,1.04,5
vieux,3.621254975776344,2.4,4
views,4.476862217935364,4.83,4
viewy,3.844255544039372,0.0,4
vifda,3.8684186827247102,0.0,5
viffs,3.336384606163277,0.0,5
vigas,4.698624973391053,0.0,5
vigia,3.516979972492213,1.03,4
vigil,3.248411671607048,3.24,4
vigor,4.195087157104851,3.03,5
vilde,4.51927876905459,1.68,3
viler,4.782772904406103,1.28,4
villa,3.864644102088063,4.2,4
ville,3.9836431717729175,3.14,4
villi,2.853326290896375,2.03,4
vills,4.0451571251111975,1.37,7
vimen,4.444722123485849,0.0,4
vinal,4.560383852003262,1.3,4
vinas,5.030859431891323,1.19,4
vinca,4.290774275206951,1.92,4
vined,4.526473205209782,0.0,6
viner,4.76884675875463,2.26,4
vines,5.122446318996687,3.57,6
vinew,4.1672145997314205,0.0,5
vinho,4.037590799853181,1.65,4
vinic,3.27504517439608,0.0,4
vinny,3.370745196517305,2.98,6
vinos,4.838733256427161,1.38,5
vints,4.732912927043607,0.0,5
vinyl,3.973400307838242,4.0,4
viola,4.661443534769448,3.54,4
viold,4.3495721201932245,0.0,4
viols,4.909030451758183,1.66,3
viper,4.548351490817242,3.31,4
viral,4.73426414588281,4.08,4
vired,4.709539637276624,0.0,5
vireo,4.925447696256808,1.99,3
vires,5.303489272477734,2.02,5
virga,4.409264427804138,1.54,5
virge,4.519434502571119,1.63,3
virgo,4.221174670187306,3.07,3
virid,3.658836131509694,0.0,4
virls,4.902625146315849,0.0,5
virtu,4.276220469282038,1.93,4
virus,4.759974317332021,4.42,5
visas,4.449863524487611,3.47,5
vised,4.73736473459134,0.0,4
vises,4.540856087364231,1.53,5
visie,4.184551991352806,0.0,4
visit,3.828380879032532,5.04,4
visna,4.745018469149327,0.0,4
visne,4.865174034652565,0.0,3
vison,4.580954539729461,1.72,5
visor,4.744740632103815,2.98,3
vista,4.779795131882313,3.71,4
visto,4.602345865690435,1.95,4
vitae,4.922572473844213,2.8,4
vital,4.55752360471355,4.38,4
vitas,5.024209459878755,1.94,4
vitex,3.91039854106074,1.69,4
vitro,4.4848542971959615,3.42,3
vitta,3.856461218605834,1.43,4
vivas,4.1379651072691495,1.75,5
vivat,3.7063539772859495,1.65,4
vivda,3.4858711569970056,0.0,6
viver,3.871528433720119,1.21,5
vives,4.220588840968647,2.17,5
vivid,2.56848219054851,3.75,4
vivos,3.9476024121939566,1.69,5
vivre,3.8901200555817534,2.5,4
vixen,3.88262762917657,2.94,5
vizir,2.998779862181012,1.2,4
vizor,3.8094824719254974,1.16,5
vlast,4.67546088791985,1.28,4
vleis,4.974410340688368,0.0,5
vlies,5.126826732146864,0.0,4
vlogs,4.416274796332992,2.55,5
voars,5.214341350473748,0.0,5
vobla,4.276249721173854,0.0,5
vocab,4.000054876426764,2.58,4
vocal,4.371766842899785,4.16,4
voces,4.946682426918963,1.96,5
voddy,3.239247378695461,0.0,5
vodka,4.081569355756392,3.83,5
vodou,3.3567791473672504,1.84,4
vodun,4.023696211888434,1.36,4
voema,4.579855666013977,0.0,4
vogie,4.475306530891513,0.0,5
vogue,4.238594928630714,3.71,5
voice,4.573897604451355,5.07,4
voici,3.480550296467403,1.74,4
voids,4.744622958740227,2.81,4
voila,4.696765499301066,2.93,3
voile,4.8448060840459695,2.0,4
voips,4.691906663914653,0.0,3
volae,5.000221714191308,0.0,5
volar,4.776502606690539,1.78,5
voled,4.634761789113174,0.0,5
voles,5.233450909993564,2.45,6
volet,4.802630808311895,0.0,4
volke,4.420295445627052,1.26,5
volks,4.491063035933312,1.84,5
volta,4.643277381656927,2.98,3
volte,4.784040476414438,2.46,4
volti,4.422439561280014,1.01,3
volts,4.846048786129751,3.2,5
volva,3.725897289491285,1.24,4
volve,3.862405769222895,1.04,5
vomer,4.639329091563555,1.45,6
vomit,4.255000721303204,3.53,4
voted,4.582465015188421,4.62,4
voter,4.840416150140189,4.11,4
votes,5.185799335648195,4.64,4
vouch,3.6819821232826055,3.13,4
vouge,4.263460397604607,0.0,5
voulu,3.411377713733611,0.0,5
vowed,4.092402443647977,3.39,6
vowel,4.24685462833839,3.33,4
vower,4.342446698433426,0.0,6
voxel,3.979625896072936,2.33,4
voxes,4.420814140326096,0.0,6
vozhd,3.203196671751813,0.0,4
vraic,4.405798548224398,0.0,5
vrils,4.83475788284343,0.0,4
vroom,3.583236694101929,2.72,5
vrous,4.747229712554853,0.0,3
vrouw,3.767150199751712,1.4,4
vrows,4.35307118736308,0.0,5
vuggs,3.341236957489474,0.0,5
vuggy,2.720029092227604,0.0,5
vughs,3.844860920026541,0.0,6
vughy,3.2286854342460263,0.0,5
vulgo,3.8415715582906618,1.19,4
vulns,4.505838457456099,1.04,4
vulva,3.4504854875914632,2.74,5
vutty,3.191638356093557,0.0,5
vygie,4.032060058191757,0.0,5
vying,3.612253975349282,2.92,5
waacs,4.373216083064217,0.0,5
wacke,4.429841553024594,0.0,4
wacko,4.100226419527138,2.38,4
wacks,4.501011077644892,1.39,5
wacky,3.8899229109677513,3.29,5
wadas,4.466535317609597,0.0,6
wadds,4.157779463154935,0.0,5
waddy,3.548943493499237,1.92,5
waded,4.101295979131821,2.58,4
wader,4.958794792493527,1.82,4
wades,5.296356161464878,2.19,4
wadge,4.526428573756089,1.05,5
wadis,5.041771969038726,1.62,5
wadts,4.945317405935912,0.0,5
wafer,4.634313105010301,3.13,5
waffs,3.724033556686444,0.0,6
wafts,4.618406213281904,2.07,4
waged,4.560333731897103,3.2,4
wager,4.812048053222198,3.43,4
wages,5.1524463840139125,4.25,5
wagga,3.0031611918393657,2.69,5
wagon,4.37353072134373,3.9,4
wagyu,3.83155468366026,2.26,4
wahay,3.6847223479237994,0.0,6
wahey,4.5241953538260695,1.64,4
wahoo,3.753301392669051,2.57,5
waide,4.954616753265098,1.21,4
waifs,4.721244227001941,1.97,5
waift,4.294733373775468,0.0,4
wails,5.253136155599663,2.45,4
wains,5.203065456306952,1.31,4
wairs,5.350734913462881,0.0,6
waist,5.011878608059436,3.96,3
waite,5.159191798431506,2.97,4
waits,5.251341667545368,3.68,5
waive,4.506110207169817,3.24,4
wakas,4.284139054462428,1.16,5
waked,4.515457074005368,2.09,4
waken,4.651735520288866,2.29,4
waker,4.77020700902129,2.2,4
wakes,5.114253700971362,3.68,4
wakfs,4.246366524399077,0.0,6
waldo,4.57320426720608,3.28,5
walds,4.968403287149802,0.0,5
waled,4.924380801798346,0.0,3
waler,5.147119719192969,1.13,5
wales,5.519467079596065,4.6,5
walie,5.157936730033594,0.0,3
walis,5.243333084787782,1.4,5
walks,4.798955561066628,4.32,4
walla,3.475490233819699,2.92,5
walls,4.426012613598735,4.62,6
wally,3.813321204699056,3.45,5
walty,4.548114630755929,0.0,4
waltz,3.992225860754397,3.38,4
wamed,4.682585544899573,0.0,5
wames,5.278557778467818,0.0,4
wamus,4.7544327413285625,0.0,5
wands,4.934977358144751,2.76,5
waned,4.89624415353476,2.87,3
wanes,5.485850699163231,2.34,4
waney,4.87266312375969,0.0,4
wangs,4.767786146611594,1.82,5
wanks,4.767948978802071,1.87,5
wanky,4.156045299263637,1.77,6
wanle,5.054704560938994,0.0,4
wanly,4.507932977968588,1.43,5
wanna,3.435303819618778,5.04,5
wanta,4.186474221117247,1.96,4
wants,5.125629219424314,5.24,6
wanty,4.517783235919036,1.18,5
wanze,4.326316448412198,0.0,4
waqfs,3.7476426558818496,0.0,6
warbs,4.929381840376734,0.0,5
warby,4.323714169684525,2.04,5
wards,5.119060185875533,3.64,5
wared,5.074504068356445,0.0,5
wares,5.660558551501576,3.18,6
warez,4.517640662015546,1.88,4
warks,4.949381442924776,1.41,5
warms,5.058754101151316,3.19,6
warns,5.264200302798171,3.73,4
warps,5.065736091214422,2.44,4
warre,4.543614285387415,1.79,5
warst,5.0721125656257575,0.0,3
warts,5.30678864019836,3.01,3
warty,4.703619739508352,2.08,3
wases,4.899593628633159,0.0,5
washi,4.5843584143086,2.32,4
washy,4.375525056951076,2.61,5
wasms,4.296991366948513,0.0,6
wasps,4.299283295463819,3.3,5
waspy,4.472297544247052,1.57,4
waste,5.277298844644892,4.81,3
wasts,4.536514002181583,0.0,6
watap,3.9295207676074977,0.0,4
watch,4.090122557239893,5.34,5
water,5.13475783950207,5.52,5
watts,4.416352267123307,3.79,5
wauff,3.1546278981502285,0.0,5
waugh,3.9313633075700967,2.94,5
wauks,4.653803730440855,0.0,5
waulk,4.212791171238736,0.0,6
wauls,5.015438548940341,0.0,5
waurs,5.116875475073342,0.0,4
waved,4.27845126631865,3.54,5
waver,4.529722430145254,2.75,5
waves,4.874676159803639,4.37,6
wavey,4.255071707331894,1.88,3
wawas,3.74407371192936,0.0,6
wawes,4.596509285610603,0.0,6
wawls,4.241958252796019,0.0,5
waxed,4.119197399286708,3.08,5
waxen,4.252920076208775,1.69,4
waxer,4.368237826968185,1.51,5
waxes,4.712492151065494,2.65,6
wayed,4.6342697247716895,0.0,4
wazir,4.180361792792514,2.28,5
wazoo,3.3743942134712985,2.12,5
weald,4.826012082018874,2.3,4
weals,5.397998202405705,0.0,4
weamb,4.315453455522717,0.0,4
weans,5.3543907463986375,1.73,5
wears,5.492121118059225,4.08,4
weary,4.875913716233881,3.61,4
weave,3.9256188133833674,3.53,4
webby,3.2537702400796347,2.38,4
weber,4.02062168013004,3.6,5
wecht,4.050889631527438,1.53,5
wedel,4.080467769591745,1.82,4
wedge,3.744848148079243,3.62,4
wedgy,3.941577086413844,1.15,4
weeds,4.415928385806135,3.52,4
weedy,3.804427370362148,2.37,4
weeis,4.690450427260906,0.0,5
weeke,3.1795463033647278,1.58,5
weeks,4.251070104335465,5.19,4
weels,4.61776344689597,0.0,4
weems,4.368301454789697,2.34,4
weens,4.582319373537995,0.0,4
weeny,3.967582594284521,2.13,4
weeps,4.36954216698556,2.78,4
weepy,3.751024682710278,2.34,5
weest,4.378629747934626,0.0,5
weete,3.5414997298707096,0.0,4
weets,4.608182121670561,0.0,5
wefte,3.766232627943325,0.0,5
wefts,4.572604751909239,1.6,4
weids,5.013135785546794,0.0,5
weigh,4.133135997547034,3.99,5
weils,5.218032293064512,0.0,5
weird,4.746776664577318,4.81,3
weirs,5.31853025471607,2.32,3
weise,4.567128379601258,2.36,3
weize,3.650534010532271,0.0,5
wekas,5.005765828594883,0.0,4
welch,4.086767142887744,3.37,5
welds,4.919958706906054,2.64,5
welke,3.946422234259628,1.51,4
welks,4.755333620760255,0.0,5
welkt,4.321544889685399,0.0,4
wells,4.387675515431739,4.25,5
welly,3.7693121775194633,2.21,5
welsh,4.581278756039996,4.15,4
welts,5.112995605056332,2.27,5
wembs,4.485729777888912,0.0,5
wench,4.052484118577174,2.67,5
wends,4.883786402962322,1.86,4
wenge,3.922121482223787,1.53,5
wenny,3.7214616743804982,0.0,5
wents,5.07960570490052,0.0,6
werfs,4.741209486828708,0.0,5
weros,5.346709628765472,0.0,4
wersh,4.723928201550176,0.0,3
wests,4.492997454038433,2.71,5
wetas,5.363707027138397,0.0,4
wetly,4.46268812718746,1.41,4
wexed,3.3342986717462155,0.0,5
wexes,3.92309386680337,0.0,7
whack,3.642711153025448,3.43,4
whale,4.666521308600121,3.98,4
whamo,4.103632666913882,0.0,5
whams,4.495633811861408,0.0,4
whang,3.885439597982796,1.83,5
whaps,4.501496994409441,0.0,5
whare,4.76649115189891,2.02,4
wharf,3.878525543360139,3.48,5
whata,3.826957546457675,1.91,3
whats,4.741522945885082,3.88,5
whaup,3.867507054467236,0.0,4
whaur,4.261600211033612,0.0,4
wheal,4.518496355967863,2.12,4
whear,4.652944551577851,0.0,4
wheat,4.556414968522415,4.01,4
wheek,3.559328351060963,0.0,4
wheel,3.905475544795003,4.5,4
wheen,3.885218637721124,1.53,4
wheep,3.650031766041223,0.0,5
wheft,3.7378701524403937,0.0,4
whelk,3.8915137353893714,1.9,5
whelm,4.000114985305665,1.3,5
whelp,3.986466265742433,2.49,5
whens,4.646522126930771,1.93,4
where,4.001070096235387,6.0,5
whets,4.683617424448699,1.69,5
whews,3.767400614297221,0.0,5
wheys,4.360820594236207,0.0,4
which,2.9610849113373363,6.3,4
whids,4.345436837401563,0.0,5
whies,4.935407564852958,0.0,4
whiff,2.682497319056786,3.22,5
whift,3.5797896432423766,0.0,4
whigs,4.188001471986418,2.8,5
while,4.479819317062928,5.86,4
whilk,3.73784614199146,0.0,5
whims,4.289156499337517,2.94,5
whine,4.432084363676441,3.28,5
whins,4.48761805325676,1.15,5
whiny,3.8752411474138455,2.89,5
whios,4.643459757855238,0.0,4
whips,4.29363622870983,3.19,4
whipt,3.8634997589607054,0.0,4
whirl,4.1564998212698345,2.96,5
whirr,3.521915588450853,2.01,5
whirs,4.635264179815295,1.37,4
whish,3.463825320770817,2.02,4
whisk,3.939453888876462,3.11,3
whiss,3.9170112113035898,0.0,5
whist,4.296560705602662,2.4,3
white,4.4850201125523546,5.51,4
whits,4.534734200083279,1.18,4
whity,3.925628992468678,1.23,4
whizz,2.444812810952618,2.49,5
whole,4.507719254076728,5.46,4
whomp,3.610651900022275,1.87,4
whoof,2.986143473504122,1.13,4
whoop,3.240741540014936,3.2,4
whoot,3.5263586194218943,1.45,4
whops,4.339512241795276,0.0,5
whore,4.611464810748851,3.86,5
whorl,4.198596397680352,2.56,4
whort,4.2571499111437365,0.0,4
whose,4.684682113338818,5.07,5
whoso,3.697152428324523,2.0,4
whows,3.6534779620987,0.0,6
whump,3.333120259555721,1.35,4
whups,4.0669498068434615,0.0,4
whyda,3.8161011521347614,0.0,4
wicca,3.586477837148705,2.6,4
wicks,4.224631943099507,2.82,6
wicky,3.604018831855622,1.56,5
widdy,3.267818121511091,0.0,5
widen,4.596080570963363,3.25,3
wider,4.710610369085868,4.24,5
wides,5.050256010675854,1.98,5
widow,3.430250207268825,4.08,4
width,3.946076801290496,4.02,4
wield,4.5679508296882245,3.21,4
wiels,5.143179943068361,0.0,4
wifed,4.135050135627305,1.22,5
wifes,4.73186922984174,2.51,5
wifey,4.105615129977309,2.52,4
wifie,3.5763873782670275,0.0,5
wifts,4.344012570496726,0.0,5
wifty,3.724774373896405,0.0,3
wigan,4.328454591127992,3.42,4
wigga,3.490896532459224,1.16,5
wiggy,3.051098878943407,1.92,6
wight,3.740918823048189,3.23,4
wikis,3.786104219570156,2.38,5
wilco,4.2469212771232,2.52,3
wilds,4.696949441074503,2.9,5
wiled,4.67729092683755,0.0,5
wiles,5.275536556248677,2.71,4
wilga,4.357309156196086,1.01,4
wilis,4.171908888502261,1.13,5
wilja,3.909704653404376,0.0,5
wills,4.155820768773179,3.61,6
willy,3.533624037498294,3.61,5
wilts,4.883659451414614,2.35,4
wimps,4.389171114344768,2.39,4
wimpy,3.767499954437244,2.76,5
wince,4.522819178136462,2.61,4
winch,3.815595929076244,3.04,4
winds,4.655740038885606,4.22,6
windy,4.045654633061394,3.57,4
wined,4.642833509704059,2.05,4
wines,5.236495513842252,3.8,6
winey,4.615641461846785,1.47,5
winge,4.4354436070809165,1.58,4
wings,4.489604445314672,4.44,6
wingy,3.872831710575637,1.36,6
winks,4.490115102858832,2.8,5
winky,3.86934927638452,2.46,5
winna,3.921467560179809,1.43,5
winns,4.101696704550056,1.04,6
winos,4.945681500471114,1.57,5
winze,4.061731319157047,0.0,4
wiped,4.411077489311504,3.86,5
wiper,4.665714861549616,2.81,4
wipes,5.015062550841273,3.4,4
wired,4.826956865604256,3.8,4
wirer,4.276755590532723,0.0,4
wires,5.416519451723993,3.85,5
wirra,4.1629407943478,0.0,4
wirri,3.152422671910067,0.0,5
wised,4.85718060619393,2.01,3
wiser,5.110883632125807,3.48,4
wises,4.655364371977064,1.43,6
wisha,4.547473145814031,0.0,4
wisht,4.311103491059512,0.0,3
wisps,4.02588946899461,2.44,4
wispy,4.189691801969196,2.42,4
wists,4.263426120459622,0.0,5
witan,4.659564954788033,1.66,3
witch,3.8100520524371593,4.11,5
wited,4.628430765785392,0.0,4
wites,5.230987140967519,0.0,5
withe,4.449670697679361,2.11,4
withs,4.500500490638804,1.31,5
withy,3.8852359069572886,1.81,4
witty,3.5247514203971204,3.56,4
wived,4.027047098206992,0.0,5
wiver,4.278240703249232,0.0,6
wives,4.625968086382297,4.08,6
wizen,4.057120864844586,0.0,5
wizes,4.52112880427746,0.0,6
wizzo,2.8366082209915917,0.0,5
woads,5.033646091278933,0.0,5
woady,4.425346432994529,0.0,5
woald,4.666433775683974,0.0,4
wocks,4.303931751482107,0.0,6
wodge,4.336073818032498,1.24,5
wodgy,3.798785955611733,0.0,5
woful,3.805612574937161,0.0,5
wojus,4.006384576556927,0.0,6
woken,4.472559138161032,3.37,5
woker,4.594573684089226,0.0,4
wokka,3.514647936344226,0.0,5
wolds,4.771891499825892,1.94,5
wolfs,4.436782908359298,2.14,5
wolly,3.616000404692536,1.54,6
wolve,4.262659020096865,1.06,5
woman,4.49606318221424,5.35,4
womas,4.982612023931478,0.0,4
wombs,4.332707645854641,2.27,5
womby,3.7161584970688937,0.0,5
women,4.629506502070562,5.57,4
womyn,3.94147714818637,1.73,4
wonga,4.370921365337134,2.09,5
wongi,4.144313206909006,0.0,5
wonks,4.571333328342657,1.96,6
wonky,3.957986200673186,2.84,5
wonts,4.928103129753262,0.0,4
woods,4.136818884853762,4.45,6
woody,3.5265775955005108,3.82,6
wooed,4.103807101733653,2.52,5
wooer,4.350563352567072,1.18,4
woofs,3.7967665516505273,1.48,5
woofy,3.177764418744806,1.28,6
woold,3.7637035741854152,0.0,4
wools,4.327585409300948,2.01,6
wooly,3.707500242220176,2.49,5
woons,4.288500859387447,0.0,6
woops,4.080390892360026,2.4,6
woopy,3.460813579041297,0.0,5
woose,4.419567138357834,0.0,5
woosh,3.792960119065937,1.86,4
wootz,3.159532955296785,1.25,4
woozy,2.963642685240211,2.4,5
words,4.921373738969977,5.25,4
wordy,4.322649499598206,2.56,4
works,4.749678193545483,5.29,5
worky,4.139847295318259,1.27,4
world,4.5320546933452,5.89,4
worms,4.859939802183202,3.78,5
wormy,4.251138637818703,2.03,3
worry,3.8049822960691513,4.84,4
worse,5.221714333505972,4.89,4
worst,4.8730861417658975,4.93,3
worth,4.381633606036744,5.16,4
worts,5.107927440064393,1.58,5
would,4.2522564502321245,6.27,4
wound,4.220002345076742,4.24,5
woven,4.232243846960913,3.56,5
wowed,3.815745687701288,2.62,5
wowee,3.549166411156109,1.89,5
wowse,4.144330986121823,0.0,5
woxen,4.072906371958238,0.0,6
wrack,4.096196639379001,2.21,5
wrang,4.311645852137943,1.17,5
wraps,4.929675413508624,3.57,5
wrapt,4.506179824737026,1.15,5
wrast,4.9334659622555845,0.0,4
wrate,5.109311917285683,0.0,5
wrath,4.44838416424652,3.7,4
wrawl,3.769138073376941,0.0,5
wreak,4.621375412170394,2.94,5
wreck,4.044102616212576,3.96,3
wrens,5.0721921588059615,2.22,3
wrest,4.881879237878935,2.63,4
wrick,3.888454796381241,0.0,5
wried,4.77722888393185,0.0,4
wrier,4.241849629265479,0.0,5
wries,5.365754889941116,0.0,5
wring,4.0937381609392665,2.75,4
wrist,4.726078925332316,4.01,4
write,4.922048127827289,5.03,4
writs,4.967797211053649,2.55,4
wroke,4.57892282548394,0.0,5
wrong,4.146099073008122,5.39,4
wroot,3.9574363738961376,0.0,4
wrote,4.945143517865875,5.04,3
wroth,4.278991525261268,2.1,4
wrung,3.874590118248273,2.36,4
wryer,3.869272846640988,0.0,5
wryly,3.3445235420063213,2.41,4
wuddy,3.041595869801552,0.0,6
wudus,3.6197945044817152,0.0,5
wuffs,3.2158114469727663,0.0,6
wulls,3.922365136272784,0.0,6
wunga,4.088972592861993,0.0,5
wurst,4.563236578636617,2.21,3
wuses,4.429638504605852,0.0,6
wushu,3.212246087193896,2.2,4
wussy,3.6315332726355214,1.92,5
wuxia,3.728726683444013,1.76,4
wyled,4.298322650140828,0.0,4
wyles,4.872629164091492,1.51,5
wynds,4.231289889997187,0.0,4
wynns,3.680624270341809,1.44,5
wyted,4.247119193547737,0.0,4
wytes,4.823953301667068,0.0,5
wythe,4.057420128730519,2.27,4
xebec,3.3352221313868498,1.16,4
xenia,4.668627445008885,2.47,5
xenic,4.131831558637719,0.0,5
xenon,3.697337444909002,2.9,4
xeric,4.309933377621048,1.65,4
xerox,3.706650432120048,3.01,4
xerus,4.80436328140268,0.0,5
xoana,3.963786506930976,0.0,5
xolos,4.031702440847743,1.46,5
xrays,4.553606500370167,1.93,5
xviii,1.914217776416808,2.94,4
xylan,4.020681884459771,1.45,4
xylem,3.914268183133404,2.21,5
xylic,3.5325493888738677,0.0,4
xylol,3.1425782017131665,0.0,4
xylyl,2.119172798667857,0.0,4
xysti,3.94660776876922,0.0,4
xysts,3.5393374957828367,0.0,4
yaars,4.948039464821252,0.0,4
yaass,4.233292066969072,0.0,5
yabas,4.496616010710691,0.0,5
yabba,3.20477831621387,1.82,4
yabby,2.9224649946182057,1.33,5
yacca,3.3390430731804224,0.0,4
yacht,4.322483036339156,3.82,3
yacka,3.793390245021029,0.0,4
yacks,4.697770401866257,0.0,4
yadda,3.450516100172937,2.47,4
yaffs,3.928461704715061,0.0,7
yager,5.03746810485668,2.01,3
yages,5.340912743769968,0.0,4
yagis,5.073796338473349,0.0,5
yagna,4.057203406771073,1.64,4
yahoo,3.99082414219906,3.86,4
yaird,5.020523856135637,0.0,3
yajna,3.619423052215655,1.65,4
yakka,3.2067194046805447,1.43,4
yakow,4.0920165240502175,0.0,4
yales,5.708599068701719,1.01,3
yamen,5.039980015337279,1.77,4
yampa,3.956381751284905,1.57,3
yampy,3.674595329277259,0.0,5
yamun,4.518579925116951,0.0,3
yandy,3.954934452171912,1.55,5
yangs,4.974480167964594,1.79,5
yanks,4.962840391459538,3.03,4
yapok,4.4008387504546,0.0,4
yapon,4.714246309673467,0.0,4
yapps,4.281270911699152,0.0,4
yappy,3.083388737374985,1.86,5
yarak,4.260072991215579,0.0,4
yarco,4.877952872655963,0.0,3
yards,5.31507640914947,4.51,5
yarer,4.747034926629979,0.0,4
yarfa,4.078549950599319,0.0,4
yarks,5.14100962214757,0.0,4
yarns,5.46400163901334,2.93,4
yarra,3.900283136181935,2.81,4
yarrs,4.809020294867164,0.0,5
yarta,4.602689967881729,0.0,3
yarto,5.146833353850405,0.0,3
yates,5.663898833424,3.48,3
yatra,4.522803778191614,2.52,3
yauds,5.029399311350873,0.0,5
yauld,4.687067966995416,0.0,4
yaups,4.980517382456888,0.0,4
yawed,4.620731948074628,1.02,4
yawey,3.9901825285170456,0.0,3
yawls,4.839512048711634,1.12,5
yawns,4.808186769841564,2.66,4
yawny,3.611875423423942,0.0,5
yawps,4.591877260667153,0.0,5
yayas,3.99211591199218,0.0,6
ybore,4.750438786156727,0.0,5
yclad,4.421321025192615,0.0,3
ycled,4.475603056891484,0.0,5
ycond,4.225206240262493,0.0,4
ydrad,4.028481482962556,0.0,4
ydred,4.0767353152377535,0.0,5
yeads,5.374037956840212,0.0,4
yeahs,5.232939237522136,2.12,4
yealm,4.938342080958183,0.0,4
yeans,5.535197241564759,0.0,4
yeard,5.148898305495106,1.29,4
yearn,5.250987780367455,2.97,5
years,5.6723432125062105,5.96,4
yeast,5.344884293957875,3.67,4
yecch,3.4750900360955086,0.0,5
yechs,4.661093923043915,0.0,5
yechy,3.473878450862064,0.0,5
yedes,4.702501087202202,0.0,5
yeeds,4.604131823765743,0.0,4
yeeek,3.390243423671869,0.0,4
yeesh,4.276495728321788,2.22,3
yeggs,4.100865543837166,0.0,5
yelks,4.940779607210423,0.0,4
yells,4.581144253785271,3.45,5
yelms,5.075099360065818,0.0,4
yelps,5.074514943337002,2.08,4
yelts,5.3033821470695335,0.0,5
yenta,5.121559267143275,1.21,4
yente,4.506070950345437,1.08,5
yerba,4.931328942963437,2.34,4
yerds,5.256409065718458,0.0,5
yerks,5.084613906964499,0.0,4
yeses,4.309254577812985,1.97,6
yesks,4.323158134045892,0.0,5
yests,4.682596068427786,0.0,4
yesty,4.272527994612624,0.0,4
yetis,5.346328571767973,1.87,4
yetts,4.560241404387956,0.0,5
yeuch,4.172951304880225,0.0,4
yeuks,4.796471806357137,0.0,4
yeuky,3.600549190802393,0.0,4
yeven,3.857701314543089,0.0,4
yeves,4.281997229357035,0.0,6
yewen,3.9761722992893063,0.0,4
yexed,3.561628940407862,0.0,5
yexes,4.118391310277149,0.0,6
yfere,3.988024271629089,0.0,4
yield,4.786171026652163,4.16,4
yiked,4.4873048020444095,0.0,4
yikes,5.055761376659531,3.44,6
yills,4.357044390134701,0.0,4
yince,4.746700261888349,0.0,4
yipes,5.2037332302891945,1.62,4
yippy,2.8051352774788394,1.48,6
yirds,5.0403199838512815,0.0,4
yirks,4.866976346185738,0.0,4
yirrs,4.536641374548142,0.0,4
yirth,4.540033703236412,0.0,3
yites,5.417235602629399,0.0,4
yitie,4.299046211482474,0.0,4
ylems,4.945477011773392,0.0,4
ylide,4.802078211302023,1.19,4
ylids,4.844043759859936,0.0,4
ylike,4.638282217470234,0.0,5
ylkes,4.947384319272151,0.0,4
ymolt,4.400847296037663,0.0,4
ympes,4.813044026148751,0.0,5
yobbo,2.870424229154965,1.14,4
yobby,2.7219438248782684,0.0,6
yocks,4.499603480781152,0.0,5
yodel,4.916378117627224,2.34,4
yodhs,4.627709926810258,0.0,5
yodle,4.914335599837124,0.0,4
yogas,5.060013204628855,1.93,4
yogee,4.343702697042993,0.0,4
yoghs,4.46619769001525,0.0,5
yogic,4.139121490955817,2.3,4
yogin,4.413722475086003,1.33,4
yogis,4.86781251510203,2.28,4
yohah,3.824026033052856,0.0,5
yohay,3.852549463511728,0.0,5
yoick,4.189385091948547,0.0,4
yojan,4.174228301823604,0.0,4
yokan,4.584919466292617,1.15,4
yoked,4.561728150011586,2.33,5
yokeg,4.363883738191896,0.0,4
yokel,4.721703510903022,1.91,4
yoker,4.816586966094283,1.3,4
yokes,5.1284679777601925,2.07,6
yokul,4.201602799831045,0.0,4
yolks,4.799872901827352,2.83,4
yolky,3.6066540415988992,1.05,5
yolps,4.928308996759618,0.0,4
yomim,3.756006088070896,0.0,4
yomps,4.673515741007484,0.0,5
yonic,4.484239384638529,0.0,4
yonis,5.2019998528285285,1.14,4
yonks,4.766951796789563,1.67,4
yonny,3.1921468138879043,1.12,5
yoofs,4.002427906849297,0.0,5
yoops,4.284481460274096,0.0,5
yopos,4.271409775628242,0.0,4
yoppo,3.03202096057154,0.0,4
yores,5.675103379342913,0.0,3
yorga,4.793077077892776,0.0,4
yorks,4.944397451359817,2.49,5
yorps,5.071506216804069,0.0,4
youks,4.657326420697466,0.0,5
young,4.2082187703478136,5.43,4
yourn,4.679517363341108,1.25,4
yours,5.129639504356115,4.75,5
yourt,4.730424466156655,0.0,4
youse,5.105214782605779,2.28,5
youth,4.327575528250015,4.75,4
yowed,4.433111430942519,0.0,5
yowes,4.993468295937625,0.0,6
yowie,4.622054951744513,1.47,5
yowls,4.631265907831793,1.26,5
yowsa,4.606222485492607,0.0,4
yowza,3.695901003973218,1.86,4
yoyos,3.649828347987336,1.66,6
yrapt,4.735425560273087,0.0,5
yrent,4.882804493534983,0.0,4
yrivd,4.010079693351535,0.0,4
yrneh,4.746567662422092,0.0,4
ysame,4.985889024281232,0.0,4
ytost,4.075681354338733,0.0,4
yuans,5.12468599110589,1.23,4
yucas,4.883918623136932,0.0,5
yucca,3.605312452892522,2.65,4
yucch,3.028748294012241,0.0,4
yucko,3.880951240168237,0.0,4
yucks,4.207300741423874,1.25,5
yucky,3.011295779902292,2.48,4
yufts,4.325159415742907,0.0,4
yugas,4.804077921029162,1.35,5
yuked,4.272531013525326,0.0,4
yukes,4.849735326005908,0.0,6
yukky,2.423300414021276,0.0,4
yukos,4.5953631350062265,1.88,5
yulan,4.703240508999294,1.25,4
yules,5.257852708797575,0.0,4
yummo,3.4690449957001936,1.24,4
yummy,2.599306129596595,3.54,4
yumps,4.37857952200318,0.0,4
yupon,4.267345539440208,0.0,4
yuppy,2.584190611426924,1.5,4
yurta,4.86757188738123,0.0,3
yurts,5.009662525881965,2.0,4
yuzus,3.2878890785150428,0.0,5
zabra,3.7269340036546943,0.0,4
zacks,4.272670781047535,2.48,6
zaida,3.895729156068568,1.39,4
zaide,4.726860194742624,1.15,4
zaidy,4.215375613249429,0.0,4
zaire,5.033958573376402,2.89,4
zakat,3.6196274507090274,2.33,5
zamac,3.463429610163132,0.0,4
zamak,3.4027476143151083,1.07,4
zaman,3.7225176014874553,2.53,4
zambo,3.903677485558553,1.49,5
zamia,3.836783250304189,1.23,4
zamis,4.783162816179176,0.0,4
zanja,3.163966920926608,1.04,5
zante,4.835489359148723,1.98,3
zanza,3.029812167505656,1.16,5
zanze,3.90643124691356,0.0,4
zappy,3.234525311102324,1.54,5
zarda,3.960427839563836,1.3,5
zarfs,4.551308837241116,0.0,5
zaris,5.16095436479917,0.0,4
zatis,4.98286816301627,0.0,5
zawns,4.374107306904579,0.0,6
zaxes,4.480278444044983,0.0,7
zayde,4.364134366800536,1.05,4
zayin,4.249958815220611,0.0,4
zazen,3.887501247794917,1.97,5
zeals,5.164895957098258,0.0,6
zebec,3.4044956006110465,0.0,5
zebra,4.439381767768402,3.4,3
zebub,3.0315616586984477,0.0,4
zebus,4.344825142019636,0.0,5
zedas,4.958064695476421,0.0,4
zeera,4.291064297699426,0.0,4
zeins,4.9371702995649445,0.0,5
zendo,4.296897354492188,1.36,4
zerda,4.665715363711628,0.0,3
zerks,4.668056703044623,0.0,5
zeros,5.120152529068112,3.06,4
zests,4.261291404320236,0.0,5
zesty,4.421523447934775,2.41,4
zetas,5.130962879789172,2.46,4
zexes,3.690406682000084,0.0,5
zezes,3.5601657253688,0.0,5
zhomo,3.0256496516209546,0.0,4
zhush,3.0140804574040634,0.0,4
zhuzh,1.886408389940452,0.0,5
zibet,4.254297239846703,0.0,4
ziffs,3.219319423809188,0.0,6
zigan,4.103689552169634,0.0,5
zikrs,4.376474848505707,0.0,5
zilas,4.945959530304176,0.0,5
zilch,3.632889409758512,2.47,4
zilla,3.748243845100569,2.36,5
zills,3.9285129439096873,0.0,6
zimbi,2.840750089986734,0.0,4
zimbs,4.033997096889028,0.0,5
zinco,3.987047702591321,0.0,4
zincs,4.342569973262348,0.0,5
zincy,3.73249407257857,0.0,5
zineb,4.19607938033884,1.34,4
zines,5.010627410444136,2.31,7
zings,4.264646956604036,1.71,6
zingy,3.649206178965397,1.84,6
zinke,4.209469679497615,2.15,5
zinky,3.6437848333199176,0.0,6
zinos,4.721588774229958,0.0,6
zippo,3.213397233974579,2.45,5
zippy,2.9561003463432294,2.52,6
ziram,4.415621435917974,0.0,4
zitis,3.904903226762547,0.0,4
zitty,3.299827952637098,0.0,6
zizel,3.662842133954533,0.0,4
zizit,2.579619219220727,0.0,5
zlote,4.5710637130238325,0.0,4
zloty,4.033422130638996,2.05,4
zoaea,4.367488053230198,0.0,5
zobos,3.717596616386315,0.0,5
zobus,4.210692555557218,0.0,5
zocco,2.541857891458594,0.0,5
zoeae,4.360864004995457,0.0,3
zoeal,4.719354530616761,0.0,5
zoeas,5.166940292883709,0.0,4
zoism,4.325418386901839,0.0,3
zoist,4.577866922307265,0.0,4
zokor,3.381651092956099,0.0,4
zolle,3.94144594141922,0.0,5
zombi,3.677646466542949,1.72,4
zonae,4.861550846452147,0.0,4
zonal,4.495093634765748,2.74,4
zonda,4.314958816934245,1.93,5
zoned,4.496160852834412,3.16,3
zoner,4.736068039630243,1.38,5
zones,5.0850998745622205,4.12,5
zonks,4.341872727809462,0.0,6
zooea,4.202584819450066,0.0,4
zooey,3.8467694626564666,2.58,5
zooid,3.6107174515533833,1.31,4
zooks,3.73526034490416,1.21,6
zooms,3.8538872493464273,2.72,6
zoomy,3.233185566626608,1.25,5
zoons,4.061959333643719,0.0,6
zooty,3.480966260055255,0.0,5
zoppa,3.443586296712756,0.0,5
zoppo,2.570466649897718,0.0,5
zoril,4.486140292178902,0.0,4
zoris,4.955204905094347,0.0,5
zorro,3.1085005102801597,2.75,4
zorse,4.991431393359059,0.0,5
zouks,4.233062931052313,1.2,6
zowee,3.71347665590581,0.0,5
zowie,4.186434414894321,1.97,6
zulus,3.5965579305072453,2.37,5
zupan,3.9947147394078737,1.31,4
zupas,4.479159096652183,0.0,4
zuppa,3.1727090820079806,1.42,4
zurfs,4.052376841338733,0.0,5
zuzim,2.8911124723456765,0.0,4
zygal,3.7416492376794768,0.0,5
zygon,3.530429270286822,1.72,4
zymes,4.395380122077572,0.0,5
zymic,3.354001306896244,0.0,4
